image_id,file_name,grid_row,grid_col,jumlah_sampah,kepadatan_pct,count_plastic_packaging,count_metal_glass,count_construction,count_hazardous,count_organic_mixed
23,site3_26.png,4,4,2,24.2188,0,0,0,2,0
23,site3_26.png,5,4,2,23.625,0,0,0,2,0
45,site3_56.png,6,2,2,30.625,0,0,0,2,0
67,site3_81.png,6,6,2,100.0,0,0,2,0,0
67,site3_81.png,7,3,2,100.0,0,0,2,0,0
68,site3_82.png,6,3,2,100.0,0,0,2,0,0
94,site3_112.png,1,3,2,100.0,0,0,2,0,0
94,site3_112.png,2,6,2,100.0,0,0,2,0,0
94,site3_112.png,5,1,2,100.0,0,0,2,0,0
94,site3_112.png,7,4,2,100.0,0,0,2,0,0
95,site3_113.png,2,2,2,100.0,0,0,2,0,0
95,site3_113.png,7,6,2,100.0,0,0,0,0,2
99,site3_117.png,2,5,2,100.0,0,0,2,0,0
122,site3_143.png,1,4,2,100.0,0,0,2,0,0
123,site3_144.png,0,6,2,100.0,0,0,0,0,2
181,site3_206.png,4,3,2,100.0,0,0,2,0,0
181,site3_206.png,5,3,2,100.0,0,0,0,0,2
181,site3_206.png,6,5,2,100.0,2,0,0,0,0
181,site3_206.png,7,4,2,100.0,0,0,0,0,2
209,site3_236.png,3,2,2,100.0,0,0,2,0,0
210,site3_237.png,1,2,2,60.1562,0,0,2,0,0
210,site3_237.png,1,4,2,100.0,0,0,0,0,2
210,site3_237.png,1,5,2,100.0,0,0,0,0,2
210,site3_237.png,1,6,2,100.0,0,0,0,0,2
210,site3_237.png,2,4,2,100.0,0,0,0,0,2
210,site3_237.png,6,3,2,100.0,0,0,0,0,2
238,site3_266.png,4,7,2,100.0,0,0,2,0,0
239,site3_267.png,1,7,2,37.9688,2,0,0,0,0
239,site3_267.png,3,1,2,100.0,0,0,2,0,0
239,site3_267.png,3,5,2,12.2188,2,0,0,0,0
239,site3_267.png,7,6,2,100.0,0,0,2,0,0
240,site3_268.png,1,0,2,12.3047,2,0,0,0,0
263,site3_292.png,7,2,2,100.0,0,0,0,0,2
265,site3_294.png,6,5,2,100.0,0,0,2,0,0
265,site3_294.png,7,6,2,100.0,0,0,2,0,0
269,site3_298.png,1,1,2,100.0,0,0,2,0,0
269,site3_298.png,1,6,2,100.0,0,0,2,0,0
269,site3_298.png,2,1,2,100.0,0,0,0,0,2
269,site3_298.png,4,2,2,100.0,0,0,2,0,0
269,site3_298.png,5,6,2,100.0,0,0,2,0,0
270,site3_299.png,0,0,2,100.0,0,0,2,0,0
270,site3_299.png,5,5,2,100.0,0,0,2,0,0
270,site3_299.png,7,3,2,100.0,0,0,0,0,2
290,site3_320.png,2,6,2,100.0,0,0,2,0,0
290,site3_320.png,3,4,2,100.0,0,0,2,0,0
291,site3_321.png,1,5,2,100.0,0,0,2,0,0
291,site3_321.png,2,7,2,100.0,0,0,2,0,0
291,site3_321.png,5,7,2,100.0,0,0,2,0,0
291,site3_321.png,7,2,2,100.0,0,0,2,0,0
292,site3_322.png,1,7,2,100.0,0,0,0,0,2
292,site3_322.png,2,1,2,100.0,0,0,2,0,0
292,site3_322.png,3,2,2,100.0,0,0,2,0,0
292,site3_322.png,5,1,2,100.0,0,0,2,0,0
292,site3_322.png,5,7,2,100.0,0,0,2,0,0
292,site3_322.png,7,5,2,100.0,0,0,2,0,0
293,site3_323.png,1,2,2,100.0,0,0,0,0,2
293,site3_323.png,3,6,2,100.0,0,0,2,0,0
293,site3_323.png,5,0,2,100.0,0,0,2,0,0
293,site3_323.png,5,2,2,100.0,0,0,2,0,0
294,site3_324.png,4,2,2,100.0,0,0,0,0,2
295,site3_325.png,0,6,2,100.0,0,0,2,0,0
296,site3_326.png,5,5,2,100.0,0,0,2,0,0
298,site3_328.png,6,3,2,100.0,0,0,0,0,2
300,site3_330.png,0,3,2,100.0,0,0,0,0,2
300,site3_330.png,7,4,2,100.0,0,0,0,0,2
319,site3_351.png,4,3,2,100.0,0,0,2,0,0
319,site3_351.png,6,6,2,100.0,0,0,2,0,0
320,site3_352.png,0,2,2,100.0,0,0,2,0,0
320,site3_352.png,3,4,2,100.0,0,0,2,0,0
320,site3_352.png,4,1,2,100.0,0,0,2,0,0
320,site3_352.png,5,7,2,39.4282,0,0,2,0,0
320,site3_352.png,7,6,2,100.0,0,0,2,0,0
320,site3_352.png,7,7,2,29.75,0,0,2,0,0
321,site3_353.png,0,5,2,100.0,0,0,2,0,0
321,site3_353.png,3,2,2,100.0,0,0,2,0,0
321,site3_353.png,5,0,2,100.0,0,0,2,0,0
321,site3_353.png,5,1,2,79.2812,0,0,2,0,0
321,site3_353.png,7,0,2,72.6569,0,0,2,0,0
322,site3_354.png,2,3,2,100.0,0,0,2,0,0
326,site3_358.png,1,7,2,100.0,0,0,0,0,2
327,site3_359.png,1,0,2,100.0,0,0,0,0,2
328,site3_360.png,1,7,2,100.0,0,0,0,0,2
329,site3_361.png,0,4,2,100.0,0,0,0,0,2
329,site3_361.png,1,0,2,100.0,0,0,0,0,2
329,site3_361.png,4,3,2,100.0,0,0,0,0,2
350,site3_383.png,0,6,2,76.0,0,0,2,0,0
350,site3_383.png,0,7,2,50.75,0,0,2,0,0
350,site3_383.png,3,6,2,100.0,0,0,2,0,0
351,site3_384.png,0,0,2,100.0,0,0,2,0,0
351,site3_384.png,4,0,2,100.0,0,0,2,0,0
352,site3_385.png,7,2,2,100.0,0,2,0,0,0
357,site3_390.png,6,6,2,100.0,0,0,2,0,0
358,site3_391.png,6,1,2,100.0,0,0,2,0,0
358,site3_391.png,6,6,2,100.0,0,0,0,0,2
359,site3_392.png,2,5,2,100.0,0,0,0,0,2
359,site3_392.png,7,0,2,100.0,0,0,0,0,2
360,site3_393.png,3,2,2,100.0,0,0,2,0,0
380,site3_415.png,2,7,2,39.875,0,0,2,0,0
381,site3_416.png,0,1,2,100.0,0,0,0,0,2
381,site3_416.png,0,2,2,100.0,0,2,0,0,0
381,site3_416.png,2,0,2,100.0,0,0,2,0,0
381,site3_416.png,2,3,2,100.0,0,0,0,0,2
381,site3_416.png,4,2,2,100.0,2,0,0,0,0
381,site3_416.png,5,3,2,100.0,0,0,0,0,2
381,site3_416.png,6,3,2,100.0,2,0,0,0,0
386,site3_421.png,0,6,2,100.0,0,0,2,0,0
387,site3_422.png,1,6,2,100.0,0,0,0,0,2
387,site3_422.png,7,6,2,100.0,0,0,2,0,0
388,site3_423.png,5,6,2,100.0,0,0,2,0,0
388,site3_423.png,7,0,2,100.0,0,0,2,0,0
389,site3_424.png,1,1,2,100.0,0,0,0,0,2
407,site3_445.png,2,7,2,100.0,0,0,2,0,0
407,site3_445.png,3,7,2,100.0,0,0,2,0,0
408,site3_446.png,2,0,2,64.1481,0,0,2,0,0
408,site3_446.png,3,0,2,100.0,0,0,2,0,0
408,site3_446.png,3,1,2,100.0,0,0,2,0,0
409,site3_447.png,0,3,2,100.0,2,0,0,0,0
409,site3_447.png,2,3,2,100.0,0,0,0,0,2
409,site3_447.png,4,4,2,100.0,0,0,2,0,0
409,site3_447.png,5,3,2,100.0,2,0,0,0,0
409,site3_447.png,6,2,2,97.875,2,0,0,0,0
415,site3_453.png,0,6,2,100.0,0,0,2,0,0
416,site3_454.png,0,0,2,100.0,0,0,2,0,0
416,site3_454.png,4,5,2,100.0,0,0,2,0,0
437,site3_478.png,0,4,2,100.0,2,0,0,0,0
437,site3_478.png,1,3,2,100.0,0,0,0,0,2
437,site3_478.png,4,4,2,100.0,0,0,2,0,0
437,site3_478.png,6,4,2,100.0,0,0,2,0,0
443,site3_484.png,2,7,2,100.0,0,0,0,0,2
445,site3_486.png,7,4,2,100.0,0,2,0,0,0
464,site3_508.png,3,4,2,100.0,0,0,0,0,2
464,site3_508.png,5,3,2,100.0,0,0,0,0,2
464,site3_508.png,5,4,2,100.0,0,0,2,0,0
465,site3_509.png,1,3,2,100.0,0,0,0,0,2
465,site3_509.png,2,3,2,41.6562,2,0,0,0,0
465,site3_509.png,2,5,2,100.0,2,0,0,0,0
465,site3_509.png,3,3,2,90.0,0,0,0,0,2
465,site3_509.png,4,3,2,100.0,0,0,0,0,2
465,site3_509.png,4,4,2,100.0,2,0,0,0,0
471,site3_515.png,5,7,2,100.0,0,0,0,0,2
472,site3_516.png,5,0,2,100.0,0,0,0,0,2
473,site3_517.png,0,4,2,100.0,0,2,0,0,0
473,site3_517.png,2,3,2,100.0,0,0,0,0,2
473,site3_517.png,5,2,2,89.25,0,0,2,0,0
473,site3_517.png,5,4,2,100.0,2,0,0,0,0
475,site3_519.png,3,3,2,100.0,0,0,2,0,0
492,site3_539.png,3,4,2,100.0,0,0,0,0,2
492,site3_539.png,4,3,2,100.0,0,0,2,0,0
492,site3_539.png,4,6,2,100.0,0,0,0,0,2
493,site3_540.png,1,6,2,100.0,0,0,0,0,2
493,site3_540.png,3,0,2,100.0,0,0,0,0,2
497,site3_544.png,7,2,2,100.0,0,0,2,0,0
498,site3_545.png,4,7,2,100.0,2,0,0,0,0
499,site3_546.png,3,0,2,100.0,2,0,0,0,0
499,site3_546.png,4,0,2,100.0,2,0,0,0,0
502,site3_549.png,3,4,2,100.0,0,0,2,0,0
503,site3_550.png,3,2,2,100.0,0,0,0,0,2
504,site3_551.png,2,3,2,38.2812,0,0,2,0,0
504,site3_551.png,2,4,2,44.625,0,0,2,0,0
504,site3_551.png,3,5,2,30.0312,0,0,2,0,0
519,site3_569.png,7,7,2,100.0,0,0,0,0,2
520,site3_570.png,2,7,2,62.1307,0,0,2,0,0
520,site3_570.png,4,7,2,32.8125,0,2,0,0,0
520,site3_570.png,5,7,2,100.0,0,0,2,0,0
520,site3_570.png,7,1,2,100.0,0,0,0,0,2
521,site3_571.png,2,0,2,100.0,0,0,2,0,0
521,site3_571.png,4,0,2,51.4062,0,2,0,0,0
521,site3_571.png,5,0,2,100.0,0,0,2,0,0
522,site3_572.png,6,3,2,100.0,2,0,0,0,0
524,site3_574.png,6,1,2,100.0,0,0,2,0,0
524,site3_574.png,6,7,2,100.0,2,0,0,0,0
524,site3_574.png,7,3,2,100.0,2,0,0,0,0
525,site3_575.png,0,2,2,100.0,0,0,2,0,0
525,site3_575.png,5,4,2,100.0,2,0,0,0,0
526,site3_576.png,1,6,2,100.0,0,2,0,0,0
527,site3_577.png,4,5,2,100.0,2,0,0,0,0
528,site3_578.png,2,5,2,100.0,0,0,0,0,2
528,site3_578.png,3,1,2,100.0,2,0,0,0,0
528,site3_578.png,3,4,2,100.0,2,0,0,0,0
529,site3_579.png,2,1,2,100.0,2,0,0,0,0
529,site3_579.png,2,2,2,100.0,0,0,0,0,2
529,site3_579.png,4,5,2,100.0,2,0,0,0,0
529,site3_579.png,6,5,2,100.0,2,0,0,0,0
532,site3_582.png,6,7,2,100.0,0,0,2,0,0
533,site3_583.png,6,0,2,100.0,0,0,2,0,0
547,site3_600.png,0,7,2,100.0,0,0,0,0,2
547,site3_600.png,4,6,2,100.0,2,0,0,0,0
548,site3_601.png,0,1,2,100.0,0,0,0,0,2
548,site3_601.png,1,2,2,100.0,0,0,2,0,0
548,site3_601.png,1,5,2,100.0,0,0,0,0,2
548,site3_601.png,2,6,2,100.0,2,0,0,0,0
548,site3_601.png,3,2,2,100.0,2,0,0,0,0
549,site3_602.png,1,3,2,100.0,0,0,0,0,2
549,site3_602.png,1,4,2,100.0,2,0,0,0,0
550,site3_603.png,1,1,2,100.0,2,0,0,0,0
551,site3_604.png,0,4,2,100.0,2,0,0,0,0
555,site3_608.png,5,3,2,100.0,2,0,0,0,0
555,site3_608.png,6,4,2,100.0,0,0,0,0,2
556,site3_609.png,5,2,2,100.0,0,0,0,0,2
556,site3_609.png,7,3,2,100.0,0,0,0,0,2
557,site3_610.png,0,5,2,100.0,2,0,0,0,0
557,site3_610.png,3,6,2,31.7188,2,0,0,0,0
557,site3_610.png,5,6,4,100.0,0,0,4,0,0
557,site3_610.png,7,7,2,100.0,2,0,0,0,0
558,site3_611.png,5,0,2,100.0,0,0,2,0,0
558,site3_611.png,7,0,2,100.0,2,0,0,0,0
574,site3_632.png,7,3,2,100.0,0,0,0,0,2
577,site3_635.png,3,5,2,100.0,0,2,0,0,0
577,site3_635.png,7,4,2,100.0,0,0,0,0,2
580,site3_638.png,7,4,2,87.6562,0,0,2,0,0
581,site3_639.png,4,1,2,100.0,0,0,2,0,0
581,site3_639.png,7,6,2,100.0,0,0,0,0,2
582,site3_640.png,0,3,2,100.0,0,0,0,0,2
583,site3_641.png,0,7,2,100.0,2,0,0,0,0
584,site3_642.png,0,0,2,100.0,2,0,0,0,0
585,site3_643.png,3,6,2,100.0,0,0,0,0,2
585,site3_643.png,3,7,2,91.0,0,0,0,0,2
586,site3_644.png,3,0,4,100.0,0,0,0,0,4
601,site3_663.png,0,3,2,100.0,0,0,0,0,2
603,site3_665.png,1,3,2,100.0,2,0,0,0,0
603,site3_665.png,5,7,2,100.0,0,0,2,0,0
603,site3_665.png,6,4,2,100.0,0,0,2,0,0
604,site3_666.png,0,4,2,100.0,0,0,0,0,2
604,site3_666.png,6,2,2,100.0,0,0,2,0,0
605,site3_667.png,2,5,2,100.0,0,0,2,0,0
606,site3_668.png,2,5,2,100.0,0,0,0,0,2
607,site3_669.png,0,4,2,29.0788,0,0,2,0,0
608,site3_670.png,1,1,2,100.0,0,0,2,0,0
608,site3_670.png,2,3,2,100.0,2,0,0,0,0
608,site3_670.png,2,6,2,100.0,2,0,0,0,0
609,site3_671.png,4,3,2,100.0,0,0,0,0,2
612,site3_674.png,3,6,2,100.0,0,0,0,0,2
629,site3_696.png,0,4,2,100.0,0,0,2,0,0
630,site3_697.png,0,2,2,100.0,0,0,2,0,0
632,site3_699.png,5,5,2,100.0,0,0,0,0,2
633,site3_700.png,5,0,2,100.0,0,0,0,0,2
656,site3_731.png,2,3,4,100.0,0,0,4,0,0
656,site3_731.png,3,3,2,100.0,0,0,2,0,0
656,site3_731.png,4,3,2,100.0,0,0,2,0,0
678,site3_766.png,3,3,2,100.0,0,0,2,0,0
739,site4_59.png,7,4,2,100.0,0,0,0,0,2
740,site4_60.png,7,2,2,100.0,0,0,0,0,2
755,site4_76.png,4,6,2,100.0,0,0,0,0,2
756,site4_77.png,4,4,2,100.0,0,0,0,0,2
757,site4_78.png,1,7,2,75.25,2,0,0,0,0
757,site4_78.png,4,4,2,100.0,0,0,0,0,2
757,site4_78.png,5,4,2,100.0,0,0,0,0,2
757,site4_78.png,5,5,2,99.5625,0,0,0,0,2
757,site4_78.png,5,6,2,100.0,0,0,0,0,2
757,site4_78.png,5,7,4,100.0,0,0,0,0,4
757,site4_78.png,6,7,2,40.7313,0,0,0,0,2
758,site4_79.png,1,0,2,30.9062,2,0,0,0,0
758,site4_79.png,3,1,2,100.0,0,0,0,0,2
758,site4_79.png,3,2,2,100.0,0,0,2,0,0
758,site4_79.png,3,3,2,100.0,0,0,2,0,0
758,site4_79.png,3,4,2,100.0,0,0,2,0,0
758,site4_79.png,3,5,2,100.0,0,0,2,0,0
758,site4_79.png,4,2,2,100.0,0,0,2,0,0
758,site4_79.png,4,4,2,98.4062,0,0,2,0,0
758,site4_79.png,5,0,4,100.0,0,0,0,0,4
758,site4_79.png,5,1,2,100.0,0,0,0,0,2
758,site4_79.png,5,5,2,100.0,0,0,0,0,2
758,site4_79.png,6,0,2,100.0,0,0,0,0,2
758,site4_79.png,6,1,2,100.0,0,0,0,0,2
759,site4_80.png,5,2,2,100.0,0,0,0,0,2
760,site4_81.png,7,1,2,22.1172,2,0,0,0,0
772,site4_94.png,3,6,2,28.6875,2,0,0,0,0
772,site4_94.png,3,7,2,100.0,0,0,2,0,0
772,site4_94.png,4,6,4,100.0,0,0,2,0,2
772,site4_94.png,5,5,2,100.0,0,0,2,0,0
772,site4_94.png,5,6,2,96.0,0,0,2,0,0
772,site4_94.png,6,5,2,100.0,0,0,2,0,0
772,site4_94.png,7,5,2,28.5,0,0,2,0,0
773,site4_95.png,3,0,2,66.7734,0,0,2,0,0
773,site4_95.png,4,4,2,100.0,0,0,0,0,2
774,site4_96.png,2,7,2,100.0,0,0,0,0,2
774,site4_96.png,4,3,2,100.0,0,0,0,0,2
775,site4_97.png,1,2,2,100.0,0,0,0,0,2
775,site4_97.png,1,4,2,100.0,0,0,0,0,2
775,site4_97.png,1,5,2,100.0,0,0,0,0,2
775,site4_97.png,2,0,2,100.0,0,0,0,0,2
775,site4_97.png,5,2,2,100.0,0,0,0,0,2
775,site4_97.png,5,3,4,100.0,0,0,0,0,4
775,site4_97.png,5,4,2,100.0,0,0,0,0,2
775,site4_97.png,5,5,4,100.0,2,0,2,0,0
775,site4_97.png,5,6,2,74.8125,0,0,2,0,0
775,site4_97.png,5,7,4,79.5,0,4,0,0,0
775,site4_97.png,6,2,6,100.0,0,0,0,0,6
775,site4_97.png,6,3,4,100.0,0,0,0,0,4
775,site4_97.png,6,4,4,100.0,0,0,0,0,4
775,site4_97.png,6,5,2,100.0,0,0,0,0,2
775,site4_97.png,6,6,6,99.4062,0,6,0,0,0
775,site4_97.png,6,7,10,100.0,0,10,0,0,0
775,site4_97.png,7,1,2,90.625,0,0,0,0,2
775,site4_97.png,7,2,2,100.0,0,0,0,0,2
775,site4_97.png,7,3,4,100.0,0,0,0,0,4
775,site4_97.png,7,4,4,100.0,0,0,0,0,4
775,site4_97.png,7,5,6,100.0,0,0,0,0,6
775,site4_97.png,7,6,4,100.0,0,0,0,0,4
775,site4_97.png,7,7,6,100.0,0,0,0,0,6
776,site4_98.png,1,2,2,100.0,0,0,0,0,2
776,site4_98.png,1,4,4,100.0,4,0,0,0,0
776,site4_98.png,5,0,6,85.4531,0,6,0,0,0
776,site4_98.png,6,0,10,100.0,0,10,0,0,0
776,site4_98.png,6,1,2,100.0,0,0,0,0,2
776,site4_98.png,7,0,6,100.0,0,0,0,0,6
776,site4_98.png,7,1,8,100.0,0,0,0,0,8
776,site4_98.png,7,2,4,100.0,0,0,0,0,4
776,site4_98.png,7,3,2,99.375,0,0,0,0,2
776,site4_98.png,7,4,4,100.0,0,0,0,0,4
776,site4_98.png,7,5,2,38.4345,0,0,0,0,2
776,site4_98.png,7,7,6,100.0,0,0,0,0,6
777,site4_99.png,0,1,2,87.125,2,0,0,0,0
777,site4_99.png,6,3,2,100.0,0,2,0,0,0
777,site4_99.png,7,0,6,100.0,0,0,0,0,6
777,site4_99.png,7,1,2,100.0,0,0,0,0,2
777,site4_99.png,7,2,6,100.0,0,0,0,0,6
777,site4_99.png,7,3,2,100.0,0,0,0,0,2
789,site4_112.png,0,5,2,100.0,0,0,2,0,0
789,site4_112.png,1,6,2,94.0,0,0,2,0,0
789,site4_112.png,2,6,2,100.0,0,0,2,0,0
789,site4_112.png,3,6,2,71.25,0,0,2,0,0
789,site4_112.png,4,6,4,100.0,0,0,2,0,2
789,site4_112.png,6,4,2,100.0,0,0,2,0,0
789,site4_112.png,6,5,2,57.1875,0,0,2,0,0
789,site4_112.png,7,4,6,53.5312,0,6,0,0,0
789,site4_112.png,7,5,10,100.0,0,10,0,0,0
789,site4_112.png,7,6,2,30.0312,0,2,0,0,0
790,site4_113.png,4,4,2,100.0,0,0,0,0,2
790,site4_113.png,7,6,2,100.0,0,0,2,0,0
791,site4_114.png,4,3,2,100.0,0,0,0,0,2
791,site4_114.png,6,5,8,100.0,0,0,0,0,8
791,site4_114.png,7,4,2,100.0,0,0,0,0,2
791,site4_114.png,7,5,2,87.75,0,0,0,0,2
792,site4_115.png,0,1,2,70.6875,0,0,0,0,2
792,site4_115.png,0,2,2,100.0,0,0,0,0,2
792,site4_115.png,0,3,4,100.0,0,0,0,0,4
792,site4_115.png,0,4,6,100.0,0,0,0,0,6
792,site4_115.png,0,5,4,100.0,0,0,0,0,4
792,site4_115.png,0,6,4,100.0,0,0,0,0,4
792,site4_115.png,0,7,6,100.0,0,0,0,0,6
792,site4_115.png,1,5,2,100.0,0,0,0,0,2
792,site4_115.png,1,6,2,100.0,0,0,0,0,2
792,site4_115.png,1,7,4,100.0,0,0,0,0,4
793,site4_116.png,0,0,8,100.0,0,0,0,0,8
793,site4_116.png,0,1,6,100.0,0,0,0,0,6
793,site4_116.png,0,2,4,100.0,0,0,0,0,4
793,site4_116.png,0,3,2,100.0,0,0,0,0,2
793,site4_116.png,0,4,2,100.0,0,0,0,0,2
793,site4_116.png,0,5,2,100.0,0,0,0,0,2
793,site4_116.png,0,7,6,100.0,0,0,0,0,6
793,site4_116.png,1,0,4,100.0,0,0,0,0,4
793,site4_116.png,1,1,4,100.0,0,0,0,0,4
793,site4_116.png,1,2,4,100.0,0,0,0,0,4
793,site4_116.png,1,3,4,100.0,0,0,0,0,4
793,site4_116.png,1,4,2,100.0,0,0,0,0,2
793,site4_116.png,1,5,4,100.0,0,0,0,0,4
793,site4_116.png,1,6,6,100.0,0,0,0,0,6
793,site4_116.png,1,7,2,100.0,0,0,0,0,2
793,site4_116.png,2,4,2,100.0,0,0,0,0,2
793,site4_116.png,2,5,4,100.0,0,0,0,0,4
794,site4_117.png,0,0,6,100.0,0,0,0,0,6
794,site4_117.png,0,1,2,75.3341,0,0,0,0,2
794,site4_117.png,0,2,6,100.0,0,0,0,0,6
794,site4_117.png,0,3,2,100.0,0,0,0,0,2
794,site4_117.png,1,0,2,86.6562,0,0,0,0,2
794,site4_117.png,1,1,2,100.0,0,0,0,0,2
794,site4_117.png,1,2,4,100.0,0,0,0,0,4
794,site4_117.png,1,3,6,100.0,0,0,0,0,6
794,site4_117.png,1,4,2,100.0,0,0,0,0,2
794,site4_117.png,2,1,4,100.0,0,0,0,0,4
794,site4_117.png,2,2,4,100.0,0,0,0,0,4
794,site4_117.png,2,3,2,100.0,0,0,0,0,2
794,site4_117.png,2,7,4,50.3304,0,4,0,0,0
794,site4_117.png,3,2,4,100.0,0,0,0,0,4
794,site4_117.png,3,7,2,26.1562,0,2,0,0,0
794,site4_117.png,4,7,4,59.125,0,4,0,0,0
795,site4_118.png,1,0,2,36.0938,0,2,0,0,0
795,site4_118.png,1,3,4,66.0,0,4,0,0,0
795,site4_118.png,1,4,2,35.0,0,2,0,0,0
795,site4_118.png,1,5,4,64.0312,0,4,0,0,0
795,site4_118.png,2,0,4,79.2188,0,4,0,0,0
795,site4_118.png,2,1,8,100.0,0,8,0,0,0
795,site4_118.png,2,2,8,100.0,0,8,0,0,0
795,site4_118.png,2,3,6,94.9688,0,6,0,0,0
795,site4_118.png,2,4,8,100.0,0,8,0,0,0
795,site4_118.png,2,5,6,91.0,0,6,0,0,0
795,site4_118.png,2,6,10,100.0,0,10,0,0,0
795,site4_118.png,2,7,6,100.0,0,4,0,0,2
795,site4_118.png,3,0,2,30.0312,0,2,0,0,0
795,site4_118.png,3,1,6,100.0,0,4,0,0,2
795,site4_118.png,3,2,8,100.0,0,6,0,0,2
795,site4_118.png,3,3,4,66.0,0,4,0,0,0
795,site4_118.png,3,4,2,34.0,0,2,0,0,0
795,site4_118.png,3,5,4,56.25,0,4,0,0,0
795,site4_118.png,3,6,6,92.0312,0,6,0,0,0
795,site4_118.png,3,7,4,92.5312,0,2,0,0,2
795,site4_118.png,4,0,4,59.125,0,4,0,0,0
795,site4_118.png,4,1,4,100.0,0,0,0,0,4
795,site4_118.png,4,2,6,100.0,0,0,0,0,6
795,site4_118.png,4,3,2,100.0,0,0,0,0,2
795,site4_118.png,4,4,2,100.0,0,0,0,0,2
795,site4_118.png,4,5,6,100.0,0,0,0,0,6
795,site4_118.png,4,6,6,100.0,0,0,0,0,6
795,site4_118.png,4,7,4,100.0,0,0,0,0,4
795,site4_118.png,5,5,4,100.0,0,0,0,0,4
795,site4_118.png,5,6,2,100.0,0,0,0,0,2
795,site4_118.png,5,7,2,100.0,0,0,0,0,2
796,site4_119.png,2,0,6,100.0,0,4,0,0,2
796,site4_119.png,2,1,2,81.1562,0,0,0,0,2
796,site4_119.png,3,0,2,84.375,0,0,0,0,2
796,site4_119.png,3,1,2,100.0,0,0,0,0,2
796,site4_119.png,3,2,2,94.5312,0,0,0,0,2
796,site4_119.png,3,3,6,96.0,0,6,0,0,0
796,site4_119.png,3,4,2,46.75,0,2,0,0,0
796,site4_119.png,4,0,6,100.0,0,0,0,0,6
796,site4_119.png,4,1,2,100.0,0,0,0,0,2
796,site4_119.png,4,2,2,100.0,0,0,0,0,2
796,site4_119.png,4,3,4,100.0,0,2,0,0,2
796,site4_119.png,4,4,10,100.0,0,4,2,0,4
796,site4_119.png,5,0,2,100.0,0,0,0,0,2
796,site4_119.png,5,1,6,100.0,0,0,0,0,6
796,site4_119.png,5,2,2,100.0,0,0,0,0,2
796,site4_119.png,5,3,2,100.0,0,0,0,0,2
796,site4_119.png,5,4,2,100.0,0,0,0,0,2
796,site4_119.png,5,5,4,100.0,0,0,0,0,4
796,site4_119.png,5,6,4,100.0,0,0,0,0,4
796,site4_119.png,5,7,2,100.0,0,0,0,0,2
796,site4_119.png,6,1,2,95.3125,0,0,0,0,2
796,site4_119.png,6,2,2,81.25,0,0,0,0,2
796,site4_119.png,6,3,2,100.0,0,0,0,0,2
796,site4_119.png,6,4,2,100.0,0,0,0,0,2
796,site4_119.png,6,5,4,100.0,0,0,0,0,4
796,site4_119.png,6,6,4,100.0,0,0,0,0,4
796,site4_119.png,6,7,4,100.0,0,0,0,0,4
796,site4_119.png,7,7,4,100.0,0,0,0,0,4
797,site4_120.png,5,0,2,100.0,0,0,0,0,2
797,site4_120.png,5,1,2,100.0,0,0,0,0,2
797,site4_120.png,6,0,4,100.0,0,0,0,0,4
797,site4_120.png,6,1,4,100.0,0,0,0,0,4
797,site4_120.png,6,2,4,100.0,0,0,0,0,4
797,site4_120.png,6,3,4,100.0,0,0,0,0,4
797,site4_120.png,6,4,2,100.0,0,0,0,0,2
797,site4_120.png,7,0,4,100.0,0,0,0,0,4
797,site4_120.png,7,1,2,100.0,0,0,0,0,2
797,site4_120.png,7,2,2,92.8125,0,0,0,0,2
797,site4_120.png,7,3,4,100.0,0,0,0,0,4
797,site4_120.png,7,4,2,100.0,0,0,0,0,2
806,site4_130.png,0,4,6,50.5,0,6,0,0,0
806,site4_130.png,0,5,10,100.0,0,10,0,0,0
806,site4_130.png,0,6,2,30.0312,0,2,0,0,0
806,site4_130.png,0,7,2,100.0,0,0,0,0,2
806,site4_130.png,1,5,2,26.25,0,2,0,0,0
807,site4_131.png,0,6,2,72.25,0,0,2,0,0
807,site4_131.png,1,4,2,100.0,0,0,0,0,2
807,site4_131.png,4,6,4,58.0,0,4,0,0,0
807,site4_131.png,5,4,2,100.0,2,0,0,0,0
807,site4_131.png,5,6,2,26.1562,0,2,0,0,0
807,site4_131.png,5,7,2,100.0,0,0,0,0,2
807,site4_131.png,6,2,2,100.0,0,0,2,0,0
807,site4_131.png,6,3,2,100.0,0,0,2,0,0
807,site4_131.png,6,4,2,100.0,0,0,0,0,2
807,site4_131.png,7,4,2,100.0,2,0,0,0,0
808,site4_132.png,0,4,2,99.75,0,0,0,0,2
808,site4_132.png,0,5,4,100.0,0,0,0,0,4
808,site4_132.png,1,1,2,100.0,0,0,0,0,2
808,site4_132.png,1,4,2,75.625,0,0,0,0,2
808,site4_132.png,1,5,2,77.8438,0,0,0,0,2
808,site4_132.png,2,2,2,95.3125,0,0,0,0,2
808,site4_132.png,2,3,2,100.0,0,0,0,0,2
808,site4_132.png,2,4,4,100.0,0,0,0,0,4
808,site4_132.png,2,5,2,100.0,0,0,0,0,2
808,site4_132.png,3,1,2,100.0,0,0,0,0,2
808,site4_132.png,3,2,2,54.6875,0,0,0,0,2
808,site4_132.png,3,3,4,100.0,0,0,0,0,4
808,site4_132.png,3,4,4,100.0,0,0,0,0,4
808,site4_132.png,4,4,2,82.875,0,0,0,0,2
808,site4_132.png,5,0,2,100.0,0,0,0,0,2
813,site4_137.png,0,7,4,46.7009,0,0,0,0,4
814,site4_138.png,0,0,4,90.1719,0,0,0,0,4
814,site4_138.png,0,1,2,69.375,0,0,0,0,2
814,site4_138.png,0,2,4,100.0,0,0,0,0,4
814,site4_138.png,0,3,6,100.0,0,0,0,0,6
816,site4_140.png,3,7,2,100.0,0,0,2,0,0
816,site4_140.png,5,6,2,100.0,0,2,0,0,0
816,site4_140.png,6,6,2,100.0,0,2,0,0,0
816,site4_140.png,6,7,2,100.0,0,2,0,0,0
817,site4_141.png,3,0,2,100.0,0,0,2,0,0
817,site4_141.png,6,0,2,100.0,0,2,0,0,0
822,site4_148.png,4,3,2,100.0,2,0,0,0,0
822,site4_148.png,4,5,2,100.0,0,2,0,0,0
822,site4_148.png,7,2,2,100.0,2,0,0,0,0
823,site4_149.png,0,3,2,35.706,0,0,2,0,0
823,site4_149.png,0,4,4,100.0,2,0,0,0,2
832,site4_158.png,1,6,2,100.0,0,2,0,0,0
832,site4_158.png,1,7,2,100.0,0,2,0,0,0
832,site4_158.png,4,5,2,100.0,0,2,0,0,0
832,site4_158.png,4,6,2,100.0,0,2,0,0,0
832,site4_158.png,5,7,2,100.0,0,2,0,0,0
833,site4_159.png,0,0,2,100.0,0,0,0,0,2
833,site4_159.png,5,0,2,100.0,0,2,0,0,0
839,site4_166.png,0,2,2,100.0,2,0,0,0,0
847,site4_174.png,2,6,2,100.0,0,0,0,0,2
847,site4_174.png,4,5,2,100.0,0,0,0,0,2
847,site4_174.png,5,4,2,37.125,0,2,0,0,0
848,site4_175.png,1,2,2,100.0,0,2,0,0,0
848,site4_175.png,2,4,2,100.0,2,0,0,0,0
848,site4_175.png,5,3,4,100.0,2,0,2,0,0
848,site4_175.png,6,3,4,100.0,0,0,2,0,2
848,site4_175.png,7,2,2,100.0,2,0,0,0,0
849,site4_176.png,0,7,2,100.0,0,2,0,0,0
849,site4_176.png,1,6,2,100.0,0,2,0,0,0
849,site4_176.png,2,4,2,100.0,0,2,0,0,0
849,site4_176.png,4,4,2,100.0,0,2,0,0,0
849,site4_176.png,6,3,2,100.0,0,0,2,0,0
850,site4_177.png,0,0,2,100.0,0,2,0,0,0
855,site4_184.png,6,2,2,100.0,0,0,0,0,2
864,site4_193.png,0,2,2,100.0,2,0,0,0,0
864,site4_193.png,4,2,4,100.0,0,2,0,0,2
864,site4_193.png,6,2,2,93.75,0,0,2,0,0
864,site4_193.png,7,1,2,100.0,0,2,0,0,0
865,site4_194.png,0,3,2,100.0,0,0,2,0,0
865,site4_194.png,3,2,2,100.0,0,2,0,0,0
877,site4_211.png,0,1,2,100.0,0,2,0,0,0
877,site4_211.png,1,1,2,100.0,2,0,0,0,0
887,site5_27.png,4,1,2,92.75,0,0,2,0,0
887,site5_27.png,5,1,4,100.0,0,0,4,0,0
887,site5_27.png,6,1,6,100.0,0,0,6,0,0
887,site5_27.png,7,1,2,100.0,0,0,2,0,0
888,site5_28.png,2,6,2,100.0,0,2,0,0,0
889,site5_29.png,1,4,2,100.0,0,0,2,0,0
891,site5_31.png,7,4,2,25.0833,0,0,2,0,0
891,site5_31.png,7,5,2,7.8398,0,0,2,0,0
891,site5_31.png,7,7,2,100.0,0,2,0,0,0
892,site5_32.png,7,0,2,100.0,0,2,0,0,0
900,site5_45.png,0,1,2,100.0,0,0,2,0,0
900,site5_45.png,0,2,2,100.0,0,0,2,0,0
900,site5_45.png,1,2,2,100.0,0,0,2,0,0
900,site5_45.png,3,3,2,100.0,0,2,0,0,0
900,site5_45.png,6,6,2,100.0,0,0,2,0,0
900,site5_45.png,7,6,2,22.2812,0,0,2,0,0
900,site5_45.png,7,7,2,24.5,0,0,0,2,0
901,site5_46.png,4,7,2,13.75,0,2,0,0,0
901,site5_46.png,5,3,2,27.1875,0,2,0,0,0
901,site5_46.png,5,5,4,100.0,0,2,2,0,0
901,site5_46.png,5,6,6,100.0,0,4,2,0,0
901,site5_46.png,6,0,2,100.0,0,2,0,0,0
901,site5_46.png,6,2,2,100.0,0,0,2,0,0
901,site5_46.png,6,3,2,28.125,0,2,0,0,0
901,site5_46.png,6,4,2,100.0,0,2,0,0,0
901,site5_46.png,6,5,2,47.5,0,2,0,0,0
901,site5_46.png,7,0,2,9.0357,0,0,0,2,0
902,site5_47.png,4,0,2,4.4844,0,2,0,0,0
902,site5_47.png,5,1,2,100.0,0,2,0,0,0
902,site5_47.png,5,6,2,100.0,0,0,2,0,0
902,site5_47.png,6,0,2,100.0,0,2,0,0,0
902,site5_47.png,7,1,2,100.0,0,0,2,0,0
903,site5_48.png,1,7,2,23.625,0,2,0,0,0
903,site5_48.png,2,3,2,100.0,0,0,2,0,0
903,site5_48.png,2,4,2,100.0,0,0,2,0,0
903,site5_48.png,2,5,2,61.8125,0,0,2,0,0
903,site5_48.png,5,1,2,100.0,0,0,2,0,0
903,site5_48.png,7,1,2,100.0,0,2,0,0,0
904,site5_49.png,0,4,2,41.4375,0,0,2,0,0
904,site5_49.png,1,0,2,23.625,0,2,0,0,0
904,site5_49.png,1,1,2,100.0,0,0,2,0,0
904,site5_49.png,1,2,2,100.0,0,0,2,0,0
904,site5_49.png,1,4,2,100.0,0,2,0,0,0
904,site5_49.png,1,5,4,93.25,0,2,2,0,0
912,site5_61.png,6,4,2,100.0,0,2,0,0,0
913,site5_62.png,5,4,2,100.0,0,2,0,0,0
914,site5_63.png,0,6,2,22.2812,0,0,2,0,0
914,site5_63.png,0,7,2,24.5,0,0,0,2,0
914,site5_63.png,4,4,2,100.0,0,2,0,0,0
915,site5_64.png,0,0,2,9.0357,0,0,0,2,0
915,site5_64.png,4,4,2,100.0,0,2,0,0,0
916,site5_65.png,0,1,2,100.0,0,0,2,0,0
916,site5_65.png,1,0,2,100.0,0,2,0,0,0
916,site5_65.png,1,7,4,100.0,0,2,2,0,0
916,site5_65.png,2,6,2,100.0,0,0,0,0,2
916,site5_65.png,2,7,4,100.0,0,0,0,0,4
916,site5_65.png,3,6,2,45.9375,0,0,2,0,0
916,site5_65.png,3,7,4,100.0,0,0,0,0,4
916,site5_65.png,4,7,2,74.25,0,0,2,0,0
917,site5_66.png,2,0,2,73.2344,0,0,0,0,2
917,site5_66.png,2,2,2,100.0,0,2,0,0,0
917,site5_66.png,3,0,6,100.0,0,0,0,0,6
917,site5_66.png,4,0,2,74.25,0,0,2,0,0
917,site5_66.png,6,3,2,100.0,0,2,0,0,0
917,site5_66.png,7,1,2,33.0,0,0,0,2,0
917,site5_66.png,7,6,2,100.0,0,0,0,2,0
918,site5_67.png,7,0,2,100.0,0,0,0,2,0
923,site5_76.png,6,3,2,100.0,0,0,0,2,0
923,site5_76.png,7,1,2,64.9688,0,0,0,2,0
924,site5_77.png,7,1,2,100.0,0,0,0,2,0
925,site5_78.png,1,4,2,100.0,0,0,2,0,0
925,site5_78.png,3,6,2,100.0,0,2,0,0,0
925,site5_78.png,4,3,2,100.0,0,0,0,0,2
925,site5_78.png,4,4,2,100.0,0,2,0,0,0
925,site5_78.png,5,3,2,100.0,0,0,0,0,2
925,site5_78.png,5,4,2,100.0,0,0,0,0,2
925,site5_78.png,6,3,4,100.0,0,0,0,0,4
925,site5_78.png,6,4,2,100.0,0,0,0,0,2
926,site5_79.png,3,0,2,100.0,0,2,0,0,0
926,site5_79.png,3,4,2,100.0,0,2,0,0,0
927,site5_80.png,3,4,2,100.0,0,2,0,0,0
928,site5_81.png,1,4,2,100.0,0,2,0,0,0
928,site5_81.png,7,3,2,100.0,0,0,0,0,2
928,site5_81.png,7,4,2,63.0,0,0,0,0,2
929,site5_82.png,0,1,2,100.0,0,2,0,0,0
930,site5_83.png,1,5,2,100.0,2,0,0,0,0
931,site5_84.png,0,1,2,16.0,0,0,0,2,0
931,site5_84.png,0,6,2,100.0,0,0,0,2,0
931,site5_84.png,1,3,2,100.0,0,2,0,0,0
931,site5_84.png,3,1,4,100.0,0,4,0,0,0
931,site5_84.png,4,1,2,90.0312,0,2,0,0,0
932,site5_85.png,0,0,2,100.0,0,0,0,2,0
936,site5_91.png,7,5,2,100.0,0,0,0,2,0
937,site5_92.png,1,7,2,100.0,0,0,2,0,0
938,site5_93.png,1,1,2,100.0,0,0,2,0,0
939,site5_94.png,0,1,2,24.75,0,0,0,2,0
939,site5_94.png,2,3,2,100.0,0,0,0,2,0
939,site5_94.png,2,6,2,100.0,0,0,0,2,0
939,site5_94.png,4,5,2,100.0,0,0,0,2,0
939,site5_94.png,4,7,2,100.0,0,0,0,2,0
940,site5_95.png,0,1,2,100.0,0,0,0,2,0
940,site5_95.png,1,2,2,100.0,0,0,0,2,0
940,site5_95.png,2,0,2,100.0,0,0,0,2,0
940,site5_95.png,2,3,2,100.0,0,0,0,2,0
940,site5_95.png,3,1,2,100.0,0,0,0,2,0
940,site5_95.png,4,5,2,100.0,0,2,0,0,0
940,site5_95.png,6,6,2,100.0,2,0,0,0,0
941,site5_96.png,6,0,2,100.0,2,0,0,0,0
944,site5_99.png,0,3,2,100.0,0,0,0,0,2
944,site5_99.png,0,4,2,86.625,0,0,0,0,2
947,site5_102.png,3,3,2,100.0,0,0,2,0,0
948,site5_103.png,2,1,4,66.0938,0,2,0,0,2
948,site5_103.png,3,3,2,100.0,2,0,0,0,0
948,site5_103.png,4,2,2,100.0,2,0,0,0,0
948,site5_103.png,4,3,6,100.0,2,0,2,0,2
948,site5_103.png,6,3,2,100.0,0,0,2,0,0
948,site5_103.png,7,4,2,78.75,0,0,2,0,0
948,site5_103.png,7,5,2,100.0,2,0,0,0,0
949,site5_104.png,6,7,2,100.0,0,0,2,0,0
949,site5_104.png,7,5,6,100.0,2,2,2,0,0
950,site5_105.png,6,0,2,100.0,0,0,2,0,0
952,site5_109.png,4,4,2,100.0,0,0,0,2,0
953,site5_110.png,4,0,2,100.0,0,0,0,2,0
956,site5_113.png,0,6,2,100.0,2,0,0,0,0
961,site5_118.png,6,6,2,100.0,0,2,0,0,0
961,site5_118.png,6,7,2,100.0,0,2,0,0,0
961,site5_118.png,7,3,2,100.0,0,2,0,0,0
961,site5_118.png,7,5,2,100.0,0,0,2,0,0
961,site5_118.png,7,7,2,100.0,0,2,0,0,0
962,site5_119.png,4,7,2,100.0,0,0,2,0,0
962,site5_119.png,5,2,2,100.0,0,2,0,0,0
962,site5_119.png,6,1,2,100.0,0,2,0,0,0
962,site5_119.png,7,0,2,100.0,0,2,0,0,0
962,site5_119.png,7,7,2,100.0,0,0,2,0,0
963,site5_120.png,4,1,2,100.0,0,0,2,0,0
963,site5_120.png,6,1,2,100.0,0,0,2,0,0
964,site5_121.png,0,4,2,90.5625,0,0,2,0,0
964,site5_121.png,1,4,2,67.9062,0,0,2,0,0
964,site5_121.png,1,6,4,100.0,4,0,0,0,0
964,site5_121.png,2,4,4,100.0,2,2,0,0,0
964,site5_121.png,2,5,2,42.0,0,0,2,0,0
964,site5_121.png,3,4,2,32.9375,0,0,2,0,0
965,site5_122.png,0,5,4,100.0,2,2,0,0,0
968,site5_127.png,4,4,2,100.0,0,0,0,2,0
969,site5_128.png,4,1,2,100.0,0,0,0,2,0
972,site5_131.png,7,6,2,100.0,0,2,0,0,0
973,site5_132.png,6,0,2,100.0,0,2,0,0,0
973,site5_132.png,7,4,2,100.0,0,0,0,2,0
975,site5_134.png,4,2,2,100.0,0,2,0,0,0
975,site5_134.png,4,6,2,100.0,0,2,0,0,0
976,site5_135.png,4,4,2,100.0,0,2,0,0,0
977,site5_136.png,0,5,2,99.125,0,0,2,0,0
977,site5_136.png,0,7,2,100.0,0,2,0,0,0
977,site5_136.png,3,3,2,47.25,0,2,0,0,0
977,site5_136.png,4,3,2,100.0,0,2,0,0,0
978,site5_137.png,0,0,2,100.0,0,2,0,0,0
978,site5_137.png,1,7,2,100.0,0,0,2,0,0
978,site5_137.png,3,0,2,100.0,0,2,0,0,0
978,site5_137.png,3,6,2,100.0,0,0,2,0,0
978,site5_137.png,5,7,2,100.0,0,2,0,0,0
978,site5_137.png,6,5,2,100.0,0,2,0,0,0
978,site5_137.png,6,6,2,100.0,0,0,2,0,0
978,site5_137.png,6,7,2,100.0,0,0,2,0,0
979,site5_138.png,1,1,2,100.0,0,0,2,0,0
979,site5_138.png,4,2,2,100.0,0,0,2,0,0
979,site5_138.png,5,0,2,100.0,0,2,0,0,0
979,site5_138.png,7,2,2,100.0,0,2,0,0,0
980,site5_139.png,3,7,4,100.0,0,0,4,0,0
980,site5_139.png,4,5,2,100.0,2,0,0,0,0
980,site5_139.png,6,6,2,100.0,0,0,2,0,0
981,site5_140.png,2,1,2,26.9062,0,0,0,2,0
981,site5_140.png,3,0,4,100.0,0,0,4,0,0
981,site5_140.png,3,1,2,15.0938,0,0,2,0,0
981,site5_140.png,4,1,4,100.0,0,0,4,0,0
981,site5_140.png,5,1,2,100.0,0,0,0,0,2
981,site5_140.png,5,2,2,100.0,0,2,0,0,0
983,site5_142.png,7,7,2,100.0,0,2,0,0,0
984,site5_145.png,4,5,2,100.0,0,0,0,2,0
985,site5_146.png,3,2,2,100.0,0,0,0,2,0
987,site5_148.png,1,3,2,100.0,0,0,0,2,0
988,site5_149.png,0,6,2,100.0,0,2,0,0,0
988,site5_149.png,3,2,2,100.0,0,0,0,2,0
988,site5_149.png,3,4,2,100.0,0,0,0,2,0
988,site5_149.png,3,5,2,100.0,0,0,0,2,0
988,site5_149.png,6,3,2,100.0,0,0,0,2,0
988,site5_149.png,6,4,2,100.0,0,0,0,2,0
988,site5_149.png,6,6,2,100.0,0,0,0,2,0
988,site5_149.png,7,1,2,100.0,0,2,0,0,0
988,site5_149.png,7,6,2,73.0049,0,0,0,2,0
989,site5_150.png,0,4,2,100.0,0,0,0,2,0
989,site5_150.png,1,5,2,100.0,0,0,0,2,0
989,site5_150.png,2,5,2,100.0,0,0,0,2,0
989,site5_150.png,3,7,2,61.5284,0,0,0,0,2
989,site5_150.png,4,5,2,100.0,0,0,0,2,0
989,site5_150.png,5,6,2,100.0,0,0,0,2,0
989,site5_150.png,6,6,2,100.0,0,0,0,2,0
989,site5_150.png,7,6,2,100.0,0,0,0,2,0
990,site5_151.png,1,1,2,100.0,0,2,0,0,0
990,site5_151.png,3,0,2,100.0,0,0,0,0,2
990,site5_151.png,3,1,2,100.0,0,0,0,0,2
990,site5_151.png,5,1,2,100.0,2,0,0,0,0
990,site5_151.png,7,0,2,100.0,0,0,0,2,0
990,site5_151.png,7,2,2,100.0,0,2,0,0,0
991,site5_152.png,5,6,2,100.0,0,2,0,0,0
992,site5_153.png,0,5,2,100.0,0,2,0,0,0
992,site5_153.png,5,4,2,100.0,0,2,0,0,0
993,site5_154.png,0,3,2,100.0,0,2,0,0,0
993,site5_154.png,6,2,2,100.0,0,2,0,0,0
994,site5_155.png,4,5,2,100.0,0,2,0,0,0
994,site5_155.png,5,2,2,100.0,0,0,2,0,0
994,site5_155.png,6,7,2,100.0,0,0,0,2,0
994,site5_155.png,7,2,2,100.0,0,0,2,0,0
994,site5_155.png,7,7,2,100.0,0,0,0,2,0
995,site5_156.png,4,2,2,100.0,0,2,0,0,0
995,site5_156.png,6,0,2,100.0,0,0,0,2,0
995,site5_156.png,6,1,2,100.0,0,0,0,0,2
995,site5_156.png,7,0,2,100.0,0,0,0,2,0
996,site5_157.png,0,7,2,100.0,0,0,2,0,0
996,site5_157.png,2,7,2,98.8125,0,0,2,0,0
997,site5_158.png,2,0,2,98.8125,0,0,2,0,0
997,site5_158.png,6,1,2,100.0,0,2,0,0,0
997,site5_158.png,6,4,2,35.0,0,2,0,0,0
997,site5_158.png,6,5,4,100.0,2,0,2,0,0
997,site5_158.png,7,3,4,100.0,0,2,2,0,0
997,site5_158.png,7,6,2,100.0,0,0,0,2,0
998,site5_159.png,6,2,2,100.0,0,0,0,2,0
999,site5_160.png,0,7,2,100.0,0,2,0,0,0
1000,site5_161.png,0,0,2,100.0,0,2,0,0,0
1000,site5_161.png,0,1,2,53.1875,0,0,2,0,0
1001,site5_163.png,0,5,2,100.0,0,0,0,2,0
1001,site5_163.png,7,5,2,100.0,0,0,2,0,0
1002,site5_164.png,5,7,2,100.0,0,0,0,0,2
1003,site5_165.png,4,3,2,100.0,0,0,2,0,0
1003,site5_165.png,4,4,2,51.4688,0,0,2,0,0
1003,site5_165.png,4,6,2,100.0,0,2,0,0,0
1003,site5_165.png,5,0,2,100.0,0,0,0,0,2
1005,site5_167.png,0,3,2,100.0,0,0,0,2,0
1005,site5_167.png,0,5,2,71.1589,0,0,0,2,0
1005,site5_167.png,1,1,2,100.0,0,2,0,0,0
1005,site5_167.png,1,5,2,100.0,0,0,0,2,0
1005,site5_167.png,1,6,2,100.0,0,0,0,2,0
1005,site5_167.png,2,4,2,100.0,0,0,0,2,0
1005,site5_167.png,4,6,2,100.0,0,0,0,2,0
1005,site5_167.png,4,7,2,100.0,0,0,0,2,0
1005,site5_167.png,5,5,2,100.0,0,0,0,2,0
1005,site5_167.png,6,7,2,100.0,0,0,0,2,0
1005,site5_167.png,7,5,4,100.0,0,0,0,4,0
1005,site5_167.png,7,6,2,100.0,0,0,0,2,0
1006,site5_168.png,0,5,2,100.0,0,0,0,2,0
1006,site5_168.png,0,6,2,100.0,0,0,0,2,0
1006,site5_168.png,2,6,2,100.0,0,0,0,2,0
1006,site5_168.png,3,7,2,100.0,0,0,0,2,0
1006,site5_168.png,4,0,2,100.0,0,0,0,2,0
1006,site5_168.png,4,7,2,100.0,0,0,0,2,0
1006,site5_168.png,6,1,2,100.0,0,0,0,2,0
1006,site5_168.png,6,7,2,100.0,0,0,0,2,0
1006,site5_168.png,7,0,2,100.0,0,0,0,2,0
1006,site5_168.png,7,7,2,68.875,0,0,0,2,0
1007,site5_169.png,0,0,2,100.0,0,0,0,2,0
1007,site5_169.png,1,0,2,100.0,0,0,0,2,0
1007,site5_169.png,2,2,2,100.0,0,2,0,0,0
1007,site5_169.png,3,0,2,100.0,0,0,0,2,0
1007,site5_169.png,4,1,2,100.0,0,0,0,2,0
1007,site5_169.png,4,7,2,100.0,0,2,0,0,0
1007,site5_169.png,5,1,2,100.0,0,0,0,2,0
1007,site5_169.png,6,2,2,100.0,0,2,0,0,0
1007,site5_169.png,6,4,2,100.0,0,2,0,0,0
1007,site5_169.png,7,1,2,100.0,0,0,0,2,0
1008,site5_170.png,4,6,2,100.0,0,2,0,0,0
1008,site5_170.png,5,1,2,100.0,0,2,0,0,0
1009,site5_171.png,4,4,2,100.0,0,2,0,0,0
1010,site5_172.png,1,7,2,100.0,0,0,2,0,0
1010,site5_172.png,4,4,2,100.0,0,2,0,0,0
1011,site5_173.png,0,5,2,100.0,0,2,0,0,0
1011,site5_173.png,0,7,2,61.4188,0,0,0,2,0
1011,site5_173.png,1,7,2,100.0,0,0,0,2,0
1011,site5_173.png,3,4,2,100.0,0,0,2,0,0
1011,site5_173.png,4,3,2,100.0,0,2,0,0,0
1011,site5_173.png,7,6,2,100.0,0,0,2,0,0
1012,site5_174.png,0,0,2,46.8875,0,0,0,2,0
1012,site5_174.png,1,0,2,100.0,0,0,0,2,0
1012,site5_174.png,1,2,2,100.0,0,2,0,0,0
1012,site5_174.png,1,4,2,100.0,0,0,0,0,2
1012,site5_174.png,4,3,2,100.0,0,0,2,0,0
1012,site5_174.png,7,3,4,100.0,0,2,2,0,0
1014,site5_176.png,0,1,2,100.0,0,2,0,0,0
1014,site5_176.png,0,3,2,57.1562,0,0,2,0,0
1014,site5_176.png,1,4,2,19.9375,0,2,0,0,0
1014,site5_176.png,4,5,2,100.0,0,2,0,0,0
1014,site5_176.png,4,6,2,100.0,0,0,0,2,0
1014,site5_176.png,6,5,2,60.125,0,0,0,0,2
1015,site5_177.png,4,3,2,100.0,0,0,0,2,0
1015,site5_177.png,5,6,2,100.0,0,0,2,0,0
1015,site5_177.png,7,7,2,100.0,0,0,2,0,0
1016,site5_178.png,7,0,2,95.1844,0,0,2,0,0
1018,site5_181.png,0,5,2,100.0,0,0,2,0,0
1019,site5_182.png,4,6,2,100.0,2,0,0,0,0
1019,site5_182.png,6,4,2,100.0,0,0,0,2,0
1020,site5_183.png,6,0,2,100.0,0,0,0,2,0
1022,site5_185.png,0,7,2,100.0,0,0,0,2,0
1022,site5_185.png,1,5,6,100.0,0,0,0,4,2
1022,site5_185.png,3,6,2,100.0,0,0,0,2,0
1022,site5_185.png,3,7,2,100.0,0,0,0,2,0
1022,site5_185.png,6,7,2,100.0,0,0,0,2,0
1023,site5_186.png,0,0,2,100.0,0,0,0,2,0
1023,site5_186.png,0,1,2,100.0,0,0,0,2,0
1023,site5_186.png,0,7,2,58.1875,0,0,0,2,0
1023,site5_186.png,1,7,2,100.0,0,0,0,2,0
1023,site5_186.png,3,0,2,100.0,0,0,0,2,0
1023,site5_186.png,3,1,2,100.0,0,0,0,2,0
1023,site5_186.png,6,0,2,100.0,0,0,0,2,0
1023,site5_186.png,6,1,2,100.0,0,0,0,2,0
1023,site5_186.png,6,2,2,100.0,0,0,0,2,0
1023,site5_186.png,7,1,2,19.25,0,0,0,2,0
1023,site5_186.png,7,3,2,100.0,0,0,0,2,0
1024,site5_187.png,0,1,2,100.0,0,0,0,2,0
1024,site5_187.png,0,2,2,100.0,0,2,0,0,0
1024,site5_187.png,1,1,2,100.0,0,0,0,2,0
1024,site5_187.png,2,2,2,100.0,0,0,0,2,0
1024,site5_187.png,4,2,2,100.0,0,0,0,2,0
1024,site5_187.png,4,5,2,100.0,0,2,0,0,0
1024,site5_187.png,5,2,2,100.0,0,0,0,2,0
1024,site5_187.png,6,3,2,100.0,0,0,0,2,0
1024,site5_187.png,7,3,2,100.0,0,0,0,2,0
1025,site5_188.png,1,1,2,100.0,0,2,0,0,0
1025,site5_188.png,4,6,2,100.0,0,2,0,0,0
1025,site5_188.png,6,0,2,100.0,0,2,0,0,0
1026,site5_189.png,4,4,2,100.0,0,2,0,0,0
1027,site5_190.png,4,4,2,100.0,0,2,0,0,0
1028,site5_191.png,0,6,2,100.0,0,0,2,0,0
1028,site5_191.png,4,4,2,100.0,0,2,0,0,0
1029,site5_192.png,0,3,2,58.9688,0,2,0,0,0
1029,site5_192.png,1,3,2,100.0,0,0,2,0,0
1029,site5_192.png,4,3,2,100.0,0,2,0,0,0
1031,site5_194.png,2,7,2,100.0,0,0,0,2,0
1031,site5_194.png,4,7,2,100.0,0,2,0,0,0
1032,site5_195.png,0,7,2,79.7812,0,0,2,0,0
1032,site5_195.png,2,3,2,100.0,0,0,0,2,0
1032,site5_195.png,4,4,2,100.0,2,0,0,0,0
1032,site5_195.png,5,2,2,99.5312,0,0,2,0,0
1032,site5_195.png,5,3,2,17.875,0,0,2,0,0
1032,site5_195.png,5,4,2,100.0,0,0,2,0,0
1032,site5_195.png,7,4,6,60.8125,0,6,0,0,0
1032,site5_195.png,7,6,2,100.0,0,0,0,0,2
1033,site5_196.png,0,0,4,100.0,0,0,2,0,2
1033,site5_196.png,2,1,4,100.0,0,0,4,0,0
1033,site5_196.png,5,7,2,100.0,0,2,0,0,0
1033,site5_196.png,6,3,2,100.0,0,0,0,0,2
1033,site5_196.png,7,1,2,24.2188,0,0,2,0,0
1034,site5_197.png,5,0,2,100.0,0,2,0,0,0
1034,site5_197.png,6,5,2,100.0,2,0,0,0,0
1035,site5_200.png,4,4,2,100.0,0,0,0,2,0
1036,site5_201.png,4,1,2,100.0,0,0,0,2,0
1037,site5_202.png,3,3,2,100.0,2,0,0,0,0
1037,site5_202.png,4,4,2,100.0,0,2,0,0,0
1037,site5_202.png,5,1,2,13.125,0,0,2,0,0
1037,site5_202.png,5,3,2,100.0,0,2,0,0,0
1037,site5_202.png,7,3,2,100.0,2,0,0,0,0
1038,site5_203.png,0,7,2,100.0,0,0,0,2,0
1038,site5_203.png,2,7,2,100.0,0,2,0,0,0
1039,site5_204.png,0,0,2,100.0,0,0,0,2,0
1039,site5_204.png,0,1,4,93.3286,0,0,0,4,0
1039,site5_204.png,1,3,2,100.0,0,0,0,2,0
1039,site5_204.png,2,0,2,100.0,0,2,0,0,0
1039,site5_204.png,2,1,2,100.0,0,2,0,0,0
1039,site5_204.png,5,3,2,100.0,0,2,0,0,0
1040,site5_205.png,0,3,2,100.0,0,0,0,2,0
1040,site5_205.png,2,3,2,100.0,0,0,0,2,0
1040,site5_205.png,4,3,2,99.75,0,0,0,2,0
1040,site5_205.png,4,6,2,100.0,0,2,0,0,0
1040,site5_205.png,5,5,2,100.0,0,0,0,0,2
1041,site5_206.png,1,3,2,100.0,0,0,2,0,0
1041,site5_206.png,4,4,2,100.0,0,2,0,0,0
1041,site5_206.png,7,4,2,100.0,0,2,0,0,0
1041,site5_206.png,7,6,2,36.0,0,0,2,0,0
1042,site5_207.png,4,4,2,100.0,0,2,0,0,0
1043,site5_208.png,4,4,2,100.0,0,2,0,0,0
1044,site5_209.png,3,4,2,100.0,0,2,0,0,0
1045,site5_210.png,1,1,2,100.0,0,2,0,0,0
1047,site5_212.png,1,7,2,100.0,0,2,0,0,0
1048,site5_213.png,0,4,6,88.125,0,6,0,0,0
1048,site5_213.png,0,6,2,100.0,0,0,0,0,2
1048,site5_213.png,1,0,2,100.0,0,2,0,0,0
1048,site5_213.png,1,1,4,100.0,0,2,2,0,0
1048,site5_213.png,1,2,4,100.0,0,0,4,0,0
1048,site5_213.png,1,3,2,30.75,0,0,2,0,0
1048,site5_213.png,1,4,2,29.0,0,2,0,0,0
1048,site5_213.png,1,5,2,30.0,0,2,0,0,0
1048,site5_213.png,2,4,2,100.0,2,0,0,0,0
1049,site5_214.png,3,2,4,17.5312,4,0,0,0,0
1049,site5_214.png,3,3,6,66.7812,6,0,0,0,0
1049,site5_214.png,3,4,4,30.0938,4,0,0,0,0
1051,site5_218.png,4,4,2,100.0,0,0,0,2,0
1052,site5_219.png,4,2,2,100.0,0,0,0,2,0
1053,site5_220.png,0,3,2,100.0,2,0,0,0,0
1053,site5_220.png,1,3,2,100.0,2,0,0,0,0
1053,site5_220.png,3,3,2,100.0,0,2,0,0,0
1053,site5_220.png,4,3,2,100.0,0,2,0,0,0
1053,site5_220.png,5,4,4,100.0,0,0,4,0,0
1053,site5_220.png,5,5,4,100.0,0,0,0,2,2
1053,site5_220.png,5,6,2,100.0,0,2,0,0,0
1053,site5_220.png,6,4,2,100.0,2,0,0,0,0
1053,site5_220.png,6,5,2,100.0,2,0,0,0,0
1053,site5_220.png,7,3,2,100.0,2,0,0,0,0
1053,site5_220.png,7,5,2,100.0,0,2,0,0,0
1054,site5_221.png,2,2,2,100.0,0,0,0,2,0
1054,site5_221.png,5,4,2,100.0,0,0,0,2,0
1056,site5_223.png,1,4,2,100.0,0,2,0,0,0
1056,site5_223.png,1,7,2,100.0,0,2,0,0,0
1056,site5_223.png,4,5,2,100.0,0,2,0,0,0
1056,site5_223.png,6,5,2,20.8438,0,0,0,2,0
1056,site5_223.png,6,6,8,91.5,0,0,0,8,0
1056,site5_223.png,6,7,2,22.2812,0,0,0,2,0
1056,site5_223.png,7,3,2,30.875,0,0,0,2,0
1056,site5_223.png,7,4,10,100.0,0,0,0,10,0
1056,site5_223.png,7,5,16,100.0,0,0,0,16,0
1056,site5_223.png,7,6,10,100.0,0,0,0,10,0
1056,site5_223.png,7,7,6,80.5938,0,0,0,6,0
1057,site5_224.png,0,6,2,9.5,0,0,2,0,0
1057,site5_224.png,1,0,2,100.0,0,2,0,0,0
1057,site5_224.png,1,4,2,100.0,0,2,0,0,0
1057,site5_224.png,4,0,2,100.0,0,2,0,0,0
1057,site5_224.png,6,0,2,100.0,0,0,0,2,0
1057,site5_224.png,7,0,6,74.0312,0,0,0,6,0
1057,site5_224.png,7,4,2,100.0,0,2,0,0,0
1058,site5_225.png,2,4,2,100.0,0,2,0,0,0
1058,site5_225.png,3,5,2,100.0,0,2,0,0,0
1058,site5_225.png,4,6,2,100.0,0,2,0,0,0
1058,site5_225.png,5,3,2,69.75,0,0,2,0,0
1058,site5_225.png,5,4,2,100.0,0,2,0,0,0
1058,site5_225.png,5,5,2,100.0,0,2,0,0,0
1058,site5_225.png,5,6,2,100.0,0,2,0,0,0
1058,site5_225.png,6,1,2,100.0,0,2,0,0,0
1058,site5_225.png,7,6,2,100.0,0,2,0,0,0
1059,site5_226.png,0,2,2,100.0,0,2,0,0,0
1059,site5_226.png,7,0,2,100.0,0,2,0,0,0
1060,site5_227.png,2,5,2,28.0938,0,2,0,0,0
1060,site5_227.png,3,2,2,100.0,0,0,0,0,2
1060,site5_227.png,3,4,4,100.0,0,4,0,0,0
1060,site5_227.png,4,6,2,100.0,0,2,0,0,0
1060,site5_227.png,5,1,2,100.0,0,2,0,0,0
1060,site5_227.png,5,7,4,100.0,0,4,0,0,0
1060,site5_227.png,6,4,2,100.0,0,0,0,0,2
1061,site5_228.png,1,1,2,100.0,0,2,0,0,0
1061,site5_228.png,2,0,2,100.0,0,2,0,0,0
1061,site5_228.png,2,1,2,100.0,0,2,0,0,0
1061,site5_228.png,2,2,4,100.0,0,4,0,0,0
1061,site5_228.png,4,1,2,100.0,0,0,0,0,2
1061,site5_228.png,4,2,2,100.0,0,2,0,0,0
1061,site5_228.png,4,5,2,100.0,0,0,2,0,0
1061,site5_228.png,5,0,6,100.0,0,6,0,0,0
1061,site5_228.png,5,1,2,22.75,0,0,0,0,2
1061,site5_228.png,6,3,2,100.0,2,0,0,0,0
1061,site5_228.png,6,7,2,100.0,0,0,0,0,2
1062,site5_229.png,6,0,2,100.0,0,0,0,0,2
1062,site5_229.png,7,1,2,100.0,0,2,0,0,0
1067,site5_236.png,2,5,2,100.0,0,0,0,2,0
1067,site5_236.png,6,6,2,100.0,0,0,0,2,0
1068,site5_237.png,2,3,2,100.0,0,0,0,2,0
1068,site5_237.png,5,3,2,100.0,0,0,0,2,0
1068,site5_237.png,7,7,2,15.1875,0,2,0,0,0
1069,site5_238.png,0,3,2,100.0,2,0,0,0,0
1069,site5_238.png,0,5,2,100.0,0,2,0,0,0
1069,site5_238.png,1,4,2,51.3438,0,0,2,0,0
1069,site5_238.png,2,7,2,100.0,0,2,0,0,0
1069,site5_238.png,5,6,2,100.0,0,0,0,2,0
1069,site5_238.png,7,0,2,15.1875,0,2,0,0,0
1070,site5_239.png,2,0,2,100.0,0,2,0,0,0
1070,site5_239.png,5,0,2,100.0,0,0,0,2,0
1070,site5_239.png,6,2,4,100.0,0,0,0,4,0
1070,site5_239.png,6,5,2,100.0,0,0,0,2,0
1070,site5_239.png,7,6,2,100.0,0,2,0,0,0
1071,site5_240.png,3,4,2,100.0,0,2,0,0,0
1071,site5_240.png,3,7,4,100.0,2,0,0,0,2
1071,site5_240.png,4,4,10,55.4688,0,0,0,10,0
1071,site5_240.png,4,5,4,30.9375,0,0,0,4,0
1071,site5_240.png,5,4,4,38.2812,0,0,0,4,0
1071,site5_240.png,5,5,4,47.3438,0,0,0,4,0
1071,site5_240.png,6,1,2,100.0,0,2,0,0,0
1071,site5_240.png,6,3,10,100.0,0,0,0,10,0
1071,site5_240.png,6,4,8,100.0,0,0,0,8,0
1072,site5_241.png,0,3,2,30.875,0,0,0,2,0
1072,site5_241.png,0,4,12,100.0,0,0,0,12,0
1072,site5_241.png,0,5,14,100.0,0,0,0,14,0
1072,site5_241.png,0,6,8,87.7812,0,0,0,8,0
1072,site5_241.png,0,7,4,52.5,0,0,0,4,0
1072,site5_241.png,1,3,2,28.0312,0,0,0,2,0
1072,site5_241.png,1,5,2,24.4688,0,0,0,2,0
1072,site5_241.png,2,1,2,100.0,0,0,2,0,0
1072,site5_241.png,2,5,2,100.0,0,2,0,0,0
1072,site5_241.png,3,0,4,100.0,2,0,0,0,2
1072,site5_241.png,3,1,2,54.3438,0,0,2,0,0
1072,site5_241.png,4,1,2,100.0,0,2,0,0,0
1072,site5_241.png,4,2,2,100.0,0,0,2,0,0
1072,site5_241.png,4,3,4,100.0,0,0,4,0,0
1072,site5_241.png,5,7,2,100.0,2,0,0,0,0
1073,site5_242.png,0,0,4,45.9375,0,0,0,4,0
1073,site5_242.png,0,1,2,100.0,0,2,0,0,0
1073,site5_242.png,1,4,2,100.0,0,2,0,0,0
1073,site5_242.png,5,0,2,100.0,2,0,0,0,0
1074,site5_243.png,0,6,2,100.0,0,2,0,0,0
1074,site5_243.png,2,6,2,100.0,0,2,0,0,0
1074,site5_243.png,2,7,2,100.0,0,2,0,0,0
1074,site5_243.png,4,7,2,100.0,0,2,0,0,0
1075,site5_244.png,2,0,2,100.0,0,2,0,0,0
1075,site5_244.png,4,1,2,100.0,0,2,0,0,0
1075,site5_244.png,7,0,2,100.0,0,2,0,0,0
1075,site5_244.png,7,2,2,100.0,0,2,0,0,0
1076,site5_245.png,0,4,2,100.0,0,0,0,0,2
1078,site5_247.png,0,1,2,100.0,0,2,0,0,0
1078,site5_247.png,1,3,2,87.75,0,0,0,2,0
1078,site5_247.png,1,7,2,100.0,2,0,0,0,0
1078,site5_247.png,4,6,2,100.0,0,2,0,0,0
1079,site5_248.png,1,1,2,100.0,2,0,0,0,0
1082,site5_255.png,0,7,2,15.1875,0,2,0,0,0
1082,site5_255.png,1,3,2,100.0,0,0,0,0,2
1082,site5_255.png,1,5,2,35.0625,0,2,0,0,0
1083,site5_256.png,0,0,2,15.1875,0,2,0,0,0
1083,site5_256.png,0,1,2,100.0,0,2,0,0,0
1084,site5_257.png,0,5,2,100.0,0,0,0,2,0
1084,site5_257.png,0,6,2,100.0,0,2,0,0,0
1085,site5_258.png,7,6,2,37.0,2,0,0,0,0
1086,site5_259.png,5,6,2,100.0,0,0,0,2,0
1086,site5_259.png,7,2,2,100.0,2,0,0,0,0
1087,site5_260.png,4,4,2,100.0,0,0,0,2,0
1088,site5_261.png,1,6,2,100.0,0,2,0,0,0
1088,site5_261.png,4,3,2,100.0,0,0,0,2,0
1089,site5_262.png,0,2,2,100.0,0,2,0,0,0
1089,site5_262.png,1,0,2,100.0,0,0,2,0,0
1089,site5_262.png,1,1,2,100.0,0,2,0,0,0
1092,site5_265.png,2,7,2,100.0,2,0,0,0,0
1094,site5_275.png,5,5,2,100.0,0,0,2,0,0
1094,site5_275.png,5,6,4,100.0,0,0,0,0,4
1095,site5_276.png,0,6,4,100.0,2,2,0,0,0
1096,site5_277.png,0,2,2,100.0,2,0,0,0,0
1096,site5_277.png,1,0,2,100.0,0,2,0,0,0
1096,site5_277.png,1,4,2,100.0,2,0,0,0,0
1096,site5_277.png,2,2,2,100.0,0,0,0,2,0
1096,site5_277.png,3,6,2,100.0,0,0,0,2,0
1097,site5_278.png,3,4,2,100.0,0,0,0,2,0
1128,site6_83.png,6,6,4,100.0,0,2,0,0,2
1129,site6_84.png,6,0,2,61.1528,0,0,0,0,2
1168,site6_137.png,4,4,12,100.0,0,0,12,0,0
1189,site6_171.png,3,6,2,100.0,0,0,0,0,2
1190,site6_172.png,2,1,4,100.0,2,2,0,0,0
1190,site6_172.png,3,0,2,100.0,0,0,0,0,2
1190,site6_172.png,4,3,2,100.0,0,0,2,0,0
1191,site6_173.png,2,3,2,75.0,2,0,0,0,0
1191,site6_173.png,2,5,2,100.0,0,0,0,0,2
1191,site6_173.png,4,4,2,100.0,0,0,0,2,0
1191,site6_173.png,4,6,2,100.0,0,2,0,0,0
1192,site6_174.png,4,0,2,100.0,0,2,0,0,0
1204,site6_197.png,3,2,2,100.0,0,0,2,0,0
1204,site6_197.png,5,4,2,100.0,0,0,2,0,0
1205,site6_198.png,7,0,2,100.0,0,0,2,0,0
1214,site6_207.png,3,3,2,100.0,0,0,0,0,2
1215,site6_208.png,2,7,2,92.75,0,0,2,0,0
1216,site6_209.png,2,0,2,92.75,0,0,2,0,0
1216,site6_209.png,5,6,2,47.25,2,0,0,0,0
1216,site6_209.png,6,4,2,100.0,0,0,0,0,2
1227,site6_231.png,4,5,2,100.0,0,0,2,0,0
1228,site6_232.png,4,4,2,100.0,0,0,2,0,0
1229,site6_233.png,0,0,2,100.0,0,0,2,0,0
1230,site6_234.png,4,4,2,100.0,0,0,2,0,0
1230,site6_234.png,6,7,2,100.0,0,0,2,0,0
1231,site6_235.png,6,0,2,100.0,0,0,2,0,0
1237,site6_241.png,4,6,2,100.0,0,2,0,0,0
1237,site6_241.png,4,7,2,24.4688,0,0,2,0,0
1237,site6_241.png,7,7,2,55.8125,0,0,2,0,0
1238,site6_242.png,4,6,4,22.5,0,0,0,4,0
1238,site6_242.png,7,0,2,52.25,0,0,2,0,0
1249,site6_264.png,6,6,2,100.0,0,0,2,0,0
1250,site6_265.png,6,1,2,100.0,0,0,2,0,0
1251,site6_266.png,2,4,2,100.0,0,0,0,0,2
1252,site6_267.png,0,2,2,100.0,0,0,2,0,0
1254,site6_269.png,0,7,2,100.0,0,0,2,0,0
1255,site6_270.png,0,0,2,100.0,0,0,2,0,0
1260,site6_275.png,4,7,2,100.0,0,0,0,2,0
1261,site6_276.png,0,7,2,55.8125,0,0,2,0,0
1261,site6_276.png,4,0,2,100.0,0,0,0,2,0
1262,site6_277.png,0,0,2,52.25,0,0,2,0,0
1271,site6_297.png,5,5,2,100.0,0,0,2,0,0
1273,site6_299.png,0,6,2,100.0,0,0,2,0,0
1273,site6_299.png,2,6,2,100.0,0,0,2,0,0
1273,site6_299.png,5,6,2,100.0,0,0,2,0,0
1274,site6_300.png,1,2,2,100.0,0,0,2,0,0
1274,site6_300.png,6,0,2,100.0,0,0,2,0,0
1282,site6_308.png,5,7,2,100.0,0,0,2,0,0
1283,site6_309.png,5,0,2,100.0,0,0,2,0,0
1299,site6_334.png,2,7,2,100.0,0,0,2,0,0
1300,site6_335.png,4,4,2,100.0,0,0,2,0,0
1301,site6_336.png,4,2,2,100.0,0,0,2,0,0
1308,site6_343.png,4,4,2,100.0,0,0,0,0,2
1308,site6_343.png,4,6,2,100.0,0,0,2,0,0
1309,site6_344.png,4,0,2,100.0,0,0,2,0,0
1309,site6_344.png,5,2,2,100.0,0,0,2,0,0
1325,site6_369.png,5,2,2,100.0,0,0,2,0,0
1333,site6_377.png,7,5,2,100.0,0,0,2,0,0
1352,site6_405.png,6,2,2,100.0,0,0,0,0,2
1352,site6_405.png,6,3,2,92.7188,0,0,0,0,2
1359,site6_412.png,3,4,2,100.0,0,0,2,0,0
1360,site6_413.png,0,0,2,100.0,0,0,2,0,0
1378,site6_439.png,6,5,2,100.0,0,0,0,0,2
1380,site6_441.png,4,4,2,100.0,0,0,0,0,2
1404,site6_474.png,1,5,2,100.0,0,0,0,0,2
1414,site6_484.png,2,6,2,100.0,0,0,0,0,2
1414,site6_484.png,4,4,2,100.0,0,0,0,0,2
1415,site6_485.png,3,0,2,100.0,0,0,0,0,2
1440,site6_518.png,5,6,2,100.0,2,0,0,0,0
1440,site6_518.png,7,7,2,100.0,0,0,0,0,2
1441,site6_519.png,6,1,2,100.0,0,0,0,0,2
1466,site6_553.png,1,7,2,100.0,0,0,0,0,2
1467,site6_554.png,1,1,2,100.0,0,0,0,0,2
1467,site6_554.png,5,2,2,100.0,0,0,0,0,2
1492,site6_588.png,1,3,2,100.0,0,0,0,0,2
1493,site6_589.png,0,1,2,100.0,0,0,0,0,2
1503,site6_607.png,4,7,2,100.0,0,0,2,0,0
1504,site6_608.png,4,0,2,100.0,0,0,2,0,0
1520,site6_624.png,7,1,2,100.0,2,0,0,0,0
1524,site6_637.png,2,6,2,100.0,0,0,0,0,2
1524,site6_637.png,3,2,2,100.0,0,0,0,0,2
1525,site6_638.png,2,0,2,100.0,0,0,0,0,2
1525,site6_638.png,6,6,2,100.0,0,0,2,0,0
1526,site6_639.png,6,0,2,100.0,0,0,2,0,0
1543,site6_656.png,6,7,2,100.0,0,0,0,0,2
1544,site6_657.png,4,3,2,100.0,0,0,0,0,2
1546,site6_659.png,0,1,2,93.4375,2,0,0,0,0
1546,site6_659.png,7,1,2,24.4622,2,0,0,0,0
1552,site6_673.png,0,6,2,100.0,0,0,2,0,0
1554,site6_675.png,6,2,2,100.0,0,0,2,0,0
1570,site6_691.png,2,7,2,60.375,0,0,0,0,2
1570,site6_691.png,4,6,2,100.0,0,0,0,0,2
1571,site6_692.png,2,0,2,48.875,0,0,0,0,2
1571,site6_692.png,2,7,2,100.0,0,0,2,0,0
1571,site6_692.png,4,2,2,100.0,0,0,0,0,2
1571,site6_692.png,6,5,2,100.0,0,0,0,0,2
1572,site6_693.png,2,0,2,49.4062,0,0,2,0,0
1573,site6_694.png,1,1,2,100.0,2,0,0,0,0
1580,site6_709.png,2,3,2,100.0,0,2,0,0,0
1585,site6_714.png,4,7,2,100.0,0,0,2,0,0
1586,site6_715.png,4,0,2,100.0,0,0,2,0,0
1586,site6_715.png,4,5,2,100.0,0,0,0,0,2
1597,site6_726.png,1,5,2,100.0,0,0,0,0,2
1598,site6_727.png,0,0,2,100.0,0,0,0,0,2
1598,site6_727.png,2,3,2,100.0,0,0,0,0,2
1598,site6_727.png,5,3,2,100.0,0,0,0,0,2
1605,site6_743.png,3,4,2,45.0,0,2,0,0,0
1605,site6_743.png,3,7,2,58.1875,0,2,0,0,0
1605,site6_743.png,5,6,2,100.0,0,0,0,0,2
1624,site6_762.png,0,3,2,100.0,0,0,0,0,2
1624,site6_762.png,0,5,2,100.0,0,0,0,0,2
1638,site6_784.png,2,4,2,100.0,0,0,0,0,2
1649,site6_795.png,2,6,2,100.0,0,0,0,0,2
1649,site6_795.png,6,5,2,100.0,0,0,0,0,2
1650,site6_796.png,2,0,2,100.0,0,0,0,0,2
1654,site6_808.png,6,2,2,100.0,0,2,0,0,0
1666,site6_820.png,7,7,2,100.0,0,0,0,0,2
1692,site6_855.png,0,7,2,100.0,0,0,0,0,2
1701,site6_864.png,4,5,2,100.0,0,0,0,0,2
1714,site6_885.png,6,2,2,100.0,0,0,2,0,0
1715,site6_886.png,7,2,2,100.0,0,0,2,0,0
1715,site6_886.png,7,5,2,100.0,0,0,2,0,0
1728,site6_899.png,5,5,2,100.0,0,0,2,0,0
1735,site6_914.png,6,6,2,100.0,0,0,0,0,2
1736,site6_915.png,6,4,2,100.0,0,0,0,0,2
1737,site6_916.png,6,2,2,100.0,0,0,0,0,2
1737,site6_916.png,7,6,2,100.0,0,0,0,0,2
1738,site6_917.png,7,1,2,100.0,0,0,0,0,2
1741,site6_920.png,1,7,2,100.0,0,0,2,0,0
1742,site6_921.png,1,3,2,100.0,0,0,2,0,0
1760,site6_949.png,4,5,2,100.0,0,0,0,0,2
1761,site6_950.png,4,4,2,100.0,0,0,0,0,2
1762,site6_951.png,4,4,2,100.0,0,0,0,0,2
1762,site6_951.png,5,7,2,55.5,2,0,0,0,0
1762,site6_951.png,7,2,2,68.2188,0,0,0,0,2
1763,site6_952.png,4,4,2,100.0,0,0,0,0,2
1763,site6_952.png,5,0,2,14.5521,2,0,0,0,0
1764,site6_953.png,4,0,2,100.0,0,0,0,0,2
1765,site6_954.png,6,7,2,100.0,0,0,0,0,2
1765,site6_954.png,7,7,2,100.0,0,0,0,0,2
1766,site6_955.png,5,4,2,100.0,0,0,0,0,2
1766,site6_955.png,6,1,2,100.0,0,0,0,0,2
1766,site6_955.png,6,4,2,100.0,0,0,0,0,2
1766,site6_955.png,6,5,2,100.0,0,0,0,0,2
1766,site6_955.png,7,0,2,83.1863,0,0,0,0,2
1766,site6_955.png,7,7,2,91.1053,0,0,0,0,2
1767,site6_956.png,6,2,2,100.0,0,0,0,0,2
1767,site6_956.png,6,6,2,100.0,0,0,0,0,2
1767,site6_956.png,7,0,2,55.1053,0,0,0,0,2
1767,site6_956.png,7,4,2,61.25,0,0,0,0,2
1776,site6_965.png,4,7,2,100.0,0,0,0,0,2
1776,site6_965.png,5,7,2,94.2188,2,0,0,0,0
1777,site6_966.png,5,0,2,94.2188,2,0,0,0,0
1777,site6_966.png,7,2,2,100.0,0,0,0,0,2
1778,site6_967.png,6,7,2,79.5,2,0,0,0,0
1779,site6_968.png,6,0,2,79.5,2,0,0,0,0
1785,site6_984.png,2,5,2,100.0,0,0,0,0,2
1785,site6_984.png,7,1,2,100.0,0,2,0,0,0
1786,site6_985.png,2,4,2,100.0,0,0,0,0,2
1786,site6_985.png,2,7,4,100.0,0,0,0,0,4
1787,site6_986.png,0,2,2,100.0,0,0,0,0,2
1787,site6_986.png,1,1,6,100.0,0,0,0,0,6
1787,site6_986.png,1,2,2,74.5312,0,0,0,0,2
1787,site6_986.png,1,3,2,91.4062,0,0,0,0,2
1787,site6_986.png,2,0,2,100.0,0,0,0,0,2
1787,site6_986.png,3,2,2,100.0,0,0,0,0,2
1787,site6_986.png,3,4,2,100.0,0,0,0,0,2
1788,site6_987.png,3,3,2,100.0,0,0,0,0,2
1788,site6_987.png,4,4,2,33.9062,2,0,0,0,0
1788,site6_987.png,4,6,4,36.25,4,0,0,0,0
1788,site6_987.png,5,1,2,63.2812,2,0,0,0,0
1788,site6_987.png,5,4,4,63.9375,4,0,0,0,0
1788,site6_987.png,5,5,4,43.8438,4,0,0,0,0
1788,site6_987.png,5,6,8,95.9688,8,0,0,0,0
1790,site6_989.png,0,7,2,98.0208,0,0,0,0,2
1790,site6_989.png,2,7,2,100.0,0,0,0,0,2
1791,site6_990.png,0,7,2,100.0,0,0,0,0,2
1791,site6_990.png,1,2,2,88.125,0,0,0,0,2
1791,site6_990.png,1,5,2,100.0,0,0,0,0,2
1791,site6_990.png,2,3,2,100.0,0,0,0,0,2
1791,site6_990.png,2,7,2,84.4688,0,0,0,0,2
1791,site6_990.png,3,2,2,90.0312,0,0,0,0,2
1791,site6_990.png,3,4,2,100.0,0,0,0,0,2
1791,site6_990.png,4,6,2,100.0,0,0,0,0,2
1791,site6_990.png,4,7,2,100.0,0,0,0,0,2
1791,site6_990.png,5,1,2,100.0,0,0,0,0,2
1791,site6_990.png,5,6,2,100.0,0,0,0,0,2
1792,site6_991.png,0,0,2,87.875,0,0,0,0,2
1792,site6_991.png,0,4,2,69.125,0,0,0,0,2
1792,site6_991.png,0,6,2,66.3878,0,0,0,0,2
1792,site6_991.png,1,4,4,43.5,0,0,0,0,4
1792,site6_991.png,1,5,2,100.0,0,0,0,0,2
1792,site6_991.png,2,0,2,84.4688,0,0,0,0,2
1792,site6_991.png,2,2,2,100.0,0,0,0,0,2
1792,site6_991.png,3,2,2,100.0,0,0,0,0,2
1792,site6_991.png,4,0,2,100.0,0,0,0,0,2
1792,site6_991.png,4,1,2,75.9375,0,0,0,0,2
1792,site6_991.png,4,3,2,90.3438,0,0,0,0,2
1801,site6_1000.png,2,7,2,100.0,0,0,0,0,2
1802,site6_1001.png,2,2,2,100.0,0,0,0,0,2
1803,site6_1002.png,4,4,2,100.0,0,0,0,0,2
1804,site6_1003.png,2,0,2,100.0,0,0,0,0,2
1804,site6_1003.png,3,3,2,100.0,0,0,2,0,0
1804,site6_1003.png,4,2,2,100.0,0,0,2,0,0
1805,site6_1004.png,2,1,2,100.0,0,0,2,0,0
1805,site6_1004.png,2,6,2,100.0,0,0,2,0,0
1805,site6_1004.png,2,7,2,100.0,0,0,2,0,0
1806,site6_1005.png,2,0,2,100.0,0,0,2,0,0
1807,site6_1018.png,1,7,2,100.0,0,2,0,0,0
1807,site6_1018.png,5,4,4,100.0,2,0,0,0,2
1807,site6_1018.png,6,4,2,42.5,2,0,0,0,0
1807,site6_1018.png,6,6,2,100.0,0,0,0,0,2
1808,site6_1019.png,1,0,2,100.0,0,2,0,0,0
1808,site6_1019.png,5,1,2,100.0,2,0,0,0,0
1808,site6_1019.png,6,0,2,100.0,0,0,0,0,2
1808,site6_1019.png,6,2,2,100.0,0,0,0,0,2
1808,site6_1019.png,7,2,2,94.5,0,0,0,0,2
1812,site6_1023.png,5,2,4,100.0,0,0,0,0,4
1812,site6_1023.png,5,3,4,92.625,0,0,0,0,4
1812,site6_1023.png,6,2,4,84.7812,0,0,0,0,4
1812,site6_1023.png,6,3,6,100.0,0,0,0,0,6
1812,site6_1023.png,6,4,2,100.0,0,0,0,0,2
1824,site6_1035.png,6,3,2,100.0,0,2,0,0,0
1825,site6_1036.png,1,7,2,100.0,0,0,0,0,2
1826,site6_1037.png,1,2,2,100.0,0,0,0,0,2
1852,site6_1093.png,6,5,2,100.0,0,0,2,0,0
1852,site6_1093.png,7,2,2,100.0,0,0,2,0,0
1880,site6_1140.png,6,2,2,100.0,0,0,0,0,2
1912,site9_6.png,5,7,2,27.3125,2,0,0,0,0
1912,site9_6.png,6,6,2,100.0,0,0,0,0,2
1912,site9_6.png,6,7,2,70.6875,0,0,0,0,2
1912,site9_6.png,7,6,4,58.4873,4,0,0,0,0
1912,site9_6.png,7,7,2,18.5625,2,0,0,0,0
1913,site9_7.png,4,1,2,26.1562,0,0,0,2,0
1913,site9_7.png,5,0,2,60.375,2,0,0,0,0
1913,site9_7.png,5,2,2,100.0,2,0,0,0,0
1913,site9_7.png,5,3,4,100.0,2,0,0,0,2
1913,site9_7.png,5,7,2,100.0,0,0,0,0,2
1913,site9_7.png,6,0,2,77.9375,0,0,0,0,2
1913,site9_7.png,6,3,4,90.375,2,0,2,0,0
1913,site9_7.png,7,0,2,11.6875,2,0,0,0,0
1913,site9_7.png,7,2,4,28.625,4,0,0,0,0
1916,site9_17.png,0,6,4,80.5938,4,0,0,0,0
1916,site9_17.png,0,7,2,32.9062,2,0,0,0,0
1916,site9_17.png,1,6,2,100.0,0,0,0,0,2
1916,site9_17.png,2,4,2,100.0,0,0,0,0,2
1916,site9_17.png,2,7,2,36.6562,2,0,0,0,0
1916,site9_17.png,5,7,2,100.0,0,0,0,0,2
1916,site9_17.png,6,4,2,100.0,0,0,0,0,2
1916,site9_17.png,6,5,2,46.7188,0,0,0,0,2
1917,site9_18.png,0,0,2,20.3918,2,0,0,0,0
1917,site9_18.png,0,2,4,54.8125,4,0,0,0,0
1917,site9_18.png,2,0,2,76.375,2,0,0,0,0
1917,site9_18.png,3,3,2,100.0,0,0,0,0,2
1917,site9_18.png,4,0,2,54.5625,0,0,0,0,2
1917,site9_18.png,4,2,2,100.0,0,0,0,0,2
1917,site9_18.png,5,3,2,100.0,2,0,0,0,0
1917,site9_18.png,6,6,2,100.0,0,0,0,0,2
1917,site9_18.png,7,4,4,100.0,0,0,0,0,4
1917,site9_18.png,7,6,2,100.0,0,0,0,0,2
1918,site9_19.png,4,3,2,100.0,0,0,0,0,2
1918,site9_19.png,4,4,2,100.0,0,0,0,0,2
1919,site9_20.png,3,7,2,100.0,2,0,0,0,0
1919,site9_20.png,4,4,2,100.0,0,0,0,0,2
1919,site9_20.png,5,2,2,100.0,2,0,0,0,0
1923,site9_28.png,0,7,2,100.0,0,0,0,0,2
1923,site9_28.png,1,3,2,100.0,0,0,0,0,2
1923,site9_28.png,1,7,2,100.0,2,0,0,0,0
1923,site9_28.png,2,7,2,100.0,2,0,0,0,0
1923,site9_28.png,4,4,2,100.0,0,0,0,0,2
1923,site9_28.png,4,5,4,100.0,4,0,0,0,0
1923,site9_28.png,4,6,2,53.1875,2,0,0,0,0
1923,site9_28.png,5,5,4,100.0,2,0,0,0,2
1923,site9_28.png,6,1,2,100.0,0,0,0,0,2
1923,site9_28.png,6,2,2,100.0,0,0,0,0,2
1923,site9_28.png,6,7,2,100.0,2,0,0,0,0
1924,site9_29.png,0,4,2,61.875,0,0,0,0,2
1924,site9_29.png,0,6,2,100.0,0,0,0,0,2
1924,site9_29.png,1,0,2,27.0276,2,0,0,0,0
1924,site9_29.png,2,6,2,100.0,0,0,2,0,0
1924,site9_29.png,3,6,2,100.0,0,0,0,0,2
1924,site9_29.png,4,2,2,100.0,0,0,0,0,2
1924,site9_29.png,5,5,2,100.0,2,0,0,0,0
1924,site9_29.png,5,7,2,100.0,0,0,0,0,2
1924,site9_29.png,6,1,2,100.0,2,0,0,0,0
1925,site9_30.png,1,5,2,100.0,0,0,0,0,2
1925,site9_30.png,2,6,2,100.0,0,0,0,0,2
1925,site9_30.png,3,4,2,100.0,0,0,0,0,2
1925,site9_30.png,4,4,2,28.75,2,0,0,0,0
1925,site9_30.png,5,0,2,100.0,0,0,0,0,2
1926,site9_31.png,1,7,2,100.0,2,0,0,0,0
1926,site9_31.png,3,4,2,100.0,0,0,0,0,2
1926,site9_31.png,6,2,2,23.625,0,0,0,2,0
1927,site9_32.png,2,1,2,100.0,2,0,0,0,0
1927,site9_32.png,2,3,2,46.125,2,0,0,0,0
1927,site9_32.png,2,4,2,100.0,0,0,0,0,2
1927,site9_32.png,3,0,2,100.0,0,0,0,0,2
1929,site9_37.png,5,3,2,100.0,0,0,2,0,0
1929,site9_37.png,7,1,6,58.5,0,0,0,6,0
1929,site9_37.png,7,2,6,100.0,0,0,0,6,0
1929,site9_37.png,7,3,2,19.0,0,0,0,2,0
1931,site9_39.png,1,4,4,100.0,0,0,0,0,4
1931,site9_39.png,7,6,4,100.0,0,0,4,0,0
1932,site9_40.png,0,0,4,100.0,2,0,0,0,2
1932,site9_40.png,4,6,2,100.0,0,0,2,0,0
1932,site9_40.png,4,7,2,91.5,0,0,2,0,0
1932,site9_40.png,5,3,2,100.0,0,0,2,0,0
1932,site9_40.png,5,4,2,100.0,0,0,2,0,0
1932,site9_40.png,5,5,2,100.0,0,0,2,0,0
1932,site9_40.png,6,2,2,100.0,0,0,2,0,0
1932,site9_40.png,6,4,2,100.0,0,0,2,0,0
1932,site9_40.png,7,1,2,94.5,0,0,2,0,0
1932,site9_40.png,7,2,2,83.3125,0,0,2,0,0
1932,site9_40.png,7,3,2,79.5625,0,0,2,0,0
1932,site9_40.png,7,5,2,100.0,0,0,2,0,0
1932,site9_40.png,7,6,2,95.4688,0,0,2,0,0
1933,site9_41.png,2,1,4,100.0,0,0,2,0,2
1933,site9_41.png,3,2,2,100.0,0,0,2,0,0
1933,site9_41.png,3,3,4,100.0,0,0,4,0,0
1933,site9_41.png,4,0,2,47.878,0,0,2,0,0
1933,site9_41.png,4,2,2,86.625,0,0,2,0,0
1933,site9_41.png,4,4,2,79.3125,0,0,2,0,0
1933,site9_41.png,5,3,2,100.0,0,0,2,0,0
1933,site9_41.png,6,1,2,100.0,0,0,2,0,0
1933,site9_41.png,6,2,2,100.0,0,0,2,0,0
1933,site9_41.png,6,3,2,100.0,0,0,2,0,0
1933,site9_41.png,6,6,2,100.0,0,0,2,0,0
1933,site9_41.png,7,2,2,100.0,0,0,2,0,0
1933,site9_41.png,7,4,2,92.1875,0,0,2,0,0
1933,site9_41.png,7,6,2,100.0,0,0,2,0,0
1936,site9_47.png,1,0,2,100.0,0,0,2,0,0
1936,site9_47.png,1,3,2,21.875,0,0,0,2,0
1936,site9_47.png,1,7,2,24.0,0,0,0,2,0
1936,site9_47.png,2,1,2,100.0,2,0,0,0,0
1936,site9_47.png,2,2,8,100.0,0,0,0,8,0
1936,site9_47.png,2,3,4,100.0,0,0,0,4,0
1936,site9_47.png,4,4,2,100.0,0,0,0,0,2
1936,site9_47.png,5,0,2,100.0,0,0,0,0,2
1936,site9_47.png,5,1,2,100.0,0,0,0,0,2
1936,site9_47.png,6,0,2,100.0,0,0,0,0,2
1936,site9_47.png,6,1,2,100.0,0,0,0,0,2
1936,site9_47.png,7,0,4,100.0,0,0,0,0,4
1936,site9_47.png,7,7,2,100.0,0,0,0,0,2
1937,site9_48.png,0,1,6,80.75,0,0,0,6,0
1937,site9_48.png,0,2,4,43.75,0,0,0,4,0
1937,site9_48.png,0,3,2,26.0,0,0,0,2,0
1937,site9_48.png,1,0,4,57.4688,0,0,0,4,0
1937,site9_48.png,1,1,4,100.0,0,0,0,4,0
1937,site9_48.png,1,2,8,100.0,0,0,0,8,0
1937,site9_48.png,1,3,2,31.0,0,0,0,2,0
1937,site9_48.png,7,0,2,100.0,0,0,0,0,2
1938,site9_49.png,5,6,2,100.0,0,0,2,0,0
1938,site9_49.png,6,7,2,33.8672,0,0,2,0,0
1938,site9_49.png,7,7,2,12.25,0,0,2,0,0
1939,site9_50.png,0,4,2,100.0,0,0,2,0,0
1939,site9_50.png,0,6,2,100.0,0,0,2,0,0
1939,site9_50.png,1,2,2,100.0,0,0,2,0,0
1939,site9_50.png,1,3,2,53.1875,0,0,2,0,0
1939,site9_50.png,1,5,2,80.625,0,0,2,0,0
1939,site9_50.png,2,1,2,73.125,0,0,2,0,0
1939,site9_50.png,2,2,2,86.25,0,0,2,0,0
1939,site9_50.png,3,7,4,100.0,0,0,4,0,0
1939,site9_50.png,4,1,2,100.0,0,0,2,0,0
1939,site9_50.png,4,4,2,100.0,0,0,2,0,0
1939,site9_50.png,4,6,2,72.5,0,0,2,0,0
1939,site9_50.png,4,7,2,57.75,0,0,2,0,0
1939,site9_50.png,5,1,2,99.6875,0,0,2,0,0
1939,site9_50.png,6,0,2,100.0,0,0,2,0,0
1939,site9_50.png,6,1,2,100.0,0,0,2,0,0
1939,site9_50.png,6,3,2,50.75,0,0,2,0,0
1939,site9_50.png,6,4,6,100.0,0,0,6,0,0
1939,site9_50.png,6,7,2,51.4688,0,0,2,0,0
1939,site9_50.png,7,1,2,74.3438,0,0,2,0,0
1939,site9_50.png,7,2,2,73.9062,0,0,2,0,0
1939,site9_50.png,7,3,2,45.0987,0,0,2,0,0
1939,site9_50.png,7,5,4,100.0,0,0,4,0,0
1939,site9_50.png,7,7,2,31.5,0,0,2,0,0
1940,site9_51.png,0,1,2,100.0,0,0,2,0,0
1940,site9_51.png,0,2,2,60.2254,0,0,2,0,0
1940,site9_51.png,0,3,2,100.0,0,0,2,0,0
1940,site9_51.png,0,5,2,100.0,0,0,2,0,0
1940,site9_51.png,0,6,2,26.5503,0,0,2,0,0
1940,site9_51.png,1,5,2,92.5312,0,0,2,0,0
1940,site9_51.png,1,7,2,87.875,0,0,2,0,0
1940,site9_51.png,2,1,2,56.0625,0,0,2,0,0
1940,site9_51.png,2,2,4,100.0,0,0,4,0,0
1940,site9_51.png,2,3,2,54.3438,0,0,2,0,0
1940,site9_51.png,2,5,2,86.625,0,0,2,0,0
1940,site9_51.png,2,7,2,95.4062,0,0,2,0,0
1940,site9_51.png,3,0,4,97.3125,0,0,4,0,0
1940,site9_51.png,3,4,4,100.0,0,0,4,0,0
1940,site9_51.png,3,6,4,100.0,0,0,4,0,0
1940,site9_51.png,3,7,2,39.4957,0,0,2,0,0
1940,site9_51.png,4,0,2,66.9375,0,0,2,0,0
1940,site9_51.png,4,4,2,100.0,0,0,2,0,0
1940,site9_51.png,4,7,4,100.0,0,0,4,0,0
1940,site9_51.png,5,1,2,100.0,0,0,2,0,0
1940,site9_51.png,5,2,2,100.0,0,0,2,0,0
1940,site9_51.png,6,0,2,13.5,0,0,2,0,0
1940,site9_51.png,6,3,2,94.5,0,0,2,0,0
1940,site9_51.png,6,7,2,100.0,0,0,2,0,0
1940,site9_51.png,7,0,2,60.75,0,0,2,0,0
1940,site9_51.png,7,1,2,24.4617,0,0,2,0,0
1940,site9_51.png,7,5,4,100.0,0,0,4,0,0
1940,site9_51.png,7,6,2,20.8373,0,0,2,0,0
1940,site9_51.png,7,7,2,30.5025,0,0,2,0,0
1941,site9_52.png,0,4,4,100.0,0,0,4,0,0
1941,site9_52.png,0,6,2,48.1534,0,0,2,0,0
1941,site9_52.png,1,0,2,87.875,0,0,2,0,0
1941,site9_52.png,1,1,2,100.0,0,0,2,0,0
1941,site9_52.png,1,3,2,78.75,0,0,2,0,0
1941,site9_52.png,1,6,4,100.0,0,0,4,0,0
1941,site9_52.png,2,0,2,55.4688,0,0,2,0,0
1941,site9_52.png,2,3,2,79.5625,0,0,2,0,0
1941,site9_52.png,3,0,2,100.0,0,0,2,0,0
1941,site9_52.png,3,2,2,100.0,0,0,2,0,0
1941,site9_52.png,3,7,2,63.2131,0,0,2,0,0
1941,site9_52.png,4,0,4,100.0,0,0,4,0,0
1941,site9_52.png,4,1,2,78.1562,0,0,2,0,0
1941,site9_52.png,4,2,2,90.3438,0,0,2,0,0
1941,site9_52.png,4,3,2,42.5938,0,0,2,0,0
1941,site9_52.png,4,4,2,100.0,0,0,2,0,0
1941,site9_52.png,4,5,2,100.0,0,0,2,0,0
1941,site9_52.png,4,7,2,89.25,0,0,2,0,0
1941,site9_52.png,5,1,6,100.0,0,0,6,0,0
1941,site9_52.png,5,3,2,100.0,0,0,2,0,0
1941,site9_52.png,6,0,2,84.5625,0,0,2,0,0
1941,site9_52.png,6,1,2,80.625,0,0,2,0,0
1941,site9_52.png,6,3,2,65.0,0,0,2,0,0
1941,site9_52.png,6,7,2,100.0,0,0,2,0,0
1941,site9_52.png,7,0,2,34.7287,0,0,2,0,0
1941,site9_52.png,7,1,2,100.0,0,0,2,0,0
1941,site9_52.png,7,2,2,100.0,0,0,2,0,0
1941,site9_52.png,7,3,2,100.0,0,0,2,0,0
1941,site9_52.png,7,7,2,100.0,0,0,2,0,0
1942,site9_53.png,3,0,4,100.0,0,0,4,0,0
1942,site9_53.png,5,7,2,33.4212,0,0,2,0,0
1942,site9_53.png,6,0,2,86.625,0,0,2,0,0
1942,site9_53.png,7,0,2,45.4679,0,0,2,0,0
1942,site9_53.png,7,7,2,28.6875,0,0,2,0,0
1943,site9_57.png,0,5,2,88.5065,0,0,0,0,2
1943,site9_57.png,0,6,2,71.588,0,0,0,0,2
1943,site9_57.png,0,7,2,93.4062,0,0,0,0,2
1943,site9_57.png,1,6,2,100.0,0,0,0,0,2
1943,site9_57.png,2,5,2,100.0,0,0,0,0,2
1943,site9_57.png,2,7,2,100.0,0,0,0,0,2
1943,site9_57.png,3,2,2,100.0,0,0,0,0,2
1943,site9_57.png,3,3,2,100.0,0,0,0,0,2
1943,site9_57.png,3,4,2,100.0,0,0,0,0,2
1943,site9_57.png,3,7,2,100.0,0,0,0,0,2
1943,site9_57.png,4,4,2,100.0,0,0,0,0,2
1943,site9_57.png,4,5,2,100.0,0,0,0,0,2
1943,site9_57.png,5,4,2,100.0,0,0,0,0,2
1943,site9_57.png,5,5,2,100.0,0,0,0,0,2
1943,site9_57.png,6,2,2,100.0,0,0,0,0,2
1943,site9_57.png,6,6,2,100.0,0,0,0,0,2
1944,site9_58.png,0,0,2,100.0,0,0,0,0,2
1944,site9_58.png,1,0,2,83.4767,0,0,0,0,2
1944,site9_58.png,1,4,2,100.0,0,0,0,0,2
1944,site9_58.png,1,6,2,100.0,0,0,0,0,2
1944,site9_58.png,1,7,2,100.0,0,0,0,0,2
1944,site9_58.png,2,0,2,100.0,0,0,0,0,2
1944,site9_58.png,2,3,2,100.0,0,0,0,0,2
1944,site9_58.png,3,0,2,100.0,0,0,0,0,2
1944,site9_58.png,3,1,2,100.0,0,0,0,0,2
1944,site9_58.png,4,1,2,100.0,0,0,0,0,2
1945,site9_59.png,1,0,2,100.0,0,0,0,0,2
1945,site9_59.png,5,6,2,100.0,0,0,0,0,2
1946,site9_60.png,0,7,2,48.6875,0,0,2,0,0
1946,site9_60.png,1,7,4,100.0,0,0,4,0,0
1946,site9_60.png,2,6,2,100.0,0,0,2,0,0
1946,site9_60.png,5,3,2,100.0,0,0,0,0,2
1946,site9_60.png,7,7,2,100.0,0,0,2,0,0
1947,site9_61.png,0,0,2,20.625,0,0,2,0,0
1947,site9_61.png,0,1,2,74.3438,0,0,2,0,0
1947,site9_61.png,0,2,2,38.9562,0,0,2,0,0
1947,site9_61.png,0,3,2,100.0,0,0,2,0,0
1947,site9_61.png,0,5,4,100.0,0,0,4,0,0
1947,site9_61.png,0,7,2,46.1562,0,0,2,0,0
1947,site9_61.png,1,0,4,100.0,0,0,4,0,0
1947,site9_61.png,1,1,2,97.7188,0,0,2,0,0
1947,site9_61.png,1,3,2,100.0,0,0,2,0,0
1947,site9_61.png,1,4,2,100.0,0,0,2,0,0
1947,site9_61.png,1,5,2,55.0,0,0,2,0,0
1947,site9_61.png,1,6,2,85.25,0,0,2,0,0
1947,site9_61.png,2,1,2,73.9062,0,0,2,0,0
1947,site9_61.png,2,4,6,100.0,0,0,6,0,0
1947,site9_61.png,2,5,2,62.7812,0,0,2,0,0
1947,site9_61.png,3,1,4,100.0,0,0,4,0,0
1947,site9_61.png,3,3,2,96.25,0,0,2,0,0
1947,site9_61.png,3,7,2,18.6,0,0,2,0,0
1947,site9_61.png,4,1,2,86.25,0,0,2,0,0
1947,site9_61.png,4,4,2,100.0,0,0,2,0,0
1947,site9_61.png,4,6,2,100.0,0,0,2,0,0
1947,site9_61.png,4,7,2,77.4375,0,0,2,0,0
1947,site9_61.png,5,1,2,100.0,0,0,2,0,0
1947,site9_61.png,5,2,2,100.0,0,0,2,0,0
1947,site9_61.png,5,5,2,100.0,0,0,2,0,0
1947,site9_61.png,5,6,4,100.0,0,0,4,0,0
1947,site9_61.png,6,1,2,100.0,0,0,2,0,0
1947,site9_61.png,6,2,2,100.0,0,0,2,0,0
1947,site9_61.png,6,4,2,100.0,0,0,2,0,0
1947,site9_61.png,6,5,2,77.4375,0,0,2,0,0
1947,site9_61.png,6,6,2,77.8438,0,0,2,0,0
1947,site9_61.png,6,7,2,100.0,0,0,2,0,0
1947,site9_61.png,7,3,2,71.25,0,0,2,0,0
1947,site9_61.png,7,4,2,35.2457,0,0,2,0,0
1947,site9_61.png,7,5,2,65.8125,0,0,2,0,0
1947,site9_61.png,7,6,2,58.0,0,0,2,0,0
1948,site9_62.png,0,0,2,97.875,0,0,2,0,0
1948,site9_62.png,0,1,2,97.625,0,0,2,0,0
1948,site9_62.png,0,5,2,100.0,0,0,2,0,0
1948,site9_62.png,0,6,2,71.2188,0,0,2,0,0
1948,site9_62.png,0,7,2,89.0625,0,0,2,0,0
1948,site9_62.png,1,2,2,82.5,0,0,2,0,0
1948,site9_62.png,1,5,2,100.0,0,0,2,0,0
1948,site9_62.png,1,7,2,96.4688,0,0,2,0,0
1948,site9_62.png,2,7,2,52.5345,0,0,2,0,0
1948,site9_62.png,3,0,2,75.625,0,0,2,0,0
1948,site9_62.png,3,1,2,100.0,0,0,2,0,0
1948,site9_62.png,4,0,2,79.2812,0,0,2,0,0
1948,site9_62.png,4,1,4,100.0,0,0,4,0,0
1948,site9_62.png,4,2,4,100.0,0,0,4,0,0
1948,site9_62.png,4,3,2,100.0,0,0,2,0,0
1948,site9_62.png,4,4,2,100.0,0,0,2,0,0
1948,site9_62.png,4,6,2,58.1875,0,0,2,0,0
1948,site9_62.png,5,1,2,100.0,0,0,2,0,0
1948,site9_62.png,5,2,2,100.0,0,0,2,0,0
1948,site9_62.png,5,5,2,72.875,0,0,2,0,0
1948,site9_62.png,6,0,2,68.1771,0,0,2,0,0
1948,site9_62.png,6,1,4,100.0,0,0,4,0,0
1948,site9_62.png,6,2,2,94.0625,0,0,2,0,0
1948,site9_62.png,6,4,2,82.8125,0,0,2,0,0
1948,site9_62.png,6,5,2,100.0,0,0,2,0,0
1948,site9_62.png,6,6,4,100.0,0,0,4,0,0
1948,site9_62.png,7,2,2,100.0,0,0,2,0,0
1948,site9_62.png,7,3,2,100.0,0,0,2,0,0
1948,site9_62.png,7,6,2,100.0,0,0,2,0,0
1948,site9_62.png,7,7,2,58.9375,0,0,2,0,0
1949,site9_63.png,0,0,2,100.0,0,0,2,0,0
1949,site9_63.png,0,1,2,42.9017,0,0,2,0,0
1949,site9_63.png,0,2,2,85.5,0,0,2,0,0
1949,site9_63.png,0,3,2,100.0,0,0,2,0,0
1949,site9_63.png,0,7,2,47.6663,0,0,2,0,0
1949,site9_63.png,1,0,2,100.0,0,0,2,0,0
1949,site9_63.png,1,1,4,100.0,0,0,4,0,0
1949,site9_63.png,1,4,2,100.0,0,0,2,0,0
1949,site9_63.png,2,0,2,86.0,0,0,2,0,0
1949,site9_63.png,3,3,2,100.0,0,0,2,0,0
1949,site9_63.png,3,4,2,94.5,0,0,2,0,0
1949,site9_63.png,4,2,2,100.0,0,0,2,0,0
1949,site9_63.png,4,4,2,100.0,0,0,2,0,0
1949,site9_63.png,6,2,2,70.0625,0,0,2,0,0
1949,site9_63.png,6,3,4,100.0,0,0,4,0,0
1949,site9_63.png,6,4,2,100.0,0,0,2,0,0
1949,site9_63.png,6,7,6,100.0,0,0,6,0,0
1949,site9_63.png,7,0,2,54.625,0,0,2,0,0
1949,site9_63.png,7,1,2,60.2188,0,0,2,0,0
1949,site9_63.png,7,3,2,76.7812,0,0,2,0,0
1949,site9_63.png,7,4,2,100.0,0,0,2,0,0
1949,site9_63.png,7,5,2,20.825,0,0,2,0,0
1949,site9_63.png,7,6,2,17.4562,0,0,2,0,0
1949,site9_63.png,7,7,4,100.0,0,0,4,0,0
1950,site9_64.png,0,7,2,41.7895,0,0,2,0,0
1950,site9_64.png,1,5,2,100.0,0,0,2,0,0
1950,site9_64.png,1,7,4,100.0,0,0,4,0,0
1950,site9_64.png,2,5,4,100.0,0,0,4,0,0
1950,site9_64.png,2,6,2,100.0,0,0,2,0,0
1950,site9_64.png,2,7,2,100.0,0,0,2,0,0
1950,site9_64.png,3,6,4,100.0,0,0,4,0,0
1950,site9_64.png,4,4,2,86.0625,0,0,2,0,0
1950,site9_64.png,4,5,4,100.0,0,0,4,0,0
1950,site9_64.png,4,6,4,100.0,0,0,4,0,0
1950,site9_64.png,4,7,6,100.0,0,0,6,0,0
1950,site9_64.png,5,6,4,100.0,0,0,4,0,0
1950,site9_64.png,5,7,2,100.0,0,0,2,0,0
1950,site9_64.png,6,0,4,100.0,0,0,4,0,0
1950,site9_64.png,6,1,2,100.0,0,0,2,0,0
1950,site9_64.png,6,4,2,100.0,0,0,2,0,0
1950,site9_64.png,6,6,2,100.0,0,0,2,0,0
1950,site9_64.png,6,7,2,100.0,0,0,2,0,0
1950,site9_64.png,7,0,4,100.0,0,0,4,0,0
1950,site9_64.png,7,1,2,100.0,0,0,2,0,0
1950,site9_64.png,7,4,4,100.0,0,0,4,0,0
1950,site9_64.png,7,5,4,100.0,0,0,4,0,0
1951,site9_68.png,0,6,2,55.4664,0,0,0,0,2
1951,site9_68.png,1,0,2,100.0,0,0,0,0,2
1951,site9_68.png,1,3,4,100.0,0,0,0,0,4
1952,site9_69.png,5,4,2,28.875,2,0,0,0,0
1953,site9_70.png,3,7,2,8.8542,2,0,0,0,0
1953,site9_70.png,4,4,2,100.0,0,0,0,0,2
1954,site9_71.png,1,5,2,47.25,0,0,2,0,0
1954,site9_71.png,1,7,4,100.0,0,0,4,0,0
1954,site9_71.png,2,5,2,53.4375,0,0,2,0,0
1954,site9_71.png,3,0,2,22.5,2,0,0,0,0
1954,site9_71.png,3,2,2,40.25,2,0,0,0,0
1954,site9_71.png,4,1,2,89.375,0,0,0,0,2
1954,site9_71.png,4,3,2,100.0,0,0,0,0,2
1954,site9_71.png,6,7,2,5.0,2,0,0,0,0
1955,site9_72.png,0,4,2,100.0,0,0,2,0,0
1955,site9_72.png,0,5,2,10.6875,0,0,2,0,0
1955,site9_72.png,0,6,2,100.0,0,0,2,0,0
1955,site9_72.png,1,0,2,89.4375,0,0,2,0,0
1955,site9_72.png,1,1,2,100.0,0,0,2,0,0
1955,site9_72.png,1,4,2,100.0,0,0,2,0,0
1955,site9_72.png,1,5,6,100.0,0,0,6,0,0
1955,site9_72.png,2,1,4,100.0,0,0,4,0,0
1955,site9_72.png,2,4,2,100.0,0,0,2,0,0
1955,site9_72.png,2,5,2,79.875,0,0,2,0,0
1955,site9_72.png,3,2,2,67.5,0,0,2,0,0
1955,site9_72.png,4,0,2,100.0,2,0,0,0,0
1955,site9_72.png,5,6,2,100.0,0,0,2,0,0
1955,site9_72.png,6,0,2,15.0,2,0,0,0,0
1956,site9_73.png,0,2,2,36.3145,0,0,2,0,0
1956,site9_73.png,0,3,2,54.0694,0,0,2,0,0
1956,site9_73.png,0,6,2,100.0,0,0,2,0,0
1956,site9_73.png,0,7,2,22.905,0,0,2,0,0
1956,site9_73.png,1,6,2,100.0,0,0,2,0,0
1956,site9_73.png,1,7,2,100.0,0,0,2,0,0
1956,site9_73.png,2,2,6,100.0,0,0,4,0,2
1956,site9_73.png,2,7,4,100.0,0,0,4,0,0
1956,site9_73.png,3,3,2,100.0,0,0,0,0,2
1956,site9_73.png,4,2,2,100.0,0,0,2,0,0
1957,site9_74.png,0,0,2,21.2175,0,0,2,0,0
1957,site9_74.png,0,1,2,73.4375,0,0,2,0,0
1957,site9_74.png,0,3,2,70.8181,0,0,2,0,0
1957,site9_74.png,0,4,2,35.6904,0,0,2,0,0
1957,site9_74.png,0,5,2,68.5312,0,0,2,0,0
1957,site9_74.png,0,6,2,86.25,0,0,2,0,0
1957,site9_74.png,0,7,4,100.0,0,0,4,0,0
1957,site9_74.png,1,0,2,97.747,0,0,2,0,0
1957,site9_74.png,1,1,2,100.0,0,0,2,0,0
1957,site9_74.png,1,2,2,100.0,0,0,2,0,0
1957,site9_74.png,1,4,2,100.0,0,0,2,0,0
1957,site9_74.png,1,5,2,100.0,0,0,2,0,0
1957,site9_74.png,1,6,2,100.0,0,0,2,0,0
1957,site9_74.png,2,0,4,100.0,0,0,4,0,0
1957,site9_74.png,2,1,2,76.5938,0,0,2,0,0
1957,site9_74.png,2,5,2,97.9688,0,0,2,0,0
1957,site9_74.png,3,2,2,83.3125,0,0,2,0,0
1957,site9_74.png,3,3,2,100.0,0,0,2,0,0
1957,site9_74.png,3,6,2,100.0,0,0,2,0,0
1957,site9_74.png,3,7,2,100.0,0,0,2,0,0
1958,site9_75.png,0,0,4,100.0,0,0,4,0,0
1958,site9_75.png,0,1,2,100.0,0,0,2,0,0
1958,site9_75.png,0,4,2,100.0,0,0,2,0,0
1958,site9_75.png,0,5,4,100.0,0,0,4,0,0
1958,site9_75.png,1,1,4,100.0,0,0,4,0,0
1958,site9_75.png,1,4,2,100.0,0,0,2,0,0
1958,site9_75.png,1,5,2,100.0,0,0,2,0,0
1958,site9_75.png,3,0,4,100.0,0,0,4,0,0
1959,site9_79.png,3,0,2,100.0,2,0,0,0,0
1959,site9_79.png,4,1,2,71.6875,0,0,2,0,0
1959,site9_79.png,4,4,2,100.0,2,0,0,0,0
1961,site9_81.png,0,5,2,100.0,0,0,0,0,2
1961,site9_81.png,4,6,2,100.0,0,2,0,0,0
1961,site9_81.png,6,7,2,100.0,0,0,0,0,2
1962,site9_82.png,0,1,2,100.0,0,0,0,0,2
1962,site9_82.png,4,1,2,100.0,0,2,0,0,0
1962,site9_82.png,6,0,2,100.0,0,0,0,0,2
1965,site9_85.png,5,4,2,100.0,0,0,0,0,2
1966,site9_86.png,4,1,2,27.0,2,0,0,0,0
1967,site9_90.png,0,2,2,100.0,2,0,0,0,0
1974,site9_100.png,4,2,2,35.0,2,0,0,0,0
1982,site9_111.png,5,4,2,36.5625,2,0,0,0,0
2033,site14_67.png,2,6,2,100.0,0,0,0,0,2
2036,site14_70.png,7,7,2,100.0,0,2,0,0,0
2037,site14_71.png,6,5,2,100.0,2,0,0,0,0
2037,site14_71.png,7,1,2,100.0,0,2,0,0,0
2037,site14_71.png,7,2,2,100.0,2,0,0,0,0
2040,site14_74.png,3,4,2,100.0,0,2,0,0,0
2040,site14_74.png,4,5,2,100.0,0,0,0,0,2
2040,site14_74.png,5,5,2,100.0,0,0,0,0,2
2040,site14_74.png,5,6,4,100.0,0,0,0,0,4
2040,site14_74.png,6,4,2,100.0,0,0,0,0,2
2040,site14_74.png,6,6,4,100.0,0,0,0,0,4
2040,site14_74.png,7,1,4,100.0,0,0,0,0,4
2040,site14_74.png,7,7,2,100.0,0,0,0,0,2
2041,site14_75.png,3,6,6,100.0,0,0,0,0,6
2041,site14_75.png,3,7,2,100.0,0,0,0,0,2
2041,site14_75.png,4,6,2,100.0,0,0,0,0,2
2041,site14_75.png,4,7,4,100.0,0,0,0,0,4
2041,site14_75.png,7,0,4,100.0,0,0,0,0,4
2042,site14_76.png,3,0,2,97.5,0,0,0,0,2
2042,site14_76.png,4,0,4,100.0,0,0,0,0,4
2042,site14_76.png,4,1,2,100.0,0,0,0,0,2
2042,site14_76.png,5,2,4,100.0,0,0,0,0,4
2042,site14_76.png,6,1,2,100.0,0,0,0,0,2
2050,site14_86.png,7,7,2,100.0,0,2,0,0,0
2051,site14_87.png,5,6,2,100.0,2,0,0,0,0
2051,site14_87.png,6,2,4,97.625,0,0,0,4,0
2051,site14_87.png,6,3,8,100.0,0,0,0,8,0
2051,site14_87.png,7,0,2,100.0,0,2,0,0,0
2051,site14_87.png,7,1,6,100.0,0,0,0,6,0
2051,site14_87.png,7,2,10,100.0,0,0,0,10,0
2051,site14_87.png,7,3,6,100.0,0,0,0,6,0
2051,site14_87.png,7,4,4,56.4375,0,0,0,4,0
2052,site14_88.png,2,5,2,100.0,2,0,0,0,0
2052,site14_88.png,3,3,2,100.0,2,0,0,0,0
2052,site14_88.png,4,1,2,100.0,2,0,0,0,0
2052,site14_88.png,6,2,2,100.0,0,0,0,0,2
2053,site14_89.png,3,0,2,100.0,2,0,0,0,0
2053,site14_89.png,3,5,2,100.0,0,2,0,0,0
2054,site14_90.png,0,7,2,100.0,0,2,0,0,0
2054,site14_90.png,2,7,2,100.0,2,0,0,0,0
2055,site14_91.png,0,1,2,100.0,0,2,0,0,0
2055,site14_91.png,0,5,2,100.0,2,0,0,0,0
2055,site14_91.png,1,1,2,100.0,2,0,0,0,0
2055,site14_91.png,2,2,2,100.0,0,2,0,0,0
2055,site14_91.png,3,6,4,100.0,0,0,2,0,2
2055,site14_91.png,4,5,6,100.0,0,0,4,0,2
2055,site14_91.png,4,6,4,100.0,0,0,4,0,0
2055,site14_91.png,4,7,2,100.0,0,0,0,0,2
2055,site14_91.png,5,3,2,100.0,0,0,2,0,0
2055,site14_91.png,5,4,4,100.0,0,0,4,0,0
2055,site14_91.png,5,5,4,100.0,0,0,2,0,2
2055,site14_91.png,5,6,4,100.0,0,0,4,0,0
2055,site14_91.png,5,7,4,100.0,0,0,4,0,0
2055,site14_91.png,6,4,2,100.0,0,0,2,0,0
2055,site14_91.png,6,5,4,100.0,0,0,2,0,2
2055,site14_91.png,6,6,6,100.0,0,0,0,0,6
2055,site14_91.png,6,7,4,100.0,0,0,2,0,2
2055,site14_91.png,7,5,2,100.0,0,0,2,0,0
2055,site14_91.png,7,6,4,100.0,0,0,4,0,0
2055,site14_91.png,7,7,4,100.0,0,0,0,0,4
2056,site14_92.png,4,0,2,86.0625,0,0,0,0,2
2056,site14_92.png,5,0,2,100.0,0,0,2,0,0
2056,site14_92.png,6,0,6,100.0,0,0,2,0,4
2056,site14_92.png,7,0,2,100.0,0,0,0,0,2
2057,site14_93.png,2,7,2,100.0,0,0,0,2,0
2057,site14_93.png,3,6,2,100.0,0,0,0,2,0
2057,site14_93.png,4,5,2,100.0,0,0,0,2,0
2057,site14_93.png,5,5,2,100.0,0,0,0,2,0
2057,site14_93.png,5,7,2,100.0,0,0,0,2,0
2057,site14_93.png,6,2,2,100.0,0,0,0,2,0
2057,site14_93.png,6,7,2,100.0,0,0,0,2,0
2057,site14_93.png,7,1,2,100.0,0,0,0,2,0
2057,site14_93.png,7,4,2,93.8669,0,0,0,2,0
2057,site14_93.png,7,6,2,100.0,0,0,0,2,0
2058,site14_94.png,0,1,2,75.625,0,0,0,0,2
2058,site14_94.png,0,6,2,100.0,0,0,0,0,2
2058,site14_94.png,0,7,2,34.7054,0,0,0,0,2
2058,site14_94.png,2,0,2,100.0,0,0,0,2,0
2058,site14_94.png,2,2,4,100.0,0,0,0,0,4
2058,site14_94.png,2,3,4,100.0,0,0,0,0,4
2058,site14_94.png,3,3,2,100.0,0,0,0,0,2
2058,site14_94.png,3,4,2,82.8125,0,0,0,0,2
2058,site14_94.png,4,0,2,100.0,0,0,0,2,0
2058,site14_94.png,4,2,2,100.0,0,0,0,2,0
2058,site14_94.png,4,4,4,100.0,0,0,0,0,4
2058,site14_94.png,4,5,2,87.75,0,0,0,0,2
2058,site14_94.png,5,1,2,100.0,0,0,0,2,0
2058,site14_94.png,5,5,4,100.0,0,0,0,0,4
2058,site14_94.png,6,0,2,100.0,0,0,0,2,0
2058,site14_94.png,6,4,2,100.0,0,0,0,2,0
2058,site14_94.png,7,3,2,99.582,0,0,0,2,0
2059,site14_95.png,0,0,2,41.3179,0,0,0,0,2
2066,site14_105.png,5,7,2,100.0,0,0,0,0,2
2067,site14_106.png,1,7,2,100.0,0,2,0,0,0
2067,site14_106.png,4,5,2,100.0,0,0,0,0,2
2067,site14_106.png,5,3,2,100.0,0,0,0,0,2
2067,site14_106.png,7,7,2,100.0,0,0,0,0,2
2068,site14_107.png,0,1,6,86.5437,0,0,0,6,0
2068,site14_107.png,0,2,10,100.0,0,0,0,10,0
2068,site14_107.png,0,3,6,96.1926,0,0,0,6,0
2068,site14_107.png,0,4,6,81.625,0,0,0,6,0
2068,site14_107.png,1,3,6,100.0,0,0,0,6,0
2068,site14_107.png,1,4,6,64.5625,0,0,0,6,0
2068,site14_107.png,1,5,2,25.3125,0,0,0,2,0
2068,site14_107.png,2,1,2,100.0,0,2,0,0,0
2068,site14_107.png,2,3,2,37.1875,0,0,0,2,0
2068,site14_107.png,2,4,2,30.9375,0,0,0,2,0
2068,site14_107.png,2,5,4,61.0312,0,0,0,4,0
2068,site14_107.png,5,1,2,100.0,0,0,0,0,2
2068,site14_107.png,6,3,4,100.0,0,0,0,0,4
2072,site14_111.png,0,5,2,100.0,0,0,2,0,0
2072,site14_111.png,0,6,6,100.0,0,0,4,0,2
2072,site14_111.png,0,7,4,100.0,0,0,0,0,4
2072,site14_111.png,2,6,2,100.0,0,0,0,0,2
2072,site14_111.png,2,7,6,100.0,0,0,0,0,6
2073,site14_112.png,0,0,6,100.0,0,0,0,0,6
2073,site14_112.png,1,2,2,95.3125,0,0,0,0,2
2073,site14_112.png,1,3,6,100.0,0,0,0,0,6
2073,site14_112.png,2,0,6,100.0,0,0,0,0,6
2073,site14_112.png,2,1,2,100.0,0,0,0,0,2
2073,site14_112.png,2,3,2,100.0,0,0,0,0,2
2073,site14_112.png,6,4,2,100.0,0,0,0,2,0
2074,site14_113.png,0,1,2,100.0,0,0,0,2,0
2074,site14_113.png,0,6,2,100.0,0,0,0,2,0
2074,site14_113.png,0,7,2,86.8373,0,0,0,2,0
2074,site14_113.png,1,4,2,100.0,0,0,0,2,0
2074,site14_113.png,2,3,2,100.0,0,0,0,2,0
2074,site14_113.png,3,2,2,100.0,0,0,0,2,0
2074,site14_113.png,3,7,2,100.0,0,0,0,2,0
2074,site14_113.png,5,1,2,100.0,0,0,0,2,0
2074,site14_113.png,6,5,2,100.0,0,0,0,2,0
2074,site14_113.png,6,6,2,100.0,0,0,0,2,0
2075,site14_114.png,0,0,2,67.6875,0,0,0,2,0
2075,site14_114.png,0,5,2,100.0,0,0,0,2,0
2075,site14_114.png,1,3,2,100.0,0,0,0,2,0
2075,site14_114.png,2,2,2,100.0,0,0,0,2,0
2075,site14_114.png,3,0,2,100.0,0,0,0,2,0
2075,site14_114.png,6,1,2,100.0,0,0,0,2,0
2082,site14_124.png,3,7,2,100.0,2,0,0,0,0
2082,site14_124.png,5,6,2,100.0,2,0,0,0,0
2082,site14_124.png,6,3,2,100.0,2,0,0,0,0
2083,site14_125.png,3,3,2,100.0,2,0,0,0,0
2083,site14_125.png,6,0,2,100.0,2,0,0,0,0
2083,site14_125.png,7,3,2,100.0,2,0,0,0,0
2084,site14_126.png,0,7,2,100.0,0,0,0,0,2
2084,site14_126.png,1,3,2,100.0,0,0,0,0,2
2084,site14_126.png,2,2,2,100.0,2,0,0,0,0
2085,site14_127.png,0,1,2,100.0,0,0,0,0,2
2086,site14_128.png,3,2,2,100.0,0,2,0,0,0
2086,site14_128.png,4,4,2,100.0,0,2,0,0,0
2086,site14_128.png,6,5,2,100.0,2,0,0,0,0
2087,site14_129.png,7,0,2,100.0,2,0,0,0,0
2091,site14_133.png,0,6,2,100.0,0,0,0,2,0
2092,site14_134.png,0,0,2,100.0,0,0,0,2,0
2098,site14_142.png,2,5,2,100.0,2,0,0,0,0
2098,site14_142.png,7,7,2,86.0625,2,0,0,0,0
2099,site14_143.png,7,0,2,16.457,2,0,0,0,0
2099,site14_143.png,7,1,2,100.0,0,2,0,0,0
2100,site14_144.png,0,7,2,100.0,2,0,0,0,0
2100,site14_144.png,3,4,2,100.0,2,0,0,0,0
2100,site14_144.png,6,6,2,100.0,0,2,0,0,0
2101,site14_145.png,0,0,2,100.0,2,0,0,0,0
2101,site14_145.png,2,2,2,100.0,2,0,0,0,0
2101,site14_145.png,4,4,2,100.0,0,2,0,0,0
2102,site14_146.png,5,3,2,100.0,0,2,0,0,0
2102,site14_146.png,5,5,2,100.0,0,2,0,0,0
2104,site14_148.png,1,5,2,100.0,2,0,0,0,0
2104,site14_148.png,5,6,2,100.0,0,2,0,0,0
2105,site14_149.png,1,0,2,100.0,2,0,0,0,0
2105,site14_149.png,5,1,2,100.0,0,2,0,0,0
2105,site14_149.png,6,5,2,100.0,0,2,0,0,0
2110,site14_154.png,4,1,2,100.0,0,0,2,0,0
2110,site14_154.png,6,1,2,100.0,0,0,2,0,0
2110,site14_154.png,6,3,2,100.0,0,0,2,0,0
2110,site14_154.png,6,4,2,100.0,0,0,2,0,0
2110,site14_154.png,7,3,2,100.0,0,0,2,0,0
2114,site14_158.png,3,7,2,100.0,0,0,0,0,2
2114,site14_158.png,4,5,2,100.0,0,0,0,0,2
2114,site14_158.png,5,4,4,100.0,0,0,0,0,4
2114,site14_158.png,6,3,2,100.0,0,0,0,0,2
2115,site14_159.png,3,0,2,62.6645,0,0,0,0,2
2117,site14_162.png,0,7,2,24.7273,2,0,0,0,0
2117,site14_162.png,1,7,2,100.0,0,2,0,0,0
2117,site14_162.png,2,4,2,100.0,0,0,0,0,2
2118,site14_163.png,0,1,2,100.0,0,2,0,0,0
2118,site14_163.png,0,2,2,100.0,0,2,0,0,0
2119,site14_164.png,1,6,2,100.0,0,2,0,0,0
2120,site14_165.png,1,4,2,100.0,0,2,0,0,0
2120,site14_165.png,4,3,2,100.0,0,2,0,0,0
2120,site14_165.png,5,7,2,100.0,0,2,0,0,0
2120,site14_165.png,6,4,2,100.0,0,2,0,0,0
2120,site14_165.png,7,5,2,100.0,0,0,0,0,2
2121,site14_166.png,1,3,2,100.0,0,2,0,0,0
2121,site14_166.png,5,1,2,100.0,0,2,0,0,0
2121,site14_166.png,5,3,2,100.0,0,2,0,0,0
2121,site14_166.png,7,3,2,100.0,0,2,0,0,0
2121,site14_166.png,7,6,2,100.0,2,0,0,0,0
2122,site14_167.png,6,6,2,100.0,0,2,0,0,0
2122,site14_167.png,7,2,2,100.0,2,0,0,0,0
2122,site14_167.png,7,6,2,100.0,2,0,0,0,0
2123,site14_168.png,7,1,2,100.0,2,0,0,0,0
2124,site14_169.png,0,5,2,100.0,0,2,0,0,0
2124,site14_169.png,1,1,2,100.0,0,2,0,0,0
2124,site14_169.png,2,5,2,100.0,0,2,0,0,0
2124,site14_169.png,3,5,2,34.0,0,0,0,2,0
2124,site14_169.png,3,6,2,29.0625,0,0,0,2,0
2125,site14_170.png,6,4,2,100.0,0,2,0,0,0
2129,site14_174.png,0,3,2,45.4921,0,0,2,0,0
2131,site14_176.png,2,7,2,100.0,0,0,0,2,0
2132,site14_177.png,2,1,2,100.0,0,0,0,2,0
2139,site14_185.png,0,7,2,100.0,0,2,0,0,0
2139,site14_185.png,1,4,2,100.0,0,0,0,0,2
2139,site14_185.png,1,6,2,100.0,0,2,0,0,0
2139,site14_185.png,2,7,4,100.0,0,2,0,0,2
2139,site14_185.png,3,5,2,100.0,2,0,0,0,0
2139,site14_185.png,3,7,2,100.0,0,0,0,0,2
2139,site14_185.png,5,6,2,100.0,0,2,0,0,0
2140,site14_186.png,0,1,2,100.0,0,2,0,0,0
2140,site14_186.png,1,1,2,100.0,0,0,0,0,2
2140,site14_186.png,1,2,2,100.0,0,2,0,0,0
2140,site14_186.png,2,1,2,100.0,0,0,0,0,2
2140,site14_186.png,2,2,2,100.0,0,0,0,0,2
2140,site14_186.png,3,0,2,100.0,0,0,0,0,2
2140,site14_186.png,3,1,4,100.0,0,0,0,0,4
2140,site14_186.png,4,2,2,100.0,0,2,0,0,0
2140,site14_186.png,4,5,2,100.0,2,0,0,0,0
2140,site14_186.png,6,4,2,100.0,2,0,0,0,0
2140,site14_186.png,7,6,4,100.0,0,0,0,0,4
2141,site14_187.png,2,6,2,100.0,2,0,0,0,0
2141,site14_187.png,4,4,2,100.0,2,0,0,0,0
2142,site14_188.png,2,1,2,100.0,2,0,0,0,0
2142,site14_188.png,5,5,2,100.0,2,0,0,0,0
2142,site14_188.png,6,0,2,100.0,2,0,0,0,0
2142,site14_188.png,7,2,2,100.0,0,2,0,0,0
2143,site14_189.png,2,0,2,100.0,2,0,0,0,0
2143,site14_189.png,3,5,2,100.0,0,2,0,0,0
2143,site14_189.png,6,6,2,100.0,0,2,0,0,0
2144,site14_190.png,1,5,2,100.0,0,2,0,0,0
2144,site14_190.png,5,2,2,100.0,0,2,0,0,0
2145,site14_191.png,6,5,2,100.0,0,2,0,0,0
2154,site14_203.png,3,5,2,100.0,0,0,0,0,2
2154,site14_203.png,3,6,2,38.25,0,2,0,0,0
2154,site14_203.png,4,6,4,69.0938,0,4,0,0,0
2157,site14_206.png,0,1,2,100.0,0,2,0,0,0
2157,site14_206.png,0,6,2,100.0,0,0,0,0,2
2157,site14_206.png,0,7,2,100.0,2,0,0,0,0
2157,site14_206.png,1,4,2,100.0,0,0,0,0,2
2157,site14_206.png,1,6,2,100.0,0,0,0,0,2
2157,site14_206.png,2,3,2,100.0,2,0,0,0,0
2157,site14_206.png,2,5,4,100.0,0,0,0,0,4
2157,site14_206.png,2,6,4,100.0,0,0,0,0,4
2157,site14_206.png,2,7,2,100.0,0,0,0,0,2
2157,site14_206.png,3,5,2,100.0,0,0,0,0,2
2157,site14_206.png,3,6,2,100.0,0,0,0,0,2
2157,site14_206.png,3,7,4,100.0,0,0,0,0,4
2157,site14_206.png,5,6,2,100.0,0,2,0,0,0
2158,site14_207.png,2,0,4,100.0,0,0,0,0,4
2158,site14_207.png,2,4,2,100.0,2,0,0,0,0
2158,site14_207.png,2,7,2,100.0,0,2,0,0,0
2158,site14_207.png,3,0,4,100.0,0,0,0,0,4
2158,site14_207.png,4,1,4,100.0,2,0,0,0,2
2158,site14_207.png,5,0,2,100.0,0,2,0,0,0
2158,site14_207.png,6,2,2,100.0,2,0,0,0,0
2158,site14_207.png,6,7,2,100.0,0,0,0,0,2
2158,site14_207.png,7,6,6,100.0,0,0,0,0,6
2158,site14_207.png,7,7,2,100.0,0,0,0,0,2
2159,site14_208.png,0,4,2,100.0,2,0,0,0,0
2159,site14_208.png,1,1,2,100.0,0,2,0,0,0
2159,site14_208.png,5,1,2,100.0,0,0,0,0,2
2159,site14_208.png,6,0,4,100.0,0,0,0,0,4
2159,site14_208.png,6,1,2,100.0,0,0,0,0,2
2159,site14_208.png,7,0,2,68.2812,0,0,0,0,2
2160,site14_209.png,1,6,2,100.0,0,2,0,0,0
2160,site14_209.png,4,2,2,100.0,0,0,0,0,2
2160,site14_209.png,4,3,2,100.0,0,0,0,0,2
2160,site14_209.png,5,2,2,100.0,0,0,0,0,2
2160,site14_209.png,5,3,4,100.0,0,0,0,0,4
2160,site14_209.png,5,4,2,100.0,0,0,0,0,2
2160,site14_209.png,6,3,2,100.0,0,0,0,0,2
2160,site14_209.png,6,4,4,100.0,0,0,0,0,4
2161,site14_210.png,1,2,2,100.0,0,2,0,0,0
2161,site14_210.png,2,3,2,100.0,0,0,0,0,2
2161,site14_210.png,3,2,2,100.0,0,0,0,0,2
2161,site14_210.png,4,2,2,100.0,0,0,0,0,2
2161,site14_210.png,4,4,2,100.0,0,2,0,0,0
2161,site14_210.png,6,6,2,100.0,0,2,0,0,0
2162,site14_211.png,1,5,2,100.0,0,2,0,0,0
2162,site14_211.png,3,7,2,100.0,2,0,0,0,0
2162,site14_211.png,5,0,2,100.0,0,2,0,0,0
2162,site14_211.png,6,1,2,100.0,0,2,0,0,0
2163,site14_212.png,2,0,2,100.0,0,2,0,0,0
2163,site14_212.png,2,3,2,100.0,0,2,0,0,0
2163,site14_212.png,3,1,2,100.0,0,0,2,0,0
2163,site14_212.png,4,1,2,89.375,0,0,2,0,0
2163,site14_212.png,4,3,2,92.5312,0,0,2,0,0
2163,site14_212.png,5,2,2,100.0,0,0,2,0,0
2163,site14_212.png,5,3,4,100.0,2,0,2,0,0
2163,site14_212.png,5,4,2,100.0,0,0,2,0,0
2163,site14_212.png,6,5,2,88.125,0,0,2,0,0
2163,site14_212.png,7,3,2,53.75,0,0,2,0,0
2163,site14_212.png,7,4,2,100.0,0,0,2,0,0
2172,site14_223.png,4,5,2,100.0,0,0,0,0,2
2174,site14_225.png,2,2,2,100.0,0,0,0,0,2
2174,site14_225.png,3,1,2,42.2812,0,0,2,0,0
2174,site14_225.png,6,7,2,99.5312,0,0,0,0,2
2174,site14_225.png,7,6,4,100.0,0,0,0,0,4
2174,site14_225.png,7,7,6,100.0,0,0,0,0,6
2175,site14_226.png,0,6,2,100.0,0,2,0,0,0
2175,site14_226.png,1,6,4,100.0,0,0,0,0,4
2175,site14_226.png,1,7,2,100.0,0,0,0,0,2
2175,site14_226.png,2,5,4,100.0,0,0,0,0,4
2175,site14_226.png,2,6,4,100.0,0,0,0,0,4
2175,site14_226.png,2,7,4,100.0,0,0,0,0,4
2175,site14_226.png,3,3,2,100.0,0,0,0,0,2
2175,site14_226.png,3,4,2,100.0,0,0,0,0,2
2175,site14_226.png,3,5,4,100.0,0,0,0,0,4
2175,site14_226.png,3,6,4,100.0,0,0,0,0,4
2175,site14_226.png,4,2,2,100.0,0,0,0,0,2
2175,site14_226.png,4,3,4,100.0,0,0,0,0,4
2175,site14_226.png,4,4,4,100.0,0,0,0,0,4
2175,site14_226.png,4,5,4,100.0,0,0,0,0,4
2175,site14_226.png,5,1,2,100.0,0,0,0,0,2
2175,site14_226.png,5,2,4,100.0,0,0,0,0,4
2175,site14_226.png,5,3,4,100.0,0,0,0,0,4
2175,site14_226.png,5,4,4,100.0,0,0,0,0,4
2175,site14_226.png,6,0,2,100.0,0,0,0,0,2
2175,site14_226.png,6,1,4,100.0,0,0,0,0,4
2175,site14_226.png,6,2,4,100.0,0,0,0,0,4
2175,site14_226.png,6,3,2,100.0,0,0,0,0,2
2175,site14_226.png,7,0,6,100.0,0,0,0,0,6
2175,site14_226.png,7,1,4,100.0,0,0,0,0,4
2175,site14_226.png,7,2,2,100.0,0,0,0,0,2
2176,site14_227.png,0,1,2,100.0,2,0,0,0,0
2176,site14_227.png,0,6,4,100.0,0,0,0,0,4
2176,site14_227.png,0,7,2,36.4834,0,0,0,0,2
2176,site14_227.png,1,0,2,100.0,0,0,0,0,2
2176,site14_227.png,1,5,6,100.0,0,0,0,0,6
2176,site14_227.png,2,0,6,100.0,0,0,0,0,6
2176,site14_227.png,2,3,2,100.0,0,0,0,0,2
2176,site14_227.png,2,4,2,100.0,0,0,0,0,2
2176,site14_227.png,3,3,2,100.0,0,0,0,0,2
2179,site14_230.png,1,6,2,100.0,0,2,0,0,0
2179,site14_230.png,6,3,2,100.0,2,0,0,0,0
2180,site14_231.png,1,1,2,100.0,0,2,0,0,0
2180,site14_231.png,2,2,2,100.0,0,2,0,0,0
2180,site14_231.png,6,6,2,100.0,0,0,0,0,2
2181,site14_232.png,0,3,2,52.4062,0,0,2,0,0
2181,site14_232.png,0,4,4,100.0,2,0,2,0,0
2181,site14_232.png,3,6,2,100.0,2,0,0,0,0
2181,site14_232.png,3,7,4,100.0,0,0,4,0,0
2181,site14_232.png,7,0,2,100.0,0,0,0,0,2
2182,site14_233.png,2,1,2,100.0,0,0,2,0,0
2182,site14_233.png,2,2,2,100.0,0,0,2,0,0
2182,site14_233.png,3,0,4,100.0,0,0,4,0,0
2182,site14_233.png,3,1,2,100.0,2,0,0,0,0
2182,site14_233.png,5,4,2,100.0,0,0,2,0,0
2186,site14_237.png,6,6,2,100.0,0,0,0,0,2
2186,site14_237.png,7,7,2,100.0,0,0,2,0,0
2187,site14_238.png,1,3,2,100.0,0,2,0,0,0
2187,site14_238.png,2,4,2,76.5625,0,0,2,0,0
2187,site14_238.png,7,0,2,100.0,0,0,2,0,0
2189,site14_243.png,6,6,2,100.0,2,0,0,0,0
2190,site14_244.png,5,6,2,100.0,2,0,0,0,0
2190,site14_244.png,6,6,2,100.0,0,0,0,0,2
2190,site14_244.png,6,7,6,100.0,0,0,0,0,6
2190,site14_244.png,7,6,6,100.0,0,0,0,0,6
2190,site14_244.png,7,7,6,100.0,0,0,0,0,6
2191,site14_245.png,0,6,4,100.0,0,0,0,0,4
2191,site14_245.png,0,7,6,100.0,0,0,0,0,6
2191,site14_245.png,1,5,4,100.0,0,0,0,0,4
2191,site14_245.png,1,6,2,100.0,0,0,0,0,2
2191,site14_245.png,1,7,2,100.0,0,0,0,0,2
2191,site14_245.png,2,4,4,100.0,0,0,0,0,4
2191,site14_245.png,2,5,2,100.0,0,0,0,0,2
2191,site14_245.png,2,6,6,100.0,0,0,0,0,6
2191,site14_245.png,2,7,2,100.0,0,0,0,0,2
2191,site14_245.png,3,1,2,100.0,2,0,0,0,0
2191,site14_245.png,3,3,4,100.0,0,0,0,0,4
2191,site14_245.png,3,4,2,100.0,0,0,0,0,2
2191,site14_245.png,3,5,4,100.0,0,0,0,0,4
2191,site14_245.png,4,2,4,100.0,0,0,0,0,4
2191,site14_245.png,4,3,4,100.0,0,0,0,0,4
2191,site14_245.png,4,4,8,100.0,0,0,0,0,8
2191,site14_245.png,4,5,2,100.0,0,0,0,0,2
2191,site14_245.png,5,1,4,100.0,0,0,0,0,4
2191,site14_245.png,5,2,4,100.0,0,0,0,0,4
2191,site14_245.png,5,3,2,100.0,0,0,0,0,2
2191,site14_245.png,5,6,2,100.0,0,0,0,0,2
2191,site14_245.png,5,7,4,100.0,0,0,0,0,4
2191,site14_245.png,6,0,6,100.0,0,0,0,0,6
2191,site14_245.png,6,1,2,100.0,0,0,0,0,2
2191,site14_245.png,6,2,4,100.0,0,0,0,0,4
2191,site14_245.png,6,6,4,100.0,0,0,0,0,4
2191,site14_245.png,7,0,6,100.0,0,0,0,0,6
2191,site14_245.png,7,5,2,100.0,0,0,0,0,2
2192,site14_246.png,0,0,6,100.0,0,0,0,0,6
2192,site14_246.png,0,1,4,100.0,0,0,0,0,4
2192,site14_246.png,0,2,2,100.0,0,0,0,0,2
2192,site14_246.png,1,0,2,100.0,0,0,0,0,2
2192,site14_246.png,1,1,4,100.0,0,0,0,0,4
2192,site14_246.png,2,0,2,89.375,0,0,0,0,2
2192,site14_246.png,3,2,2,100.0,0,0,0,0,2
2192,site14_246.png,4,1,4,100.0,0,0,2,0,2
2192,site14_246.png,5,0,6,100.0,0,0,0,0,6
2197,site14_251.png,1,6,2,100.0,0,0,0,0,2
2197,site14_251.png,4,7,2,100.0,0,2,0,0,0
2198,site14_252.png,1,1,2,100.0,0,0,0,0,2
2198,site14_252.png,7,5,2,100.0,0,2,0,0,0
2202,site14_256.png,7,2,2,100.0,0,2,0,0,0
2202,site14_256.png,7,4,2,100.0,0,0,2,0,0
2202,site14_256.png,7,5,2,100.0,0,0,2,0,0
2203,site14_257.png,0,7,2,92.625,0,0,2,0,0
2203,site14_257.png,1,2,2,100.0,0,0,0,0,2
2203,site14_257.png,1,3,2,100.0,0,0,0,0,2
2203,site14_257.png,1,4,2,95.625,0,0,2,0,0
2203,site14_257.png,2,2,2,100.0,0,0,0,0,2
2203,site14_257.png,2,3,6,100.0,0,0,0,0,6
2203,site14_257.png,2,4,2,100.0,0,0,0,0,2
2203,site14_257.png,3,3,2,100.0,0,0,0,0,2
2203,site14_257.png,3,4,2,100.0,0,0,0,0,2
2203,site14_257.png,6,1,2,100.0,0,0,0,0,2
2204,site14_258.png,0,0,2,100.0,0,0,2,0,0
2204,site14_258.png,1,1,2,92.625,0,0,2,0,0
2207,site14_264.png,0,6,6,100.0,0,0,0,0,6
2207,site14_264.png,0,7,6,100.0,0,0,0,0,6
2207,site14_264.png,1,5,2,100.0,0,0,0,0,2
2207,site14_264.png,1,6,2,100.0,0,0,0,0,2
2207,site14_264.png,1,7,6,100.0,0,0,0,0,6
2207,site14_264.png,2,6,4,100.0,0,0,0,0,4
2207,site14_264.png,2,7,2,100.0,0,0,0,0,2
2207,site14_264.png,3,6,2,100.0,0,0,0,0,2
2207,site14_264.png,3,7,2,100.0,0,0,0,0,2
2207,site14_264.png,4,7,2,100.0,0,0,0,0,2
2208,site14_265.png,0,0,6,100.0,0,0,0,0,6
2208,site14_265.png,0,5,2,33.8232,0,0,0,0,2
2208,site14_265.png,1,0,6,100.0,0,0,0,0,6
2208,site14_265.png,2,0,4,100.0,0,0,0,0,4
2208,site14_265.png,3,0,2,64.75,0,0,0,0,2
2208,site14_265.png,4,0,2,100.0,0,0,0,0,2
2208,site14_265.png,5,5,2,100.0,0,0,0,0,2
2208,site14_265.png,5,6,6,100.0,0,0,0,0,6
2208,site14_265.png,6,6,2,91.0,0,0,0,0,2
2208,site14_265.png,6,7,4,100.0,0,0,0,0,4
2208,site14_265.png,7,2,6,100.0,0,0,0,0,6
2208,site14_265.png,7,3,2,24.6572,0,0,0,0,2
2209,site14_266.png,6,0,6,100.0,0,0,0,0,6
2215,site14_272.png,0,5,2,100.0,0,2,0,0,0
2218,site14_275.png,1,7,2,100.0,0,2,0,0,0
2219,site14_276.png,0,4,2,100.0,0,0,2,0,0
2219,site14_276.png,0,5,2,100.0,0,0,2,0,0
2219,site14_276.png,1,4,2,100.0,0,0,0,0,2
2219,site14_276.png,1,6,2,100.0,0,0,2,0,0
2219,site14_276.png,3,7,2,100.0,0,0,0,0,2
2220,site14_277.png,2,2,2,89.0625,0,0,0,0,2
2220,site14_277.png,3,4,2,100.0,0,0,0,0,2
2220,site14_277.png,3,5,2,100.0,0,0,0,0,2
2220,site14_277.png,4,3,2,100.0,0,0,0,0,2
2220,site14_277.png,4,4,2,100.0,0,0,0,0,2
2220,site14_277.png,4,5,2,100.0,0,0,0,0,2
2220,site14_277.png,5,1,4,100.0,0,0,0,0,4
2220,site14_277.png,5,2,2,100.0,0,0,0,0,2
2220,site14_277.png,5,4,4,100.0,0,0,0,0,4
2220,site14_277.png,5,5,2,100.0,0,0,0,0,2
2220,site14_277.png,5,6,4,100.0,0,0,0,0,4
2220,site14_277.png,6,1,2,100.0,0,0,0,0,2
2220,site14_277.png,6,2,4,100.0,0,0,0,0,4
2220,site14_277.png,6,4,2,100.0,0,0,0,0,2
2220,site14_277.png,6,5,4,100.0,0,0,0,0,4
2220,site14_277.png,6,6,4,100.0,0,0,0,0,4
2220,site14_277.png,7,1,2,100.0,0,0,2,0,0
2220,site14_277.png,7,2,4,100.0,0,0,0,0,4
2220,site14_277.png,7,3,4,100.0,0,0,0,0,4
2220,site14_277.png,7,5,2,100.0,0,0,0,0,2
2220,site14_277.png,7,6,2,100.0,0,0,0,0,2
2220,site14_277.png,7,7,6,100.0,0,0,0,0,6
2221,site14_278.png,6,0,2,100.0,0,0,0,0,2
2221,site14_278.png,7,0,6,100.0,0,0,0,0,6
2221,site14_278.png,7,1,2,82.9766,0,0,0,0,2
2224,site14_285.png,0,2,4,100.0,0,0,0,0,4
2224,site14_285.png,0,3,2,67.9062,0,0,0,0,2
2224,site14_285.png,1,1,2,100.0,0,0,0,0,2
2224,site14_285.png,1,2,4,100.0,0,0,0,0,4
2224,site14_285.png,1,3,2,100.0,0,0,0,0,2
2224,site14_285.png,2,3,2,100.0,0,0,0,0,2
2225,site14_286.png,4,3,2,100.0,0,0,2,0,0
2225,site14_286.png,4,4,2,100.0,2,0,0,0,0
2225,site14_286.png,4,6,2,100.0,0,0,0,0,2
2225,site14_286.png,5,5,4,100.0,0,0,0,0,4
2225,site14_286.png,5,6,4,100.0,0,0,0,0,4
2225,site14_286.png,5,7,2,100.0,0,0,0,0,2
2225,site14_286.png,6,5,2,100.0,0,0,0,0,2
2225,site14_286.png,6,6,6,100.0,0,0,0,0,6
2225,site14_286.png,6,7,4,100.0,0,0,0,0,4
2225,site14_286.png,7,5,2,100.0,0,0,0,0,2
2225,site14_286.png,7,6,6,100.0,0,0,0,0,6
2225,site14_286.png,7,7,2,79.625,0,0,0,0,2
2226,site14_287.png,5,0,2,100.0,0,0,0,0,2
2226,site14_287.png,6,0,6,100.0,0,0,0,0,6
2226,site14_287.png,7,0,2,31.8719,0,0,0,0,2
2229,site14_290.png,2,7,2,100.0,0,0,2,0,0
2230,site14_291.png,2,0,2,100.0,0,0,2,0,0
2233,site14_294.png,1,4,2,100.0,0,0,0,0,2
2233,site14_294.png,4,3,2,100.0,0,2,0,0,0
2233,site14_294.png,5,1,2,100.0,0,0,0,0,2
2233,site14_294.png,5,4,4,100.0,0,4,0,0,0
2233,site14_294.png,7,3,2,100.0,0,0,0,0,2
2234,site14_295.png,7,3,2,100.0,0,0,0,0,2
2234,site14_295.png,7,6,2,100.0,2,0,0,0,0
2235,site14_296.png,1,7,2,100.0,0,0,2,0,0
2235,site14_296.png,4,2,2,100.0,0,0,0,0,2
2235,site14_296.png,4,4,2,100.0,0,2,0,0,0
2236,site14_297.png,0,2,4,100.0,0,0,0,0,4
2236,site14_297.png,0,3,4,100.0,0,0,0,0,4
2236,site14_297.png,0,5,2,78.4167,0,0,0,0,2
2236,site14_297.png,0,6,2,100.0,0,0,0,0,2
2236,site14_297.png,0,7,6,100.0,0,0,0,0,6
2236,site14_297.png,1,1,2,100.0,0,0,2,0,0
2236,site14_297.png,1,4,2,100.0,0,0,0,0,2
2236,site14_297.png,1,6,4,100.0,0,0,0,0,4
2236,site14_297.png,1,7,2,79.2188,0,0,0,0,2
2236,site14_297.png,2,4,6,100.0,0,0,0,0,6
2236,site14_297.png,2,7,4,100.0,0,0,0,0,4
2236,site14_297.png,3,4,6,100.0,0,0,0,0,6
2236,site14_297.png,3,5,4,100.0,0,0,0,0,4
2236,site14_297.png,4,5,4,100.0,0,0,0,0,4
2236,site14_297.png,4,6,2,100.0,0,0,0,0,2
2236,site14_297.png,5,3,2,100.0,0,2,0,0,0
2236,site14_297.png,5,6,2,82.5,0,0,0,0,2
2236,site14_297.png,5,7,2,84.0,0,0,0,0,2
2236,site14_297.png,6,7,2,83.75,0,0,0,0,2
2237,site14_298.png,0,0,6,100.0,0,0,0,0,6
2237,site14_298.png,0,1,2,100.0,0,0,0,0,2
2237,site14_298.png,1,0,4,100.0,0,0,0,0,4
2237,site14_298.png,1,1,4,100.0,0,0,0,0,4
2237,site14_298.png,2,0,4,100.0,0,0,0,0,4
2237,site14_298.png,2,1,6,100.0,0,0,0,0,6
2237,site14_298.png,2,2,2,71.2188,0,0,0,0,2
2237,site14_298.png,3,1,4,100.0,0,0,0,0,4
2237,site14_298.png,5,0,2,28.011,0,0,0,0,2
2237,site14_298.png,6,0,2,100.0,0,0,0,0,2
2237,site14_298.png,6,1,2,100.0,0,0,0,0,2
2239,site14_307.png,0,0,2,31.8719,0,0,0,0,2
2239,site14_307.png,2,1,6,100.0,0,0,0,0,6
2239,site14_307.png,3,1,2,100.0,0,0,0,0,2
2242,site14_310.png,6,1,2,100.0,0,0,2,0,0
2246,site14_314.png,0,3,2,100.0,0,0,0,0,2
2246,site14_314.png,1,4,2,100.0,0,2,0,0,0
2246,site14_314.png,2,1,2,27.1875,0,0,0,2,0
2246,site14_314.png,2,4,2,100.0,0,0,2,0,0
2246,site14_314.png,2,5,2,100.0,0,2,0,0,0
2247,site14_315.png,0,3,2,100.0,0,0,0,0,2
2247,site14_315.png,2,3,2,78.0938,0,0,2,0,0
2247,site14_315.png,2,5,4,100.0,2,0,2,0,0
2247,site14_315.png,3,3,2,100.0,0,0,2,0,0
2247,site14_315.png,4,3,2,62.1562,0,0,2,0,0
2247,site14_315.png,6,6,2,100.0,2,0,0,0,0
2248,site14_316.png,4,7,2,38.6009,0,0,2,0,0
2248,site14_316.png,5,4,2,100.0,2,0,0,0,0
2249,site14_317.png,2,2,2,100.0,0,0,2,0,0
2249,site14_317.png,2,4,2,76.5938,0,0,2,0,0
2249,site14_317.png,2,6,2,100.0,0,0,0,0,2
2249,site14_317.png,2,7,2,100.0,0,0,0,0,2
2249,site14_317.png,3,7,2,96.25,0,0,0,0,2
2249,site14_317.png,4,0,2,76.375,0,0,2,0,0
2249,site14_317.png,5,2,2,49.7188,0,0,2,0,0
2249,site14_317.png,5,7,2,100.0,2,0,0,0,0
2249,site14_317.png,7,1,2,100.0,2,0,0,0,0
2253,site14_330.png,7,3,2,100.0,0,2,0,0,0
2258,site14_335.png,1,7,2,100.0,2,0,0,0,0
2259,site14_336.png,4,4,2,100.0,2,0,0,0,0
2260,site14_337.png,4,4,2,100.0,2,0,0,0,0
2266,site14_350.png,0,3,2,100.0,0,2,0,0,0
2266,site14_350.png,1,1,2,100.0,0,2,0,0,0
2272,site14_356.png,1,5,2,100.0,2,0,0,0,0
2323,site15_72.png,6,5,2,100.0,0,0,2,0,0
2324,site15_73.png,6,1,2,100.0,0,0,2,0,0
2324,site15_73.png,6,5,2,100.0,0,0,0,0,2
2326,site15_75.png,7,1,2,13.125,2,0,0,0,0
2331,site15_81.png,5,7,2,100.0,0,0,0,0,2
2331,site15_81.png,6,6,2,100.0,0,0,0,0,2
2332,site15_82.png,1,3,4,100.0,2,0,0,0,2
2332,site15_82.png,6,1,2,100.0,0,0,0,0,2
2333,site15_83.png,3,4,2,100.0,0,0,2,0,0
2334,site15_84.png,0,6,2,100.0,0,0,0,0,2
2334,site15_84.png,3,2,2,100.0,0,0,2,0,0
2334,site15_84.png,5,7,2,100.0,0,0,2,0,0
2334,site15_84.png,6,5,2,100.0,0,0,2,0,0
2335,site15_85.png,0,0,2,100.0,0,0,0,0,2
2335,site15_85.png,1,7,2,100.0,0,0,0,0,2
2335,site15_85.png,3,1,2,100.0,0,0,2,0,0
2335,site15_85.png,5,5,2,100.0,0,0,2,0,0
2335,site15_85.png,5,7,2,100.0,0,0,2,0,0
2335,site15_85.png,6,1,2,100.0,0,0,2,0,0
2336,site15_86.png,0,1,2,13.125,2,0,0,0,0
2336,site15_86.png,1,1,2,100.0,0,0,0,0,2
2336,site15_86.png,1,2,2,10.625,2,0,0,0,0
2336,site15_86.png,4,3,2,100.0,0,0,2,0,0
2336,site15_86.png,5,1,2,100.0,0,0,2,0,0
2341,site15_92.png,2,5,2,100.0,0,0,0,0,2
2341,site15_92.png,2,6,4,100.0,2,0,0,0,2
2341,site15_92.png,3,5,2,17.9688,2,0,0,0,0
2341,site15_92.png,3,6,2,27.1875,2,0,0,0,0
2341,site15_92.png,5,5,2,100.0,0,0,2,0,0
2341,site15_92.png,6,5,2,100.0,0,0,2,0,0
2341,site15_92.png,7,6,2,100.0,0,0,0,0,2
2342,site15_93.png,1,1,2,100.0,0,0,0,0,2
2342,site15_93.png,3,3,2,100.0,0,0,2,0,0
2342,site15_93.png,4,5,2,100.0,0,0,0,0,2
2342,site15_93.png,5,0,2,100.0,0,0,2,0,0
2344,site15_95.png,0,6,2,100.0,0,0,2,0,0
2344,site15_95.png,7,1,2,100.0,0,0,2,0,0
2346,site15_97.png,1,3,2,100.0,0,0,2,0,0
2351,site15_103.png,0,4,2,100.0,0,0,2,0,0
2351,site15_103.png,0,6,2,100.0,0,0,0,0,2
2351,site15_103.png,1,6,2,100.0,0,0,2,0,0
2351,site15_103.png,7,7,2,9.375,0,0,0,2,0
2352,site15_104.png,5,3,2,33.25,0,0,0,2,0
2352,site15_104.png,7,0,2,17.875,0,0,0,2,0
2352,site15_104.png,7,2,2,100.0,0,0,0,0,2
2353,site15_105.png,4,6,2,100.0,0,0,2,0,0
2354,site15_106.png,3,1,2,100.0,0,0,0,0,2
2354,site15_106.png,4,3,2,100.0,0,0,2,0,0
2354,site15_106.png,6,5,2,100.0,0,0,0,0,2
2355,site15_107.png,6,3,2,100.0,0,0,2,0,0
2355,site15_107.png,7,4,2,100.0,0,0,2,0,0
2361,site15_114.png,0,7,2,16.625,0,0,0,2,0
2361,site15_114.png,1,7,2,100.0,0,0,0,0,2
2362,site15_115.png,0,0,2,31.5,0,0,0,2,0
2362,site15_115.png,1,2,2,100.0,0,0,0,0,2
2362,site15_115.png,1,4,2,70.875,2,0,0,0,0
2362,site15_115.png,2,2,2,100.0,2,0,0,0,0
2362,site15_115.png,2,4,2,100.0,0,0,2,0,0
2362,site15_115.png,2,6,2,100.0,0,0,2,0,0
2362,site15_115.png,3,2,2,30.9062,0,0,0,2,0
2362,site15_115.png,3,5,2,100.0,0,0,2,0,0
2362,site15_115.png,4,2,2,100.0,2,0,0,0,0
2362,site15_115.png,5,7,4,100.0,2,0,0,0,2
2362,site15_115.png,7,6,2,100.0,0,0,0,0,2
2362,site15_115.png,7,7,2,80.7812,2,0,0,0,0
2363,site15_116.png,2,0,2,100.0,0,0,2,0,0
2363,site15_116.png,4,1,2,100.0,2,0,0,0,0
2363,site15_116.png,4,7,2,100.0,0,0,2,0,0
2363,site15_116.png,5,0,2,77.0,2,0,0,0,0
2363,site15_116.png,5,2,4,100.0,2,0,0,0,2
2363,site15_116.png,5,6,2,84.6562,2,0,0,0,0
2363,site15_116.png,6,1,4,84.3125,4,0,0,0,0
2363,site15_116.png,6,2,2,46.25,2,0,0,0,0
2363,site15_116.png,6,5,2,100.0,0,0,2,0,0
2363,site15_116.png,6,7,2,100.0,0,0,2,0,0
2363,site15_116.png,7,0,2,94.5312,2,0,0,0,0
2364,site15_117.png,1,2,2,100.0,0,0,2,0,0
2364,site15_117.png,1,7,2,100.0,0,0,2,0,0
2364,site15_117.png,4,2,2,100.0,0,0,2,0,0
2364,site15_117.png,6,0,2,100.0,0,0,2,0,0
2364,site15_117.png,6,1,2,100.0,0,0,2,0,0
2364,site15_117.png,7,4,2,100.0,0,0,2,0,0
2365,site15_118.png,1,2,2,100.0,0,0,2,0,0
2365,site15_118.png,2,5,2,100.0,0,0,2,0,0
2366,site15_119.png,2,0,2,100.0,0,0,2,0,0
2371,site15_126.png,0,7,2,27.9062,2,0,0,0,0
2371,site15_126.png,1,6,2,100.0,0,0,0,0,2
2372,site15_127.png,0,0,2,32.6562,2,0,0,0,0
2372,site15_127.png,0,5,2,100.0,0,0,2,0,0
2372,site15_127.png,0,7,2,100.0,0,0,2,0,0
2372,site15_127.png,1,2,2,100.0,0,0,0,0,2
2372,site15_127.png,2,5,2,100.0,0,0,2,0,0
2373,site15_128.png,0,0,2,100.0,0,0,2,0,0
2373,site15_128.png,0,4,2,100.0,0,0,2,0,0
2373,site15_128.png,2,2,2,100.0,0,0,2,0,0
2373,site15_128.png,2,7,2,100.0,0,0,2,0,0
2373,site15_128.png,7,2,2,38.25,2,0,0,0,0
2374,site15_129.png,2,1,2,100.0,0,0,2,0,0
2374,site15_129.png,6,4,2,100.0,0,0,2,0,0
2382,site15_139.png,0,2,2,38.25,2,0,0,0,0
2383,site15_140.png,0,4,2,100.0,0,0,2,0,0
2383,site15_140.png,4,2,2,100.0,0,0,2,0,0
2383,site15_140.png,6,2,2,100.0,0,0,2,0,0
2392,site15_151.png,1,2,2,100.0,0,0,2,0,0
2393,site15_152.png,6,6,2,100.0,0,0,0,0,2
2393,site15_152.png,7,5,2,24.4688,2,0,0,0,0
2394,site15_153.png,6,0,2,100.0,0,0,0,0,2
2402,site15_163.png,0,5,2,24.4688,2,0,0,0,0
2402,site15_163.png,0,6,2,100.0,0,0,0,0,2
2403,site15_164.png,0,0,2,100.0,0,0,0,0,2
2421,site12_17.png,7,3,2,100.0,0,0,0,0,2
2423,site12_19.png,7,1,2,100.0,2,0,0,0,0
2436,site12_33.png,1,3,2,100.0,0,0,0,0,2
2436,site12_33.png,2,0,2,100.0,2,0,0,0,0
2437,site12_34.png,1,0,2,100.0,0,0,0,0,2
2437,site12_34.png,1,3,2,100.0,2,0,0,0,0
2437,site12_34.png,1,6,2,100.0,0,0,2,0,0
2437,site12_34.png,1,7,2,100.0,2,0,0,0,0
2437,site12_34.png,5,7,2,100.0,0,2,0,0,0
2437,site12_34.png,6,5,2,100.0,0,0,0,0,2
2438,site12_35.png,1,2,2,100.0,2,0,0,0,0
2438,site12_35.png,1,6,2,100.0,2,0,0,0,0
2438,site12_35.png,2,1,2,32.8125,0,0,2,0,0
2438,site12_35.png,2,4,2,100.0,0,0,2,0,0
2438,site12_35.png,2,5,2,100.0,0,0,0,0,2
2438,site12_35.png,2,6,2,100.0,0,0,0,0,2
2438,site12_35.png,2,7,2,94.875,0,0,0,0,2
2438,site12_35.png,3,6,2,100.0,0,0,0,0,2
2438,site12_35.png,3,7,2,59.125,0,0,0,0,2
2438,site12_35.png,4,7,2,63.5982,0,0,0,0,2
2438,site12_35.png,5,0,2,100.0,0,2,0,0,0
2439,site12_36.png,1,0,2,100.0,2,0,0,0,0
2439,site12_36.png,2,0,2,82.5,0,0,0,0,2
2439,site12_36.png,3,0,2,81.9688,0,0,0,0,2
2439,site12_36.png,4,0,2,77.5,0,0,0,0,2
2439,site12_36.png,5,2,2,100.0,2,0,0,0,0
2439,site12_36.png,5,7,2,100.0,0,0,0,0,2
2439,site12_36.png,7,4,2,100.0,0,0,0,0,2
2440,site12_37.png,5,0,2,100.0,0,0,0,0,2
2440,site12_37.png,7,3,2,100.0,0,0,0,2,0
2441,site12_38.png,1,3,2,100.0,0,0,0,0,2
2441,site12_38.png,1,4,2,51.4062,0,0,2,0,0
2441,site12_38.png,2,3,4,100.0,0,0,4,0,0
2441,site12_38.png,3,4,2,100.0,0,0,0,0,2
2441,site12_38.png,4,3,2,85.3125,0,0,2,0,0
2441,site12_38.png,6,4,2,100.0,0,0,2,0,0
2441,site12_38.png,6,7,2,100.0,0,0,0,2,0
2441,site12_38.png,7,5,2,100.0,0,0,2,0,0
2442,site12_39.png,2,4,2,100.0,0,0,0,2,0
2442,site12_39.png,6,4,2,100.0,0,0,0,2,0
2443,site12_40.png,2,0,2,100.0,0,0,0,2,0
2443,site12_40.png,4,4,2,100.0,0,0,0,2,0
2443,site12_40.png,4,7,2,100.0,0,0,0,2,0
2443,site12_40.png,6,0,2,100.0,0,0,0,2,0
2444,site12_41.png,4,0,2,100.0,0,0,0,2,0
2444,site12_41.png,4,4,2,100.0,0,0,0,2,0
2445,site12_42.png,4,0,2,100.0,0,0,0,2,0
2445,site12_42.png,4,3,2,100.0,0,0,0,2,0
2445,site12_42.png,4,7,2,100.0,0,0,0,2,0
2446,site12_43.png,4,3,2,100.0,0,0,0,2,0
2446,site12_43.png,4,7,2,100.0,0,0,0,2,0
2447,site12_44.png,4,0,2,100.0,0,0,0,2,0
2448,site12_45.png,7,4,2,100.0,0,0,0,2,0
2454,site12_52.png,0,4,2,100.0,0,0,0,0,2
2454,site12_52.png,1,1,2,100.0,2,0,0,0,0
2454,site12_52.png,5,7,2,100.0,0,0,0,0,2
2455,site12_53.png,1,3,2,100.0,0,0,0,2,0
2455,site12_53.png,2,7,2,30.375,0,0,2,0,0
2455,site12_53.png,5,0,2,100.0,0,0,0,0,2
2455,site12_53.png,5,7,2,36.2812,2,0,0,0,0
2455,site12_53.png,6,6,4,100.0,0,0,4,0,0
2455,site12_53.png,6,7,2,100.0,0,0,2,0,0
2455,site12_53.png,7,7,2,73.981,0,0,2,0,0
2456,site12_54.png,0,3,2,100.0,0,0,0,0,2
2456,site12_54.png,0,4,2,100.0,0,0,2,0,0
2456,site12_54.png,0,5,2,100.0,0,0,0,0,2
2456,site12_54.png,1,3,2,100.0,0,0,0,0,2
2456,site12_54.png,1,4,2,91.0938,2,0,0,0,0
2456,site12_54.png,2,1,2,100.0,0,0,2,0,0
2456,site12_54.png,2,3,2,100.0,2,0,0,0,0
2456,site12_54.png,2,4,4,100.0,0,0,4,0,0
2456,site12_54.png,3,3,2,100.0,0,0,2,0,0
2456,site12_54.png,3,4,4,100.0,0,0,4,0,0
2456,site12_54.png,3,5,2,100.0,0,0,2,0,0
2456,site12_54.png,4,1,2,100.0,2,0,0,0,0
2456,site12_54.png,4,2,2,100.0,0,0,2,0,0
2456,site12_54.png,4,4,2,100.0,0,0,2,0,0
2456,site12_54.png,4,5,2,100.0,0,0,2,0,0
2456,site12_54.png,4,7,2,100.0,0,0,0,2,0
2456,site12_54.png,5,0,4,95.3438,2,0,0,0,2
2456,site12_54.png,5,2,4,100.0,2,0,2,0,0
2456,site12_54.png,5,4,2,100.0,0,0,2,0,0
2456,site12_54.png,5,5,2,100.0,0,0,2,0,0
2456,site12_54.png,6,1,2,100.0,0,0,2,0,0
2456,site12_54.png,6,2,2,100.0,0,0,2,0,0
2456,site12_54.png,6,3,2,100.0,0,0,2,0,0
2456,site12_54.png,7,0,2,100.0,0,0,2,0,0
2456,site12_54.png,7,1,4,100.0,0,0,4,0,0
2456,site12_54.png,7,2,2,71.9688,0,0,2,0,0
2456,site12_54.png,7,4,2,56.4199,0,0,2,0,0
2456,site12_54.png,7,5,2,100.0,0,0,2,0,0
2457,site12_55.png,4,4,2,100.0,0,0,0,2,0
2458,site12_56.png,4,0,2,100.0,0,0,0,2,0
2458,site12_56.png,4,4,2,100.0,0,0,0,2,0
2458,site12_56.png,4,7,2,100.0,0,0,0,2,0
2459,site12_57.png,4,3,2,100.0,0,0,0,2,0
2459,site12_57.png,4,7,2,100.0,0,0,0,2,0
2460,site12_58.png,4,0,2,100.0,0,0,0,2,0
2460,site12_58.png,4,3,2,100.0,0,0,0,2,0
2460,site12_58.png,4,6,2,100.0,0,0,0,2,0
2461,site12_59.png,4,3,2,100.0,0,0,0,2,0
2461,site12_59.png,4,7,2,100.0,0,0,0,2,0
2462,site12_60.png,4,0,2,100.0,0,0,0,2,0
2462,site12_60.png,4,7,2,100.0,0,0,0,2,0
2463,site12_61.png,4,4,2,100.0,0,0,0,2,0
2464,site12_62.png,4,4,2,100.0,0,0,0,2,0
2465,site12_63.png,4,4,2,100.0,0,0,0,2,0
2469,site12_69.png,0,7,2,100.0,0,0,2,0,0
2469,site12_69.png,1,5,2,85.1875,0,0,2,0,0
2469,site12_69.png,1,7,2,100.0,0,0,2,0,0
2469,site12_69.png,2,7,2,100.0,0,0,2,0,0
2469,site12_69.png,3,6,2,100.0,0,0,0,0,2
2469,site12_69.png,4,6,2,100.0,0,0,2,0,0
2469,site12_69.png,4,7,4,100.0,0,0,4,0,0
2469,site12_69.png,5,7,4,100.0,0,0,4,0,0
2469,site12_69.png,6,5,2,100.0,2,0,0,0,0
2469,site12_69.png,6,6,2,100.0,0,0,2,0,0
2469,site12_69.png,6,7,2,100.0,0,0,2,0,0
2469,site12_69.png,7,6,4,100.0,0,0,4,0,0
2470,site12_70.png,0,0,2,100.0,0,0,2,0,0
2470,site12_70.png,0,1,2,96.0,0,0,2,0,0
2470,site12_70.png,0,2,2,73.4375,0,0,2,0,0
2470,site12_70.png,0,3,2,100.0,0,0,2,0,0
2470,site12_70.png,0,5,2,36.877,0,0,2,0,0
2470,site12_70.png,1,1,4,100.0,0,0,4,0,0
2470,site12_70.png,1,2,2,100.0,0,0,2,0,0
2470,site12_70.png,1,4,2,100.0,0,0,2,0,0
2470,site12_70.png,1,6,2,100.0,0,0,0,2,0
2470,site12_70.png,2,0,2,100.0,0,0,2,0,0
2470,site12_70.png,2,5,2,100.0,0,0,2,0,0
2470,site12_70.png,3,4,2,100.0,0,0,2,0,0
2470,site12_70.png,4,0,4,100.0,0,0,4,0,0
2470,site12_70.png,4,4,2,100.0,0,0,2,0,0
2470,site12_70.png,4,5,2,95.4688,0,0,2,0,0
2470,site12_70.png,4,7,2,100.0,0,0,0,2,0
2470,site12_70.png,5,0,4,100.0,0,0,4,0,0
2470,site12_70.png,5,1,4,100.0,0,0,4,0,0
2470,site12_70.png,5,4,10,100.0,0,0,10,0,0
2470,site12_70.png,6,0,2,100.0,0,0,2,0,0
2470,site12_70.png,6,1,2,100.0,0,0,2,0,0
2470,site12_70.png,6,4,4,100.0,0,0,4,0,0
2470,site12_70.png,7,4,2,100.0,0,0,0,0,2
2471,site12_71.png,4,4,2,100.0,0,0,0,2,0
2472,site12_72.png,2,4,2,100.0,0,0,0,2,0
2472,site12_72.png,4,0,2,100.0,0,0,0,2,0
2472,site12_72.png,4,7,2,100.0,0,0,0,2,0
2473,site12_73.png,2,7,2,100.0,0,0,0,2,0
2473,site12_73.png,4,3,2,100.0,0,0,0,2,0
2473,site12_73.png,6,7,2,100.0,0,0,0,2,0
2474,site12_74.png,2,2,2,100.0,0,0,0,2,0
2474,site12_74.png,4,6,2,100.0,0,0,0,2,0
2474,site12_74.png,6,1,2,100.0,0,0,0,2,0
2475,site12_75.png,2,7,2,100.0,0,0,0,2,0
2475,site12_75.png,4,3,2,100.0,0,0,0,2,0
2476,site12_76.png,2,0,2,100.0,0,0,0,2,0
2476,site12_76.png,4,7,2,100.0,0,0,0,2,0
2477,site12_77.png,4,4,2,100.0,0,0,0,2,0
2478,site12_78.png,4,4,2,100.0,0,0,0,2,0
2479,site12_79.png,4,4,2,100.0,0,0,0,2,0
2483,site12_84.png,1,5,2,100.0,0,0,0,0,2
2484,site12_85.png,0,6,4,100.0,0,0,4,0,0
2484,site12_85.png,1,5,2,100.0,0,0,0,0,2
2484,site12_85.png,1,7,4,100.0,0,0,4,0,0
2484,site12_85.png,2,6,4,100.0,0,0,4,0,0
2484,site12_85.png,2,7,2,100.0,0,0,2,0,0
2484,site12_85.png,3,6,2,100.0,0,0,2,0,0
2484,site12_85.png,3,7,2,100.0,0,0,2,0,0
2484,site12_85.png,4,5,2,100.0,0,0,2,0,0
2484,site12_85.png,4,6,2,100.0,0,0,2,0,0
2484,site12_85.png,4,7,2,100.0,0,0,2,0,0
2484,site12_85.png,5,6,2,100.0,0,0,2,0,0
2484,site12_85.png,5,7,2,100.0,0,0,2,0,0
2484,site12_85.png,6,5,2,100.0,0,0,2,0,0
2484,site12_85.png,6,7,2,100.0,0,0,2,0,0
2484,site12_85.png,7,4,2,100.0,0,0,2,0,0
2484,site12_85.png,7,5,2,100.0,0,0,2,0,0
2484,site12_85.png,7,6,4,100.0,0,0,4,0,0
2484,site12_85.png,7,7,2,100.0,0,0,2,0,0
2485,site12_86.png,1,0,4,100.0,0,0,4,0,0
2485,site12_86.png,1,3,2,100.0,0,0,2,0,0
2485,site12_86.png,2,0,2,100.0,0,0,2,0,0
2485,site12_86.png,2,3,4,100.0,0,0,4,0,0
2485,site12_86.png,3,0,2,67.9285,0,0,2,0,0
2485,site12_86.png,3,4,2,100.0,0,0,2,0,0
2485,site12_86.png,4,0,4,100.0,0,0,4,0,0
2485,site12_86.png,4,4,4,100.0,0,0,4,0,0
2485,site12_86.png,4,7,2,100.0,0,0,0,2,0
2485,site12_86.png,5,0,2,100.0,0,0,2,0,0
2485,site12_86.png,5,4,4,100.0,0,0,4,0,0
2485,site12_86.png,6,0,2,100.0,0,0,2,0,0
2485,site12_86.png,6,3,6,100.0,0,0,6,0,0
2485,site12_86.png,7,0,2,91.0625,0,0,2,0,0
2485,site12_86.png,7,3,4,100.0,0,0,4,0,0
2486,site12_87.png,4,4,2,100.0,0,0,0,2,0
2487,site12_88.png,2,5,2,30.9062,0,0,2,0,0
2487,site12_88.png,4,0,2,100.0,0,0,0,2,0
2487,site12_88.png,4,7,2,100.0,0,0,0,2,0
2487,site12_88.png,6,1,2,100.0,0,0,0,2,0
2487,site12_88.png,6,5,2,100.0,0,0,0,2,0
2488,site12_89.png,1,7,2,100.0,0,0,0,2,0
2488,site12_89.png,4,3,2,100.0,0,0,0,2,0
2489,site12_90.png,1,1,2,100.0,0,0,0,2,0
2489,site12_90.png,4,6,2,100.0,0,0,0,2,0
2490,site12_91.png,4,2,2,100.0,0,0,0,2,0
2491,site12_92.png,4,7,2,100.0,0,0,0,2,0
2492,site12_93.png,4,4,2,100.0,0,0,0,2,0
2493,site12_94.png,4,4,2,100.0,0,0,0,2,0
2493,site12_94.png,6,5,2,100.0,0,0,0,0,2
2494,site12_95.png,3,4,2,100.0,0,0,0,2,0
2498,site12_100.png,1,6,2,100.0,0,0,0,0,2
2498,site12_100.png,2,5,2,100.0,0,0,0,0,2
2498,site12_100.png,4,7,2,100.0,0,0,0,0,2
2499,site12_101.png,0,4,2,100.0,0,0,2,0,0
2499,site12_101.png,0,5,2,100.0,0,0,2,0,0
2499,site12_101.png,0,6,2,74.9226,0,0,2,0,0
2499,site12_101.png,0,7,2,100.0,0,0,2,0,0
2499,site12_101.png,1,4,2,100.0,0,0,2,0,0
2499,site12_101.png,1,5,2,100.0,0,0,2,0,0
2499,site12_101.png,1,6,4,100.0,0,0,4,0,0
2499,site12_101.png,1,7,2,100.0,0,0,2,0,0
2499,site12_101.png,2,5,2,100.0,0,0,2,0,0
2499,site12_101.png,2,7,4,100.0,0,0,4,0,0
2499,site12_101.png,3,3,2,100.0,0,0,0,0,2
2499,site12_101.png,3,5,2,100.0,0,0,2,0,0
2499,site12_101.png,3,6,4,100.0,0,0,4,0,0
2499,site12_101.png,3,7,2,100.0,0,0,2,0,0
2499,site12_101.png,4,1,2,100.0,0,0,0,0,2
2499,site12_101.png,4,6,2,100.0,0,0,2,0,0
2499,site12_101.png,4,7,2,100.0,0,0,2,0,0
2499,site12_101.png,5,4,2,100.0,0,0,2,0,0
2499,site12_101.png,5,5,2,100.0,0,0,2,0,0
2499,site12_101.png,6,5,4,100.0,0,0,4,0,0
2499,site12_101.png,6,6,2,100.0,0,0,0,0,2
2499,site12_101.png,7,4,2,100.0,0,0,0,0,2
2499,site12_101.png,7,6,6,100.0,0,0,6,0,0
2500,site12_102.png,0,0,2,100.0,0,0,2,0,0
2500,site12_102.png,0,3,4,100.0,0,0,4,0,0
2500,site12_102.png,1,0,2,84.0,0,0,2,0,0
2500,site12_102.png,1,3,4,100.0,0,0,4,0,0
2500,site12_102.png,2,0,6,100.0,0,0,6,0,0
2500,site12_102.png,2,3,4,100.0,0,0,4,0,0
2500,site12_102.png,2,4,4,100.0,0,0,4,0,0
2500,site12_102.png,3,0,2,100.0,0,0,2,0,0
2500,site12_102.png,3,3,2,100.0,0,0,2,0,0
2500,site12_102.png,3,4,2,100.0,0,0,2,0,0
2500,site12_102.png,4,0,2,100.0,0,0,2,0,0
2500,site12_102.png,4,6,2,100.0,0,0,0,2,0
2500,site12_102.png,5,5,2,100.0,0,0,0,2,0
2500,site12_102.png,7,3,6,100.0,0,0,6,0,0
2500,site12_102.png,7,4,4,100.0,0,0,4,0,0
2501,site12_103.png,2,7,2,19.0625,0,0,2,0,0
2501,site12_103.png,3,7,2,25.3969,0,0,2,0,0
2501,site12_103.png,4,3,2,100.0,0,0,0,2,0
2501,site12_103.png,4,7,4,100.0,0,0,4,0,0
2501,site12_103.png,5,7,4,89.2078,0,0,4,0,0
2501,site12_103.png,6,7,2,52.7344,0,0,2,0,0
2501,site12_103.png,7,7,2,65.6391,0,0,2,0,0
2502,site12_104.png,0,1,2,100.0,0,0,0,2,0
2502,site12_104.png,1,5,2,100.0,0,0,0,2,0
2502,site12_104.png,2,0,4,100.0,0,0,4,0,0
2502,site12_104.png,2,1,4,100.0,0,0,4,0,0
2502,site12_104.png,3,0,2,82.5,0,0,2,0,0
2502,site12_104.png,3,1,2,87.1875,0,0,2,0,0
2502,site12_104.png,3,5,2,99.9375,0,0,2,0,0
2502,site12_104.png,4,0,4,100.0,0,0,2,2,0
2502,site12_104.png,4,1,4,100.0,0,0,4,0,0
2502,site12_104.png,4,5,4,100.0,0,0,4,0,0
2502,site12_104.png,4,6,2,100.0,0,0,0,2,0
2502,site12_104.png,5,0,4,100.0,0,0,4,0,0
2502,site12_104.png,5,1,2,82.5,0,0,2,0,0
2502,site12_104.png,5,4,2,43.75,0,0,2,0,0
2502,site12_104.png,6,0,2,76.5938,0,0,2,0,0
2502,site12_104.png,6,1,4,100.0,0,0,4,0,0
2502,site12_104.png,6,4,6,100.0,0,0,6,0,0
2502,site12_104.png,7,0,2,88.0,0,0,2,0,0
2502,site12_104.png,7,1,2,86.625,0,0,2,0,0
2502,site12_104.png,7,4,4,100.0,0,0,4,0,0
2503,site12_105.png,4,3,2,100.0,0,0,0,2,0
2504,site12_106.png,4,6,2,100.0,0,0,0,2,0
2505,site12_107.png,4,2,2,100.0,0,0,0,2,0
2506,site12_108.png,4,6,2,100.0,0,0,0,2,0
2507,site12_109.png,4,4,2,100.0,0,0,0,2,0
2508,site12_110.png,3,4,2,100.0,0,0,0,0,2
2508,site12_110.png,4,1,2,100.0,0,0,0,2,0
2508,site12_110.png,7,3,2,100.0,0,0,2,0,0
2508,site12_110.png,7,4,2,100.0,0,0,2,0,0
2509,site12_111.png,7,4,2,100.0,0,0,0,0,2
2513,site12_116.png,7,4,2,100.0,0,0,0,0,2
2513,site12_116.png,7,7,2,100.0,0,0,0,0,2
2514,site12_117.png,0,4,2,100.0,0,0,0,0,2
2514,site12_117.png,0,6,4,100.0,0,0,4,0,0
2514,site12_117.png,1,6,4,100.0,0,0,4,0,0
2514,site12_117.png,2,3,2,100.0,0,0,0,0,2
2514,site12_117.png,2,5,2,100.0,0,0,2,0,0
2514,site12_117.png,3,6,4,100.0,0,0,4,0,0
2514,site12_117.png,4,5,2,100.0,0,0,2,0,0
2514,site12_117.png,4,6,2,100.0,0,0,2,0,0
2514,site12_117.png,5,2,2,100.0,0,0,0,0,2
2514,site12_117.png,5,6,2,100.0,0,0,2,0,0
2514,site12_117.png,6,2,2,100.0,0,0,2,0,0
2514,site12_117.png,6,3,4,100.0,0,0,4,0,0
2514,site12_117.png,6,4,2,100.0,0,0,2,0,0
2514,site12_117.png,6,5,2,100.0,0,0,2,0,0
2514,site12_117.png,7,0,2,100.0,0,0,0,0,2
2514,site12_117.png,7,2,2,100.0,0,0,2,0,0
2515,site12_118.png,0,3,4,100.0,0,0,4,0,0
2515,site12_118.png,0,4,4,100.0,0,0,4,0,0
2515,site12_118.png,1,3,6,100.0,0,0,6,0,0
2515,site12_118.png,1,4,4,100.0,0,0,4,0,0
2515,site12_118.png,2,4,2,100.0,0,0,2,0,0
2515,site12_118.png,3,2,2,100.0,0,0,2,0,0
2515,site12_118.png,3,3,2,100.0,0,0,2,0,0
2515,site12_118.png,3,4,2,100.0,0,0,2,0,0
2515,site12_118.png,3,6,2,100.0,0,0,0,2,0
2515,site12_118.png,4,3,2,100.0,0,0,2,0,0
2515,site12_118.png,5,2,4,100.0,0,0,4,0,0
2515,site12_118.png,5,3,2,100.0,0,0,2,0,0
2515,site12_118.png,6,2,2,100.0,0,0,2,0,0
2515,site12_118.png,6,3,4,100.0,0,0,4,0,0
2515,site12_118.png,7,3,2,76.5625,0,0,2,0,0
2515,site12_118.png,7,7,2,17.5,2,0,0,0,0
2516,site12_119.png,0,7,2,56.3578,0,0,2,0,0
2516,site12_119.png,1,7,6,100.0,0,0,6,0,0
2516,site12_119.png,2,7,2,80.0625,0,0,2,0,0
2516,site12_119.png,3,3,2,100.0,0,0,0,2,0
2516,site12_119.png,3,7,2,87.1875,0,0,2,0,0
2516,site12_119.png,7,0,2,100.0,2,0,0,0,0
2516,site12_119.png,7,3,4,100.0,0,0,4,0,0
2516,site12_119.png,7,4,4,100.0,0,0,4,0,0
2516,site12_119.png,7,5,8,100.0,0,0,8,0,0
2516,site12_119.png,7,6,6,100.0,0,0,6,0,0
2516,site12_119.png,7,7,4,100.0,0,0,4,0,0
2517,site12_120.png,0,0,2,74.8488,0,0,2,0,0
2517,site12_120.png,0,1,2,79.5083,0,0,2,0,0
2517,site12_120.png,0,4,6,100.0,0,0,6,0,0
2517,site12_120.png,1,0,6,100.0,0,0,6,0,0
2517,site12_120.png,1,1,4,100.0,0,0,4,0,0
2517,site12_120.png,2,0,4,100.0,0,0,4,0,0
2517,site12_120.png,3,0,2,87.1875,0,0,2,0,0
2517,site12_120.png,3,1,2,84.6562,0,0,2,0,0
2517,site12_120.png,3,6,2,100.0,0,0,0,2,0
2517,site12_120.png,7,0,6,100.0,0,0,6,0,0
2517,site12_120.png,7,5,2,40.8929,0,0,2,0,0
2517,site12_120.png,7,6,2,39.375,0,0,2,0,0
2518,site12_121.png,3,3,2,100.0,0,0,0,2,0
2519,site12_122.png,4,6,2,100.0,0,0,0,2,0
2520,site12_123.png,4,2,2,100.0,0,0,0,2,0
2521,site12_124.png,4,6,2,100.0,0,0,0,2,0
2522,site12_125.png,4,4,2,100.0,0,0,0,2,0
2523,site12_126.png,0,3,2,100.0,0,0,2,0,0
2523,site12_126.png,0,4,2,100.0,0,0,2,0,0
2523,site12_126.png,2,5,2,100.0,0,2,0,0,0
2523,site12_126.png,4,1,2,100.0,0,0,0,2,0
2523,site12_126.png,4,4,2,100.0,0,0,0,0,2
2523,site12_126.png,4,6,2,100.0,2,0,0,0,0
2524,site12_127.png,1,4,2,100.0,0,0,0,0,2
2528,site12_132.png,0,7,2,100.0,0,0,0,0,2
2528,site12_132.png,1,4,2,100.0,0,0,0,0,2
2529,site12_133.png,0,0,2,100.0,0,0,0,0,2
2529,site12_133.png,0,2,2,42.9391,0,0,2,0,0
2530,site12_134.png,0,3,2,70.4375,0,0,2,0,0
2530,site12_134.png,4,6,2,100.0,2,0,0,0,0
2531,site12_135.png,0,0,2,36.7188,2,0,0,0,0
2531,site12_135.png,0,3,4,100.0,0,0,4,0,0
2531,site12_135.png,0,4,4,100.0,0,0,4,0,0
2531,site12_135.png,0,5,8,100.0,0,0,8,0,0
2531,site12_135.png,0,6,4,100.0,0,0,4,0,0
2531,site12_135.png,0,7,4,100.0,0,0,4,0,0
2531,site12_135.png,1,3,4,100.0,0,0,4,0,0
2531,site12_135.png,1,4,2,90.0,0,0,2,0,0
2531,site12_135.png,1,5,4,100.0,0,0,4,0,0
2531,site12_135.png,1,6,2,100.0,0,0,2,0,0
2531,site12_135.png,1,7,4,100.0,0,0,4,0,0
2531,site12_135.png,2,3,2,100.0,0,0,2,0,0
2531,site12_135.png,2,4,2,100.0,0,0,2,0,0
2531,site12_135.png,2,5,6,100.0,0,0,6,0,0
2531,site12_135.png,2,6,2,65.3125,0,0,2,0,0
2531,site12_135.png,2,7,4,100.0,0,0,4,0,0
2531,site12_135.png,3,3,2,82.5,0,0,2,0,0
2531,site12_135.png,3,4,4,100.0,0,0,4,0,0
2531,site12_135.png,3,5,4,100.0,0,0,4,0,0
2531,site12_135.png,3,6,2,98.0,0,0,2,0,0
2531,site12_135.png,4,0,2,51.0565,2,0,0,0,0
2531,site12_135.png,4,5,2,100.0,0,0,2,0,0
2532,site12_136.png,0,0,4,97.1964,0,0,4,0,0
2532,site12_136.png,0,5,2,96.3125,0,0,2,0,0
2532,site12_136.png,0,6,4,100.0,0,0,2,2,0
2532,site12_136.png,1,0,6,100.0,0,0,6,0,0
2532,site12_136.png,1,5,2,100.0,0,0,2,0,0
2532,site12_136.png,1,6,2,100.0,0,0,2,0,0
2532,site12_136.png,1,7,2,100.0,0,0,2,0,0
2532,site12_136.png,2,0,4,100.0,0,0,4,0,0
2532,site12_136.png,2,5,2,100.0,0,0,2,0,0
2532,site12_136.png,2,6,4,100.0,0,0,4,0,0
2532,site12_136.png,3,5,2,100.0,0,0,2,0,0
2532,site12_136.png,3,6,2,100.0,0,0,2,0,0
2532,site12_136.png,3,7,2,100.0,0,0,2,0,0
2533,site12_137.png,0,2,2,100.0,0,0,0,2,0
2533,site12_137.png,1,0,4,100.0,0,0,4,0,0
2533,site12_137.png,3,0,2,77.4132,0,0,2,0,0
2534,site12_138.png,0,6,2,100.0,0,0,0,2,0
2535,site12_139.png,0,2,2,100.0,0,0,0,2,0
2535,site12_139.png,7,5,2,100.0,0,0,0,2,0
2536,site12_140.png,0,6,2,100.0,0,0,0,2,0
2536,site12_140.png,4,6,2,100.0,0,0,0,2,0
2537,site12_141.png,0,4,2,100.0,0,0,0,2,0
2537,site12_141.png,4,4,2,100.0,0,0,0,2,0
2538,site12_142.png,0,1,2,100.0,0,0,0,2,0
2538,site12_142.png,5,1,2,100.0,0,0,0,2,0
2539,site12_143.png,1,7,2,100.0,0,0,0,0,2
2550,site12_155.png,2,5,2,100.0,0,0,0,2,0
2550,site12_155.png,5,5,2,100.0,0,0,0,0,2
2551,site12_156.png,0,6,2,100.0,0,0,0,2,0
2552,site12_157.png,0,4,2,100.0,0,0,0,2,0
2553,site12_158.png,1,1,2,100.0,0,0,0,2,0
2563,site12_169.png,6,6,2,100.0,0,0,0,2,0
2564,site12_170.png,3,2,2,57.2812,2,0,0,0,0
2564,site12_170.png,3,3,2,19.5312,2,0,0,0,0
2564,site12_170.png,3,4,4,46.9062,4,0,0,0,0
2564,site12_170.png,4,4,4,57.4688,4,0,0,0,0
2564,site12_170.png,4,7,2,100.0,0,0,0,0,2
2564,site12_170.png,6,4,2,100.0,0,0,0,2,0
2565,site12_171.png,4,0,2,100.0,0,0,0,0,2
2565,site12_171.png,4,4,2,30.25,0,0,2,0,0
2565,site12_171.png,6,2,2,100.0,0,0,0,2,0
2577,site12_185.png,0,6,2,100.0,0,0,0,2,0
2578,site12_186.png,1,4,2,100.0,0,0,0,2,0
2579,site12_187.png,1,2,2,100.0,0,0,0,2,0
2579,site12_187.png,2,6,2,100.0,0,0,0,0,2
2595,site17_2.png,3,3,2,100.0,0,0,2,0,0
2595,site17_2.png,3,5,2,100.0,0,0,2,0,0
2596,site17_3.png,3,4,2,100.0,0,0,2,0,0
2597,site17_4.png,2,5,2,100.0,0,0,2,0,0
2597,site17_4.png,3,3,2,100.0,0,0,2,0,0
2598,site17_5.png,2,2,2,100.0,0,0,2,0,0
2599,site17_6.png,7,6,2,100.0,0,0,2,0,0
2600,site17_7.png,2,7,2,100.0,0,0,2,0,0
2600,site17_7.png,4,4,2,100.0,0,0,2,0,0
2600,site17_7.png,4,5,2,100.0,0,0,2,0,0
2600,site17_7.png,5,7,2,100.0,0,0,2,0,0
2600,site17_7.png,6,2,2,100.0,0,0,2,0,0
2600,site17_7.png,7,1,2,100.0,0,0,2,0,0
2601,site17_8.png,0,4,2,100.0,0,0,2,0,0
2601,site17_8.png,1,7,2,100.0,0,0,2,0,0
2601,site17_8.png,2,0,2,100.0,0,0,2,0,0
2601,site17_8.png,2,3,2,100.0,0,0,2,0,0
2601,site17_8.png,2,5,2,100.0,0,0,2,0,0
2601,site17_8.png,3,2,2,100.0,0,0,2,0,0
2601,site17_8.png,3,6,2,100.0,0,0,2,0,0
2601,site17_8.png,4,4,4,100.0,0,0,4,0,0
2601,site17_8.png,5,0,2,100.0,0,0,2,0,0
2601,site17_8.png,5,2,2,100.0,0,0,2,0,0
2601,site17_8.png,6,4,2,100.0,0,0,2,0,0
2602,site17_9.png,0,3,2,100.0,0,0,2,0,0
2602,site17_9.png,1,0,2,100.0,0,0,2,0,0
2602,site17_9.png,1,4,2,100.0,0,0,2,0,0
2602,site17_9.png,4,4,2,100.0,0,0,2,0,0
2602,site17_9.png,4,6,2,100.0,0,0,2,0,0
2602,site17_9.png,5,3,2,100.0,0,0,2,0,0
2603,site17_10.png,0,0,2,100.0,0,0,2,0,0
2603,site17_10.png,0,6,2,92.5312,0,0,2,0,0
2603,site17_10.png,1,3,2,100.0,0,0,2,0,0
2603,site17_10.png,3,2,2,100.0,0,0,2,0,0
2603,site17_10.png,3,6,2,100.0,0,0,2,0,0
2603,site17_10.png,4,4,2,100.0,0,0,2,0,0
2603,site17_10.png,4,7,2,100.0,0,0,2,0,0
2603,site17_10.png,5,0,2,100.0,0,0,2,0,0
2603,site17_10.png,5,3,2,100.0,0,0,2,0,0
2603,site17_10.png,5,6,2,100.0,0,0,2,0,0
2603,site17_10.png,5,7,2,100.0,0,0,2,0,0
2603,site17_10.png,6,2,2,100.0,0,0,2,0,0
2603,site17_10.png,7,6,2,100.0,0,0,2,0,0
2604,site17_11.png,0,0,2,19.5903,0,0,2,0,0
2604,site17_11.png,0,3,2,38.75,0,0,2,0,0
2604,site17_11.png,0,5,2,34.375,0,0,2,0,0
2604,site17_11.png,2,0,2,100.0,0,0,2,0,0
2604,site17_11.png,2,4,2,100.0,0,0,2,0,0
2604,site17_11.png,3,7,2,100.0,0,0,2,0,0
2604,site17_11.png,4,1,2,100.0,0,0,2,0,0
2604,site17_11.png,4,4,2,100.0,0,0,2,0,0
2604,site17_11.png,5,0,2,100.0,0,0,2,0,0
2604,site17_11.png,6,4,2,100.0,0,0,2,0,0
2604,site17_11.png,6,5,2,100.0,0,0,2,0,0
2604,site17_11.png,6,7,2,100.0,0,0,2,0,0
2604,site17_11.png,7,0,2,54.7306,0,0,2,0,0
2604,site17_11.png,7,1,2,100.0,0,0,2,0,0
2604,site17_11.png,7,4,2,91.875,0,0,2,0,0
2605,site17_12.png,3,0,2,100.0,0,0,2,0,0
2605,site17_12.png,4,1,2,100.0,0,0,2,0,0
2605,site17_12.png,6,0,2,100.0,0,0,2,0,0
2610,site17_19.png,2,6,2,100.0,0,0,2,0,0
2610,site17_19.png,3,6,2,100.0,0,0,2,0,0
2610,site17_19.png,4,7,2,100.0,0,0,2,0,0
2610,site17_19.png,5,7,2,100.0,0,0,2,0,0
2611,site17_20.png,0,1,2,100.0,0,0,2,0,0
2611,site17_20.png,3,4,4,100.0,0,0,4,0,0
2611,site17_20.png,4,0,2,100.0,0,0,2,0,0
2611,site17_20.png,5,0,2,100.0,0,0,2,0,0
2612,site17_21.png,2,4,4,100.0,0,0,4,0,0
2613,site17_22.png,1,3,2,100.0,0,0,2,0,0
2613,site17_22.png,1,4,2,100.0,0,0,2,0,0
2614,site17_23.png,0,6,2,100.0,0,0,2,0,0
2614,site17_23.png,1,2,2,100.0,0,0,2,0,0
2614,site17_23.png,2,4,2,100.0,0,0,2,0,0
2614,site17_23.png,3,5,2,100.0,0,0,2,0,0
2614,site17_23.png,3,6,2,100.0,0,0,2,0,0
2615,site17_24.png,0,0,2,100.0,0,0,2,0,0
2615,site17_24.png,0,1,2,100.0,0,0,2,0,0
2615,site17_24.png,0,4,2,100.0,0,0,2,0,0
2615,site17_24.png,0,7,2,100.0,0,0,2,0,0
2615,site17_24.png,2,4,2,100.0,0,0,2,0,0
2615,site17_24.png,2,5,2,100.0,0,0,2,0,0
2615,site17_24.png,3,1,2,100.0,0,0,2,0,0
2616,site17_25.png,0,0,2,100.0,0,0,2,0,0
2616,site17_25.png,1,2,2,100.0,0,0,2,0,0
2616,site17_25.png,2,2,2,100.0,0,0,2,0,0
2616,site17_25.png,3,2,2,100.0,0,0,2,0,0
2616,site17_25.png,4,1,2,100.0,0,0,2,0,0
2618,site17_29.png,5,7,2,76.4167,0,0,2,0,0
2619,site17_30.png,3,3,2,100.0,0,0,2,0,0
2619,site17_30.png,4,7,2,100.0,0,0,2,0,0
2619,site17_30.png,5,0,2,100.0,0,0,2,0,0
2620,site17_31.png,3,4,2,100.0,0,0,2,0,0
2620,site17_31.png,4,1,2,100.0,0,0,2,0,0
2620,site17_31.png,7,7,2,100.0,0,0,2,0,0
2621,site17_32.png,7,1,2,100.0,0,0,2,0,0
2621,site17_32.png,7,7,2,100.0,0,0,2,0,0
2622,site17_33.png,7,2,2,100.0,0,0,2,0,0
2627,site17_40.png,6,3,2,100.0,0,0,2,0,0
2629,site17_42.png,2,3,2,100.0,0,0,2,0,0
2629,site17_42.png,2,6,2,100.0,0,0,2,0,0
2630,site17_43.png,2,0,2,100.0,0,0,2,0,0
2631,site17_44.png,0,7,2,100.0,0,0,2,0,0
2631,site17_44.png,5,4,2,100.0,0,0,2,0,0
2632,site17_45.png,0,1,2,100.0,0,0,2,0,0
2632,site17_45.png,1,6,2,100.0,0,0,2,0,0
2633,site17_46.png,1,3,2,100.0,0,0,2,0,0
2633,site17_46.png,5,7,2,100.0,0,0,2,0,0
2634,site17_47.png,5,2,2,100.0,0,0,2,0,0
2638,site17_53.png,2,3,2,100.0,0,0,2,0,0
2639,site17_54.png,4,6,2,100.0,0,0,2,0,0
2640,site17_55.png,5,3,2,100.0,0,0,2,0,0
2641,site17_56.png,3,5,2,100.0,0,0,2,0,0
2641,site17_56.png,4,3,2,100.0,0,0,2,0,0
2641,site17_56.png,6,4,2,100.0,0,0,2,0,0
2642,site17_57.png,3,1,2,100.0,0,0,2,0,0
2642,site17_57.png,5,4,2,100.0,0,0,2,0,0
2643,site17_58.png,5,2,2,11.875,2,0,0,0,0
2643,site17_58.png,6,4,2,100.0,0,0,2,0,0
2644,site17_59.png,7,0,2,100.0,0,0,2,0,0
2645,site17_60.png,0,3,2,100.0,0,0,2,0,0
2645,site17_60.png,1,5,2,100.0,0,0,2,0,0
2645,site17_60.png,2,7,2,100.0,0,0,2,0,0
2645,site17_60.png,4,7,2,100.0,0,0,2,0,0
2646,site17_61.png,2,0,2,100.0,0,0,2,0,0
2646,site17_61.png,2,3,2,100.0,0,0,2,0,0
2646,site17_61.png,5,4,2,100.0,0,0,2,0,0
2647,site17_62.png,7,0,2,100.0,0,0,2,0,0
2648,site17_63.png,6,4,2,100.0,0,0,2,0,0
2651,site17_68.png,4,4,2,100.0,0,0,2,0,0
2652,site17_69.png,1,5,2,100.0,0,0,2,0,0
2652,site17_69.png,4,3,2,100.0,0,0,2,0,0
2653,site17_70.png,4,4,2,100.0,0,0,2,0,0
2654,site17_71.png,1,4,2,100.0,0,0,2,0,0
2654,site17_71.png,4,3,2,100.0,0,0,2,0,0
2655,site17_72.png,1,0,2,100.0,0,0,2,0,0
2655,site17_72.png,6,7,2,15.625,2,0,0,0,0
2655,site17_72.png,7,1,2,100.0,0,0,2,0,0
2657,site17_74.png,2,5,2,100.0,0,0,2,0,0
2658,site17_75.png,1,7,2,19.0312,2,0,0,0,0
2658,site17_75.png,2,1,2,100.0,0,0,2,0,0
2658,site17_75.png,2,2,2,100.0,0,0,2,0,0
2658,site17_75.png,2,6,2,100.0,0,0,2,0,0
2658,site17_75.png,6,6,2,100.0,0,0,0,0,2
2658,site17_75.png,6,7,2,55.25,2,0,0,0,0
2659,site17_76.png,1,0,2,19.0312,2,0,0,0,0
2659,site17_76.png,2,1,2,100.0,0,0,2,0,0
2659,site17_76.png,2,4,2,100.0,0,0,2,0,0
2659,site17_76.png,5,1,2,100.0,0,0,0,0,2
2659,site17_76.png,6,0,2,54.1875,2,0,0,0,0
2660,site17_80.png,7,4,2,51.2031,2,0,0,0,0
2664,site17_84.png,1,3,2,100.0,0,0,2,0,0
2665,site17_85.png,1,1,2,100.0,0,0,2,0,0
2671,site7_2.png,6,4,2,100.0,2,0,0,0,0
2672,site7_3.png,6,2,2,100.0,2,0,0,0,0
2672,site7_3.png,6,6,2,100.0,2,0,0,0,0
2673,site7_5.png,4,7,2,97.2188,2,0,0,0,0
2674,site7_6.png,2,4,2,100.0,2,0,0,0,0
2674,site7_6.png,4,0,2,100.0,2,0,0,0,0
2674,site7_6.png,4,3,2,100.0,2,0,0,0,0
2674,site7_6.png,5,7,2,100.0,2,0,0,0,0
2675,site7_7.png,2,3,2,100.0,2,0,0,0,0
2675,site7_7.png,5,0,2,100.0,2,0,0,0,0
2680,site10_12.png,2,7,2,100.0,2,0,0,0,0
2681,site10_13.png,2,0,2,100.0,2,0,0,0,0
2685,site10_20.png,2,7,2,21.0,2,0,0,0,0
2685,site10_20.png,3,6,2,68.9062,2,0,0,0,0
2685,site10_20.png,4,6,2,30.625,2,0,0,0,0
2685,site10_20.png,4,7,2,31.0,2,0,0,0,0
2685,site10_20.png,6,5,2,40.9688,2,0,0,0,0
2685,site10_20.png,7,1,2,100.0,0,0,0,0,2
2685,site10_20.png,7,3,2,100.0,2,0,0,0,0
2686,site10_21.png,2,0,2,30.625,2,0,0,0,0
2686,site10_21.png,4,0,2,31.0,2,0,0,0,0
2687,site10_22.png,5,4,2,100.0,2,0,0,0,0
2688,site10_27.png,1,7,2,100.0,0,0,0,0,2
2688,site10_27.png,2,6,4,100.0,2,0,0,0,2
2688,site10_27.png,2,7,2,100.0,2,0,0,0,0
2688,site10_27.png,7,0,2,100.0,0,0,0,0,2
2689,site10_28.png,0,3,2,100.0,2,0,0,0,0
2689,site10_28.png,1,0,2,100.0,0,0,0,0,2
2689,site10_28.png,1,1,2,100.0,2,0,0,0,0
2689,site10_28.png,2,1,4,100.0,2,0,0,0,2
2692,site10_51.png,3,0,2,100.0,0,0,0,0,2
2692,site10_51.png,4,2,2,100.0,0,0,0,0,2
2692,site10_51.png,5,4,2,100.0,0,0,0,0,2
2704,site1_17.png,2,5,2,100.0,0,0,2,0,0
2718,site1_32.png,4,2,2,15.0,0,0,0,2,0
2718,site1_32.png,6,3,2,100.0,0,0,0,0,2
2719,site1_33.png,4,7,2,100.0,0,0,0,0,2
2720,site1_34.png,5,0,2,100.0,0,0,0,0,2
2721,site1_35.png,4,4,2,78.125,2,0,0,0,0
2721,site1_35.png,7,4,4,100.0,0,0,2,0,2
2723,site1_37.png,6,1,2,100.0,2,0,0,0,0
2726,site1_41.png,2,5,2,100.0,0,0,2,0,0
2726,site1_41.png,4,6,2,100.0,0,0,2,0,0
2727,site1_42.png,2,3,2,100.0,0,0,2,0,0
2727,site1_42.png,4,0,2,100.0,0,0,2,0,0
2727,site1_42.png,5,4,2,38.1562,0,0,2,0,0
2727,site1_42.png,6,4,2,100.0,0,0,2,0,0
2727,site1_42.png,7,4,2,35.875,0,0,0,2,0
2729,site1_44.png,2,7,2,100.0,0,0,2,0,0
2729,site1_44.png,3,3,2,100.0,0,0,2,0,0
2730,site1_45.png,2,2,2,100.0,0,0,2,0,0
2730,site1_45.png,2,5,2,91.0625,2,0,0,0,0
2730,site1_45.png,4,4,2,100.0,0,0,0,0,2
2732,site1_47.png,5,6,2,33.0,2,0,0,0,0
2733,site1_48.png,0,4,2,47.4643,0,0,0,0,2
2733,site1_48.png,1,2,2,100.0,0,0,0,0,2
2733,site1_48.png,1,4,2,100.0,0,0,2,0,0
2733,site1_48.png,4,3,2,100.0,0,0,2,0,0
2733,site1_48.png,5,3,2,100.0,2,0,0,0,0
2735,site1_50.png,0,1,2,17.4137,2,0,0,0,0
2739,site1_55.png,0,3,2,100.0,0,0,2,0,0
2739,site1_55.png,0,4,2,35.875,0,0,0,2,0
2739,site1_55.png,2,3,2,28.0312,0,2,0,0,0
2739,site1_55.png,3,2,2,39.6562,2,0,0,0,0
2739,site1_55.png,4,3,2,100.0,0,0,2,0,0
2739,site1_55.png,4,5,2,100.0,0,0,0,0,2
2739,site1_55.png,6,4,2,100.0,0,0,0,0,2
2739,site1_55.png,6,7,2,100.0,0,0,0,0,2
2739,site1_55.png,7,2,2,100.0,0,0,0,0,2
2740,site1_56.png,5,1,2,100.0,0,0,0,0,2
2740,site1_56.png,6,1,2,100.0,0,0,0,0,2
2745,site1_61.png,6,1,2,100.0,0,0,2,0,0
2749,site1_67.png,1,7,2,100.0,0,0,0,0,2
2750,site1_68.png,0,7,2,100.0,0,0,0,0,2
2750,site1_68.png,1,2,2,100.0,0,0,0,0,2
2750,site1_68.png,1,5,2,100.0,0,0,0,0,2
2751,site1_69.png,0,1,2,100.0,0,0,0,0,2
2751,site1_69.png,6,2,2,29.5312,2,0,0,0,0
2753,site1_71.png,2,5,2,33.75,2,0,0,0,0
2754,site1_72.png,6,1,2,100.0,2,0,0,0,0
2755,site1_73.png,7,3,2,100.0,0,0,2,0,0
2756,site1_74.png,0,1,2,100.0,0,0,2,0,0
2763,site1_83.png,3,3,2,100.0,0,0,2,0,0
2764,site1_84.png,5,6,2,100.0,0,0,2,0,0
2765,site1_85.png,0,7,2,100.0,0,0,2,0,0
2765,site1_85.png,5,1,2,100.0,0,0,2,0,0
2766,site1_86.png,1,3,2,100.0,0,0,2,0,0
2766,site1_86.png,7,1,2,100.0,0,0,0,0,2
2774,site1_96.png,5,4,2,100.0,0,0,2,0,0
2774,site1_96.png,7,2,2,100.0,0,0,2,0,0
2775,site1_97.png,1,6,2,100.0,0,0,2,0,0
2775,site1_97.png,5,2,2,100.0,0,0,2,0,0
2776,site1_98.png,1,1,2,100.0,0,0,2,0,0
2776,site1_98.png,4,3,2,100.0,0,0,2,0,0
2776,site1_98.png,7,6,2,100.0,0,0,2,0,0
2777,site1_99.png,0,1,2,100.0,0,0,0,0,2
2777,site1_99.png,1,1,2,100.0,0,0,0,0,2
2777,site1_99.png,1,3,2,100.0,2,0,0,0,0
2777,site1_99.png,2,2,2,43.75,0,0,0,0,2
2777,site1_99.png,4,1,2,100.0,2,0,0,0,0
2777,site1_99.png,5,1,2,50.0,2,0,0,0,0
2785,site1_109.png,1,2,2,100.0,0,0,2,0,0
2786,site1_110.png,0,6,2,100.0,0,0,2,0,0
2786,site1_110.png,4,4,2,100.0,0,0,2,0,0
2787,site1_111.png,0,6,2,100.0,0,0,2,0,0
2787,site1_111.png,4,4,2,100.0,0,0,2,0,0
2797,site1_123.png,1,4,2,100.0,0,0,2,0,0
2824,site8_25.png,7,6,2,100.0,0,0,0,2,0
2825,site8_26.png,7,4,2,100.0,0,0,0,2,0
2830,site8_35.png,4,6,2,100.0,0,0,0,2,0
2831,site8_36.png,4,4,2,100.0,0,0,0,2,0
2832,site8_37.png,4,4,2,100.0,0,0,0,2,0
2837,site8_45.png,1,6,2,100.0,0,0,0,2,0
2838,site8_46.png,1,4,2,100.0,0,0,0,2,0
2839,site8_47.png,1,4,2,100.0,0,0,0,2,0
2840,site8_48.png,0,0,2,100.0,0,0,0,2,0
2847,site8_57.png,3,5,2,93.75,0,0,2,0,0
2847,site8_57.png,4,2,2,100.0,0,0,0,0,2
2847,site8_57.png,4,6,2,100.0,2,0,0,0,0
2847,site8_57.png,4,7,2,87.0,0,0,2,0,0
2847,site8_57.png,6,1,2,100.0,0,0,0,0,2
2848,site8_58.png,3,1,2,100.0,0,0,2,0,0
2848,site8_58.png,4,1,2,100.0,2,0,0,0,0
2848,site8_58.png,4,2,2,94.9375,0,0,2,0,0
2853,site8_65.png,3,6,6,100.0,2,0,0,0,4
2877,site8_93.png,2,6,2,100.0,0,0,2,0,0
2886,site8_103.png,3,7,2,100.0,0,0,0,0,2
2887,site8_104.png,2,1,2,100.0,0,0,0,0,2
2887,site8_104.png,3,0,2,100.0,0,0,0,0,2
2895,site8_113.png,7,7,2,100.0,0,0,2,0,0
2896,site8_114.png,4,1,2,100.0,0,0,2,0,0
2896,site8_114.png,6,0,2,100.0,0,0,2,0,0
2904,site8_123.png,1,7,2,100.0,0,0,2,0,0
2905,site8_124.png,2,2,2,100.0,0,0,2,0,0
2905,site8_124.png,2,5,2,100.0,0,0,2,0,0
2905,site8_124.png,4,1,2,100.0,0,0,2,0,0
2905,site8_124.png,5,3,2,73.625,0,0,2,0,0
2913,site8_133.png,3,6,2,100.0,0,0,2,0,0
2913,site8_133.png,6,7,2,72.25,0,0,2,0,0
2913,site8_133.png,7,4,2,100.0,0,0,2,0,0
2914,site8_134.png,2,0,2,100.0,0,0,2,0,0
2914,site8_134.png,5,5,2,100.0,0,0,2,0,0
2914,site8_134.png,6,0,2,72.25,0,0,2,0,0
2914,site8_134.png,7,2,2,100.0,0,0,2,0,0
2915,site8_135.png,2,1,2,100.0,0,0,2,0,0
2922,site8_143.png,0,4,2,100.0,0,0,2,0,0
2922,site8_143.png,1,7,2,100.0,0,0,2,0,0
2922,site8_143.png,4,6,2,100.0,0,0,2,0,0
2923,site8_144.png,0,6,2,100.0,0,0,2,0,0
2923,site8_144.png,1,1,2,100.0,0,0,2,0,0
2923,site8_144.png,4,4,2,100.0,0,0,2,0,0
2923,site8_144.png,5,5,2,36.0938,0,0,0,2,0
2923,site8_144.png,5,6,2,26.2812,0,0,0,2,0
2923,site8_144.png,6,3,2,100.0,0,0,2,0,0
2924,site8_145.png,4,4,2,100.0,2,0,0,0,0
2924,site8_145.png,4,7,2,100.0,0,0,0,0,2
2924,site8_145.png,5,5,2,100.0,2,0,0,0,0
2924,site8_145.png,6,4,2,100.0,0,2,0,0,0
2925,site8_146.png,2,6,2,100.0,0,2,0,0,0
2925,site8_146.png,3,5,2,100.0,0,2,0,0,0
2925,site8_146.png,4,0,2,100.0,0,0,0,0,2
2925,site8_146.png,4,2,2,100.0,0,2,0,0,0
2925,site8_146.png,7,1,2,72.5625,0,0,2,0,0
2925,site8_146.png,7,5,4,100.0,0,2,0,2,0
2926,site8_147.png,1,4,2,94.9375,0,0,2,0,0
2926,site8_147.png,2,2,2,100.0,0,0,0,0,2
2926,site8_147.png,2,3,4,100.0,0,0,2,0,2
2926,site8_147.png,2,4,2,52.4062,0,0,2,0,0
2926,site8_147.png,2,5,2,68.9062,0,0,2,0,0
2926,site8_147.png,2,6,2,100.0,2,0,0,0,0
2926,site8_147.png,3,1,4,100.0,0,2,2,0,0
2926,site8_147.png,3,2,2,45.0938,0,0,2,0,0
2926,site8_147.png,3,3,2,100.0,0,0,2,0,0
2926,site8_147.png,3,4,2,100.0,0,2,0,0,0
2926,site8_147.png,4,4,2,57.2812,0,0,2,0,0
2926,site8_147.png,5,4,2,100.0,0,2,0,0,0
2926,site8_147.png,7,4,2,100.0,0,0,2,0,0
2926,site8_147.png,7,6,2,100.0,2,0,0,0,0
2933,site8_155.png,1,7,2,100.0,0,2,0,0,0
2934,site8_156.png,0,1,2,72.5625,0,0,2,0,0
2934,site8_156.png,0,5,2,100.0,0,2,0,0,0
2934,site8_156.png,1,0,2,100.0,0,2,0,0,0
2934,site8_156.png,4,4,2,100.0,0,0,0,2,0
2935,site8_157.png,0,4,2,100.0,0,0,2,0,0
2935,site8_157.png,1,6,2,100.0,0,2,0,0,0
2935,site8_157.png,2,2,2,100.0,2,0,0,0,0
2935,site8_157.png,3,6,2,100.0,0,2,0,0,0
2935,site8_157.png,4,0,2,100.0,0,0,0,2,0
2935,site8_157.png,5,2,4,100.0,0,4,0,0,0
2935,site8_157.png,5,6,2,100.0,0,2,0,0,0
2935,site8_157.png,7,6,2,100.0,0,2,0,0,0
2943,site8_166.png,4,4,2,100.0,0,0,0,2,0
2944,site8_167.png,0,6,2,100.0,0,2,0,0,0
2944,site8_167.png,1,2,2,100.0,0,2,0,0,0
2944,site8_167.png,3,2,2,100.0,0,2,0,0,0
2944,site8_167.png,4,1,2,100.0,0,0,0,2,0
2944,site8_167.png,4,6,2,86.0625,0,0,2,0,0
2944,site8_167.png,5,7,2,100.0,0,2,0,0,0
2944,site8_167.png,6,2,4,100.0,0,2,0,0,2
2944,site8_167.png,6,6,2,100.0,0,0,0,0,2
2945,site8_168.png,3,2,2,100.0,0,2,0,0,0
2945,site8_168.png,5,0,2,100.0,0,2,0,0,0
2945,site8_168.png,6,1,2,100.0,0,0,0,2,0
2951,site8_175.png,1,4,2,100.0,0,0,2,0,0
2951,site8_175.png,1,7,4,100.0,0,0,0,0,4
2951,site8_175.png,2,4,2,100.0,0,2,0,0,0
2951,site8_175.png,3,4,2,100.0,0,2,0,0,0
2951,site8_175.png,5,4,2,100.0,0,2,0,0,0
2951,site8_175.png,5,5,2,100.0,0,2,0,0,0
2951,site8_175.png,7,5,2,100.0,0,2,0,0,0
2952,site8_176.png,1,0,4,100.0,0,0,0,0,4
2952,site8_176.png,1,1,2,100.0,0,0,0,0,2
2952,site8_176.png,1,5,2,100.0,0,0,0,2,0
2952,site8_176.png,2,1,2,100.0,0,0,0,0,2
2952,site8_176.png,3,1,2,49.8438,0,0,2,0,0
2952,site8_176.png,7,2,2,67.327,0,0,2,0,0
2953,site8_177.png,0,7,2,100.0,0,2,0,0,0
2953,site8_177.png,1,1,2,100.0,0,0,0,2,0
2953,site8_177.png,1,2,2,100.0,0,0,0,0,2
2953,site8_177.png,3,6,2,63.9375,0,0,2,0,0
2954,site8_178.png,1,1,2,100.0,0,0,0,2,0
2954,site8_178.png,4,6,2,100.0,0,2,0,0,0
2954,site8_178.png,5,6,2,87.6562,0,0,2,0,0
2955,site8_179.png,4,0,2,100.0,0,2,0,0,0
2960,site8_185.png,2,6,2,100.0,0,2,0,0,0
2960,site8_185.png,3,5,2,100.0,0,0,2,0,0
2961,site8_186.png,0,2,2,100.0,0,0,2,0,0
2961,site8_186.png,2,0,2,100.0,0,2,0,0,0
2961,site8_186.png,2,2,2,100.0,0,2,0,0,0
2961,site8_186.png,2,6,2,100.0,0,0,2,0,0
2962,site8_187.png,2,0,2,100.0,0,0,2,0,0
2963,site8_188.png,6,4,2,100.0,0,0,2,0,0
2963,site8_188.png,7,7,2,100.0,0,0,2,0,0
2964,site8_189.png,7,0,2,65.3438,0,0,2,0,0
2967,site8_193.png,6,7,2,48.7072,2,0,0,0,0
2968,site8_194.png,6,0,2,100.0,2,0,0,0,0
2968,site8_194.png,7,2,2,40.0,2,0,0,0,0
2970,site8_196.png,7,0,2,51.9901,0,0,2,0,0
2970,site8_196.png,7,1,2,100.0,2,0,0,0,0
2970,site8_196.png,7,2,2,87.1875,2,0,0,0,0
2972,site8_198.png,0,7,2,64.9688,0,0,2,0,0
2972,site8_198.png,4,4,2,100.0,0,0,2,0,0
2973,site8_199.png,0,0,2,42.2812,0,0,2,0,0
2977,site8_204.png,0,2,2,20.0,2,0,0,0,0
2977,site8_204.png,7,4,2,29.5312,2,0,0,0,0
2979,site8_206.png,0,0,2,87.6562,0,0,2,0,0
2979,site8_206.png,0,1,2,100.0,2,0,0,0,0
2979,site8_206.png,0,2,2,100.0,2,0,0,0,0
2979,site8_206.png,1,6,2,100.0,0,0,2,0,0
2980,site8_207.png,3,1,2,87.6562,0,0,2,0,0
2986,site8_214.png,0,4,2,5.0625,2,0,0,0,0
2986,site8_214.png,4,4,4,100.0,2,0,0,0,2
2995,site8_224.png,6,3,2,100.0,0,0,2,0,0
3003,site8_233.png,3,1,2,100.0,2,0,0,0,0
3003,site8_233.png,5,7,2,100.0,2,0,0,0,0
3003,site8_233.png,6,3,2,100.0,0,0,2,0,0
3004,site8_234.png,5,0,2,100.0,2,0,0,0,0
3004,site8_234.png,7,4,2,100.0,0,0,0,2,0
3005,site8_235.png,3,3,4,100.0,4,0,0,0,0
3005,site8_235.png,5,1,2,100.0,2,0,0,0,0
3005,site8_235.png,6,7,2,100.0,2,0,0,0,0
3006,site8_236.png,6,0,2,100.0,2,0,0,0,0
3006,site8_236.png,6,2,2,100.0,2,0,0,0,0
3011,site8_244.png,4,4,2,100.0,0,0,0,2,0
3013,site8_246.png,0,2,2,100.0,2,0,0,0,0
3014,site8_247.png,3,5,2,100.0,0,0,2,0,0
3014,site8_247.png,5,5,2,100.0,0,0,0,0,2
3018,site8_254.png,4,4,2,100.0,0,0,0,2,0
3019,site8_255.png,6,1,2,100.0,0,2,0,0,0
3022,site13_6.png,1,0,2,65.875,0,0,2,0,0
3022,site13_6.png,1,2,2,100.0,0,0,2,0,0
3022,site13_6.png,1,3,2,100.0,0,0,2,0,0
3022,site13_6.png,5,7,2,100.0,0,0,2,0,0
3022,site13_6.png,7,1,2,100.0,0,0,0,0,2
3022,site13_6.png,7,5,2,100.0,0,0,2,0,0
3023,site13_7.png,2,1,2,100.0,0,0,2,0,0
3023,site13_7.png,2,6,2,100.0,2,0,0,0,0
3023,site13_7.png,5,0,2,38.0075,0,0,2,0,0
3023,site13_7.png,6,5,2,100.0,0,0,0,0,2
3024,site13_8.png,4,1,2,100.0,2,0,0,0,0
3025,site13_16.png,0,5,2,100.0,0,0,2,0,0
3025,site13_16.png,1,1,2,100.0,0,0,0,0,2
3025,site13_16.png,1,3,2,100.0,0,0,2,0,0
3025,site13_16.png,2,1,4,49.5938,0,0,0,4,0
3025,site13_16.png,2,2,10,100.0,0,0,0,10,0
3025,site13_16.png,2,3,2,22.75,0,0,0,2,0
3025,site13_16.png,5,3,2,100.0,0,0,0,0,2
3025,site13_16.png,7,2,2,100.0,0,0,0,0,2
3025,site13_16.png,7,3,2,31.9688,2,0,0,0,0
3026,site13_17.png,1,5,2,100.0,0,0,0,0,2
3026,site13_17.png,4,2,2,100.0,2,0,0,0,0
3028,site13_24.png,2,7,2,34.875,2,0,0,0,0
3028,site13_24.png,3,6,2,11.5,2,0,0,0,0
3028,site13_24.png,6,6,2,61.6875,2,0,0,0,0
3028,site13_24.png,7,2,2,17.1875,2,0,0,0,0
3028,site13_24.png,7,7,2,87.0,2,0,0,0,0
3029,site13_25.png,2,0,2,36.8125,2,0,0,0,0
3029,site13_25.png,7,0,2,73.5,2,0,0,0,0
3030,site13_26.png,0,2,2,100.0,0,0,0,0,2
3030,site13_26.png,0,3,2,31.9688,2,0,0,0,0
3030,site13_26.png,6,4,2,100.0,0,0,0,2,0
3031,site13_27.png,6,2,2,100.0,0,0,0,2,0
3031,site13_27.png,6,5,2,100.0,0,0,0,0,2
3031,site13_27.png,7,6,2,100.0,0,0,0,0,2
3033,site13_31.png,3,7,2,100.0,0,0,0,0,2
3034,site13_32.png,2,6,2,100.0,0,0,2,0,0
3034,site13_32.png,3,0,2,100.0,0,0,0,0,2
3034,site13_32.png,5,3,2,100.0,0,0,0,0,2
3034,site13_32.png,5,7,2,100.0,0,0,0,0,2
3034,site13_32.png,7,6,2,100.0,0,0,0,0,2
3035,site13_33.png,2,0,2,100.0,0,0,2,0,0
3035,site13_33.png,5,1,2,100.0,0,0,0,0,2
3035,site13_33.png,7,0,2,100.0,0,0,0,0,2
3036,site13_34.png,0,2,2,57.1562,2,0,0,0,0
3036,site13_34.png,0,7,2,61.625,2,0,0,0,0
3037,site13_35.png,0,0,2,52.0625,2,0,0,0,0
3037,site13_35.png,6,5,2,38.25,0,2,0,0,0
3037,site13_35.png,6,6,4,69.25,0,4,0,0,0
3037,site13_35.png,7,4,2,58.3929,2,0,0,0,0
3038,site13_36.png,4,4,2,100.0,0,0,0,2,0
3039,site13_37.png,1,6,2,100.0,0,0,0,0,2
3039,site13_37.png,4,2,2,100.0,0,0,0,2,0
3042,site13_42.png,0,6,2,100.0,0,0,0,0,2
3042,site13_42.png,1,5,2,100.0,2,0,0,0,0
3042,site13_42.png,4,6,2,100.0,0,0,0,0,2
3042,site13_42.png,5,4,4,100.0,0,0,0,0,4
3042,site13_42.png,5,5,4,100.0,0,0,0,0,4
3042,site13_42.png,5,6,4,100.0,0,0,0,0,4
3043,site13_43.png,0,0,2,100.0,0,0,0,0,2
3043,site13_43.png,1,0,2,100.0,2,0,0,0,0
3043,site13_43.png,2,2,2,100.0,2,0,0,0,0
3043,site13_43.png,2,4,2,100.0,0,0,0,0,2
3043,site13_43.png,2,6,2,92.5312,0,0,2,0,0
3043,site13_43.png,4,6,6,100.0,0,0,0,0,6
3043,site13_43.png,4,7,2,100.0,0,0,0,0,2
3043,site13_43.png,5,3,2,100.0,0,0,0,0,2
3044,site13_44.png,4,0,4,100.0,0,0,0,0,4
3044,site13_44.png,4,1,4,100.0,0,0,0,0,4
3044,site13_44.png,7,1,2,100.0,0,0,0,0,2
3045,site13_45.png,0,4,2,100.0,2,0,0,0,0
3045,site13_45.png,2,4,2,100.0,0,0,0,0,2
3045,site13_45.png,2,7,2,30.9375,0,2,0,0,0
3045,site13_45.png,3,7,2,85.3125,0,0,2,0,0
3045,site13_45.png,4,4,2,100.0,0,0,0,0,2
3045,site13_45.png,6,3,4,100.0,0,0,4,0,0
3045,site13_45.png,6,4,4,100.0,0,0,2,0,2
3045,site13_45.png,6,5,6,100.0,0,0,6,0,0
3046,site13_46.png,2,0,2,7.1364,0,2,0,0,0
3046,site13_46.png,3,0,2,80.9375,0,0,2,0,0
3046,site13_46.png,4,4,2,100.0,0,0,0,2,0
3047,site13_47.png,3,2,2,100.0,0,0,0,2,0
3050,site13_52.png,1,6,2,92.5312,0,0,2,0,0
3050,site13_52.png,1,7,4,100.0,0,0,4,0,0
3050,site13_52.png,2,6,2,100.0,0,0,2,0,0
3050,site13_52.png,2,7,2,96.0,0,0,2,0,0
3050,site13_52.png,4,7,4,100.0,2,2,0,0,0
3050,site13_52.png,6,2,2,100.0,0,0,0,0,2
3050,site13_52.png,6,5,2,100.0,2,0,0,0,0
3051,site13_53.png,1,0,4,100.0,0,0,4,0,0
3051,site13_53.png,2,0,2,50.9301,0,0,2,0,0
3051,site13_53.png,2,1,2,64.8125,0,0,2,0,0
3051,site13_53.png,3,1,2,100.0,0,0,0,0,2
3051,site13_53.png,3,3,2,100.0,0,0,0,0,2
3051,site13_53.png,3,4,4,100.0,0,0,0,0,4
3051,site13_53.png,3,5,4,100.0,0,0,0,0,4
3051,site13_53.png,4,1,2,100.0,2,0,0,0,0
3051,site13_53.png,4,3,4,100.0,0,0,0,0,4
3051,site13_53.png,4,4,2,100.0,0,0,0,0,2
3051,site13_53.png,6,7,6,100.0,0,0,0,6,0
3051,site13_53.png,7,1,2,100.0,2,0,0,0,0
3051,site13_53.png,7,5,8,100.0,0,0,0,8,0
3051,site13_53.png,7,6,6,85.2188,0,0,0,6,0
3051,site13_53.png,7,7,4,59.9375,0,0,0,4,0
3052,site13_54.png,0,1,2,100.0,0,0,0,0,2
3052,site13_54.png,6,0,4,100.0,0,0,0,4,0
3052,site13_54.png,6,1,4,100.0,0,0,0,4,0
3052,site13_54.png,6,3,4,64.9688,0,0,0,4,0
3052,site13_54.png,7,0,6,36.5402,0,0,0,6,0
3052,site13_54.png,7,1,6,64.7,0,0,0,6,0
3052,site13_54.png,7,2,2,60.2188,0,0,0,2,0
3052,site13_54.png,7,3,2,18.0,0,0,0,2,0
3053,site13_55.png,0,4,2,100.0,0,0,0,0,2
3053,site13_55.png,1,5,2,100.0,2,0,0,0,0
3053,site13_55.png,2,3,2,100.0,0,0,0,0,2
3053,site13_55.png,2,4,2,100.0,0,0,0,0,2
3053,site13_55.png,3,5,4,100.0,0,0,0,0,4
3053,site13_55.png,3,6,2,100.0,0,0,0,0,2
3054,site13_56.png,0,4,2,100.0,0,0,0,2,0
3054,site13_56.png,2,3,2,100.0,0,2,0,0,0
3054,site13_56.png,2,7,2,100.0,0,2,0,0,0
3054,site13_56.png,3,0,2,100.0,0,0,0,0,2
3054,site13_56.png,7,4,2,100.0,0,0,0,0,2
3054,site13_56.png,7,5,6,100.0,0,0,0,0,6
3054,site13_56.png,7,6,2,100.0,0,0,0,0,2
3054,site13_56.png,7,7,2,100.0,2,0,0,0,0
3055,site13_57.png,0,2,2,100.0,0,0,0,2,0
3055,site13_57.png,2,0,2,100.0,0,2,0,0,0
3055,site13_57.png,2,2,2,100.0,0,2,0,0,0
3055,site13_57.png,7,0,2,100.0,2,0,0,0,0
3057,site13_61.png,6,7,2,100.0,0,0,0,0,2
3057,site13_61.png,7,3,4,100.0,0,4,0,0,0
3058,site13_62.png,0,5,2,100.0,2,0,0,0,0
3058,site13_62.png,1,2,4,52.5,0,0,0,4,0
3058,site13_62.png,1,3,2,29.0625,0,0,0,2,0
3058,site13_62.png,1,7,2,100.0,2,0,0,0,0
3058,site13_62.png,2,1,2,42.75,0,0,0,2,0
3058,site13_62.png,2,2,8,100.0,0,0,0,8,0
3058,site13_62.png,2,3,4,49.6875,0,0,0,4,0
3058,site13_62.png,3,3,2,100.0,0,0,0,0,2
3058,site13_62.png,3,4,2,100.0,0,2,0,0,0
3058,site13_62.png,4,2,2,100.0,0,0,0,0,2
3058,site13_62.png,4,3,2,100.0,0,0,0,0,2
3058,site13_62.png,4,4,2,100.0,0,0,0,0,2
3058,site13_62.png,5,6,2,100.0,0,2,0,0,0
3058,site13_62.png,6,0,2,100.0,0,0,0,0,2
3058,site13_62.png,7,6,2,100.0,0,0,2,0,0
3059,site13_63.png,0,1,2,100.0,2,0,0,0,0
3059,site13_63.png,0,5,8,100.0,0,0,0,8,0
3059,site13_63.png,0,6,8,100.0,0,0,0,8,0
3059,site13_63.png,0,7,6,62.5312,0,0,0,6,0
3059,site13_63.png,1,3,2,79.625,0,0,0,2,0
3059,site13_63.png,1,4,2,75.0,0,0,0,2,0
3059,site13_63.png,1,5,2,68.9062,0,0,0,2,0
3059,site13_63.png,1,6,2,36.0938,0,0,0,2,0
3059,site13_63.png,1,7,4,30.7009,0,0,0,4,0
3059,site13_63.png,5,0,2,100.0,0,2,0,0,0
3059,site13_63.png,6,4,2,100.0,0,0,2,0,0
3060,site13_64.png,0,0,6,52.6339,0,0,0,6,0
3060,site13_64.png,0,1,10,100.0,0,0,0,10,0
3060,site13_64.png,0,2,2,63.1562,0,0,0,2,0
3060,site13_64.png,1,0,4,48.3125,0,0,0,4,0
3060,site13_64.png,1,2,2,78.0938,0,0,0,2,0
3060,site13_64.png,5,4,2,100.0,0,0,2,0,0
3061,site13_65.png,4,7,2,100.0,0,0,0,0,2
3061,site13_65.png,6,1,2,100.0,0,0,2,0,0
3062,site13_66.png,0,4,2,100.0,0,0,0,0,2
3062,site13_66.png,0,5,6,100.0,0,0,0,0,6
3062,site13_66.png,0,6,4,100.0,0,0,0,0,4
3062,site13_66.png,0,7,2,44.4856,2,0,0,0,0
3062,site13_66.png,3,5,2,100.0,2,0,0,0,0
3062,site13_66.png,3,7,4,84.3125,4,0,0,0,0
3062,site13_66.png,4,4,4,100.0,0,0,0,0,4
3062,site13_66.png,5,7,2,100.0,0,0,2,0,0
3062,site13_66.png,6,1,2,81.2812,0,0,0,2,0
3062,site13_66.png,6,7,2,100.0,0,0,2,0,0
3062,site13_66.png,7,6,2,76.5,0,0,2,0,0
3062,site13_66.png,7,7,2,100.0,0,0,0,0,2
3063,site13_67.png,0,0,2,36.1731,2,0,0,0,0
3063,site13_67.png,3,0,2,55.8125,2,0,0,0,0
3063,site13_67.png,4,0,2,94.25,2,0,0,0,0
3063,site13_67.png,4,2,2,100.0,2,0,0,0,0
3063,site13_67.png,5,0,4,100.0,0,0,4,0,0
3063,site13_67.png,6,0,2,100.0,0,0,2,0,0
3063,site13_67.png,7,0,4,100.0,0,0,0,0,4
3063,site13_67.png,7,3,4,100.0,2,0,0,0,2
3066,site13_71.png,1,3,2,100.0,0,2,0,0,0
3066,site13_71.png,1,7,2,100.0,0,0,0,0,2
3066,site13_71.png,2,4,2,100.0,0,2,0,0,0
3066,site13_71.png,3,3,2,100.0,0,2,0,0,0
3066,site13_71.png,4,7,2,100.0,0,0,2,0,0
3066,site13_71.png,5,4,2,100.0,0,2,0,0,0
3066,site13_71.png,6,2,2,100.0,0,0,2,0,0
3066,site13_71.png,6,4,2,100.0,0,2,0,0,0
3066,site13_71.png,7,4,2,100.0,0,2,0,0,0
3067,site13_72.png,1,0,2,100.0,0,0,0,0,2
3067,site13_72.png,4,4,2,100.0,0,0,2,0,0
3068,site13_73.png,4,4,2,100.0,0,0,2,0,0
3069,site13_74.png,4,4,2,100.0,0,0,2,0,0
3070,site13_75.png,4,2,2,100.0,0,0,2,0,0
3071,site13_76.png,0,6,2,49.9189,0,0,2,0,0
3071,site13_76.png,0,7,2,100.0,0,0,0,0,2
3071,site13_76.png,2,7,2,100.0,0,0,2,0,0
3071,site13_76.png,3,4,2,100.0,0,0,0,0,2
3071,site13_76.png,6,7,4,100.0,0,0,4,0,0
3071,site13_76.png,7,7,2,100.0,0,0,2,0,0
3072,site13_77.png,0,0,2,100.0,0,0,0,0,2
3072,site13_77.png,0,3,4,100.0,2,0,0,0,2
3072,site13_77.png,2,0,2,100.0,0,0,2,0,0
3072,site13_77.png,3,1,2,100.0,0,0,0,0,2
3072,site13_77.png,5,2,2,68.5312,0,2,0,0,0
3072,site13_77.png,6,0,4,100.0,0,0,4,0,0
3072,site13_77.png,6,1,2,100.0,0,0,0,0,2
3072,site13_77.png,6,4,2,100.0,0,2,0,0,0
3072,site13_77.png,7,3,2,100.0,0,0,2,0,0
3075,site13_82.png,4,4,2,100.0,0,0,2,0,0
3076,site13_83.png,4,4,2,100.0,0,0,2,0,0
3077,site13_84.png,4,4,2,100.0,0,0,2,0,0
3078,site13_85.png,4,1,2,100.0,0,0,2,0,0
3079,site13_86.png,2,2,2,100.0,0,0,2,0,0
3079,site13_86.png,4,5,2,100.0,0,0,2,0,0
3080,site13_87.png,4,3,2,100.0,0,0,2,0,0
3083,site13_92.png,4,0,2,100.0,2,0,0,0,0
3083,site13_92.png,4,4,2,100.0,0,0,2,0,0
3084,site13_93.png,4,4,2,100.0,0,0,2,0,0
3085,site13_94.png,4,4,2,100.0,0,0,2,0,0
3086,site13_95.png,4,1,2,100.0,0,0,2,0,0
3087,site13_96.png,0,5,2,100.0,0,0,2,0,0
3088,site13_97.png,0,1,2,100.0,0,0,2,0,0
3088,site13_97.png,6,7,2,100.0,0,0,0,0,2
3089,site13_98.png,6,0,2,100.0,0,0,0,0,2
3091,site13_102.png,4,4,2,100.0,0,0,2,0,0
3092,site13_103.png,4,4,2,100.0,0,0,2,0,0
3093,site13_104.png,4,4,2,100.0,0,0,2,0,0
3094,site13_105.png,4,1,2,100.0,0,0,2,0,0
3095,site13_106.png,5,6,2,100.0,0,0,2,0,0
3096,site13_107.png,3,7,4,100.0,0,0,0,0,4
3096,site13_107.png,4,6,2,100.0,0,0,0,0,2
3096,site13_107.png,4,7,4,100.0,0,0,0,0,4
3096,site13_107.png,5,2,2,100.0,0,0,2,0,0
3096,site13_107.png,5,6,2,100.0,0,0,0,0,2
3096,site13_107.png,5,7,2,31.101,0,0,0,0,2
3096,site13_107.png,6,6,2,100.0,0,0,2,0,0
3097,site13_108.png,0,0,2,100.0,0,0,0,0,2
3097,site13_108.png,2,1,2,100.0,0,0,0,0,2
3097,site13_108.png,3,0,4,100.0,0,0,0,0,4
3097,site13_108.png,4,0,4,100.0,0,0,0,0,4
3097,site13_108.png,5,0,2,99.1074,0,0,0,0,2
3097,site13_108.png,5,1,2,100.0,0,0,0,0,2
3097,site13_108.png,6,0,2,100.0,0,0,2,0,0
3099,site13_112.png,4,4,2,100.0,0,0,2,0,0
3100,site13_113.png,4,4,2,100.0,0,0,2,0,0
3101,site13_114.png,4,4,2,100.0,0,0,2,0,0
3102,site13_115.png,3,1,2,100.0,0,0,2,0,0
3103,site13_116.png,1,6,2,100.0,0,0,2,0,0
3103,site13_116.png,2,6,2,100.0,0,0,2,0,0
3104,site13_117.png,2,2,2,100.0,0,0,2,0,0
3104,site13_117.png,2,6,2,100.0,0,0,2,0,0
3104,site13_117.png,3,0,2,100.0,0,0,2,0,0
3104,site13_117.png,3,2,2,100.0,0,0,0,0,2
3104,site13_117.png,5,4,2,100.0,0,0,2,0,0
3105,site13_118.png,2,0,2,100.0,0,0,2,0,0
3105,site13_118.png,5,3,2,100.0,0,0,2,0,0
3105,site13_118.png,5,4,2,100.0,0,0,2,0,0
3106,site13_119.png,5,0,2,100.0,0,0,2,0,0
3107,site13_122.png,2,4,2,100.0,0,0,2,0,0
3108,site13_123.png,2,4,2,100.0,0,0,2,0,0
3108,site13_123.png,7,4,2,100.0,0,0,2,0,0
3109,site13_124.png,1,4,2,100.0,0,0,2,0,0
3109,site13_124.png,6,2,2,100.0,0,0,2,0,0
3111,site13_126.png,1,4,2,100.0,0,0,2,0,0
3111,site13_126.png,2,4,2,56.375,0,0,2,0,0
3111,site13_126.png,4,5,2,100.0,0,0,2,0,0
3112,site13_127.png,0,4,2,100.0,0,0,2,0,0
3112,site13_127.png,1,2,2,97.75,0,0,2,0,0
3112,site13_127.png,2,1,2,59.5,0,0,2,0,0
3112,site13_127.png,2,7,2,100.0,0,0,2,0,0
3112,site13_127.png,4,4,2,100.0,0,0,2,0,0
3112,site13_127.png,4,7,2,57.375,0,0,2,0,0
3113,site13_128.png,2,4,2,100.0,0,0,2,0,0
3113,site13_128.png,4,0,2,68.0,0,0,2,0,0
3113,site13_128.png,4,1,2,100.0,0,0,2,0,0
3113,site13_128.png,5,3,2,100.0,0,0,2,0,0
3113,site13_128.png,5,6,2,100.0,0,0,2,0,0
3113,site13_128.png,7,2,2,52.3125,0,0,2,0,0
3114,site13_129.png,1,0,2,100.0,0,0,2,0,0
3115,site13_131.png,3,6,2,100.0,0,0,0,0,2
3115,site13_131.png,3,7,2,100.0,0,0,0,0,2
3115,site13_131.png,4,7,4,100.0,0,0,0,0,4
3115,site13_131.png,5,2,2,100.0,0,0,0,2,0
3115,site13_131.png,5,7,6,100.0,0,0,0,0,6
3115,site13_131.png,6,7,4,100.0,0,0,0,0,4
3115,site13_131.png,7,7,4,100.0,0,0,0,0,4
3116,site13_132.png,1,1,2,24.5,0,0,0,2,0
3116,site13_132.png,3,0,2,100.0,0,0,0,0,2
3116,site13_132.png,3,1,2,100.0,0,0,0,0,2
3116,site13_132.png,4,0,4,100.0,0,0,0,0,4
3116,site13_132.png,4,1,2,100.0,0,0,0,0,2
3116,site13_132.png,4,5,2,100.0,0,0,2,0,0
3116,site13_132.png,5,0,4,100.0,0,0,0,0,4
3116,site13_132.png,5,1,4,100.0,0,0,0,0,4
3116,site13_132.png,6,0,4,100.0,0,0,0,0,4
3116,site13_132.png,6,1,2,100.0,0,0,0,0,2
3116,site13_132.png,6,2,6,100.0,0,4,0,0,2
3116,site13_132.png,6,3,4,17.4375,0,4,0,0,0
3116,site13_132.png,7,0,4,100.0,0,0,0,0,4
3116,site13_132.png,7,1,4,100.0,0,0,0,0,4
3116,site13_132.png,7,2,6,100.0,0,2,0,0,4
3116,site13_132.png,7,3,2,9.0312,0,2,0,0,0
3117,site13_133.png,4,4,2,100.0,0,0,2,0,0
3118,site13_134.png,4,4,2,100.0,0,0,2,0,0
3119,site13_135.png,3,1,2,100.0,0,0,2,0,0
3120,site13_136.png,1,2,2,73.3125,0,0,2,0,0
3120,site13_136.png,1,4,2,100.0,0,0,2,0,0
3120,site13_136.png,3,1,2,100.0,2,0,0,0,0
3120,site13_136.png,3,5,2,100.0,0,0,2,0,0
3120,site13_136.png,4,1,2,100.0,0,0,2,0,0
3120,site13_136.png,4,4,2,100.0,0,0,2,0,0
3120,site13_136.png,5,1,2,73.625,0,0,2,0,0
3120,site13_136.png,7,2,2,100.0,0,0,2,0,0
3120,site13_136.png,7,3,2,100.0,0,0,2,0,0
3121,site13_137.png,4,4,2,100.0,0,0,2,0,0
3121,site13_137.png,6,1,2,100.0,0,0,2,0,0
3122,site13_138.png,0,2,2,72.0,0,0,2,0,0
3122,site13_138.png,1,1,2,100.0,0,0,2,0,0
3122,site13_138.png,3,1,2,92.7188,0,0,2,0,0
3122,site13_138.png,4,4,2,100.0,0,0,2,0,0
3123,site13_139.png,4,0,2,100.0,0,0,2,0,0
3124,site13_141.png,0,7,4,100.0,0,0,0,0,4
3124,site13_141.png,1,6,4,100.0,0,0,0,0,4
3124,site13_141.png,2,6,2,100.0,0,0,0,0,2
3124,site13_141.png,4,3,2,100.0,0,0,0,2,0
3124,site13_141.png,7,6,2,100.0,0,0,0,0,2
3125,site13_142.png,0,0,4,100.0,0,0,0,0,4
3125,site13_142.png,0,1,4,100.0,0,0,0,0,4
3125,site13_142.png,0,2,4,100.0,0,0,0,0,4
3125,site13_142.png,1,1,6,100.0,0,0,0,0,6
3125,site13_142.png,1,6,2,100.0,0,0,2,0,0
3125,site13_142.png,7,0,2,100.0,0,0,0,0,2
3126,site13_143.png,1,3,2,100.0,0,0,2,0,0
3127,site13_144.png,6,5,2,100.0,0,0,2,0,0
3128,site13_145.png,4,3,2,100.0,0,0,2,0,0
3128,site13_145.png,6,3,2,100.0,0,0,2,0,0
3128,site13_145.png,7,5,2,19.9375,0,2,0,0,0
3128,site13_145.png,7,6,6,48.0911,0,6,0,0,0
3129,site13_146.png,0,2,2,100.0,0,0,2,0,0
3129,site13_146.png,0,3,2,85.6406,0,0,2,0,0
3129,site13_146.png,1,3,2,76.5625,0,0,2,0,0
3129,site13_146.png,1,4,2,100.0,0,0,2,0,0
3129,site13_146.png,3,5,2,100.0,0,0,2,0,0
3129,site13_146.png,4,1,2,100.0,2,0,0,0,0
3129,site13_146.png,5,4,2,100.0,0,0,0,0,2
3129,site13_146.png,5,5,2,100.0,2,0,0,0,0
3129,site13_146.png,6,4,2,100.0,2,0,0,0,0
3129,site13_146.png,7,6,2,100.0,2,0,0,0,0
3129,site13_146.png,7,7,2,35.0972,2,0,0,0,0
3130,site13_147.png,2,4,2,100.0,0,0,2,0,0
3130,site13_147.png,2,7,2,71.875,0,0,2,0,0
3130,site13_147.png,5,4,2,100.0,0,0,0,0,2
3130,site13_147.png,7,1,2,100.0,2,0,0,0,0
3130,site13_147.png,7,4,4,100.0,4,0,0,0,0
3131,site13_148.png,2,0,2,40.9934,0,0,2,0,0
3131,site13_148.png,2,4,2,100.0,0,0,2,0,0
3131,site13_148.png,4,6,2,100.0,0,0,0,0,2
3131,site13_148.png,6,2,2,100.0,0,0,0,0,2
3131,site13_148.png,6,4,4,100.0,0,0,0,0,4
3131,site13_148.png,6,5,2,100.0,2,0,0,0,0
3131,site13_148.png,7,5,2,24.2188,0,0,0,2,0
3131,site13_148.png,7,6,4,100.0,0,0,0,4,0
3131,site13_148.png,7,7,6,65.2812,0,0,0,6,0
3132,site13_149.png,1,6,2,50.625,0,0,2,0,0
3132,site13_149.png,4,0,2,100.0,0,0,0,0,2
3132,site13_149.png,7,0,8,100.0,0,0,0,8,0
3133,site13_151.png,2,6,2,100.0,0,0,0,0,2
3133,site13_151.png,4,3,2,100.0,0,0,0,2,0
3133,site13_151.png,5,6,2,100.0,2,0,0,0,0
3133,site13_151.png,6,6,2,100.0,0,0,0,0,2
3133,site13_151.png,6,7,6,100.0,0,0,0,0,6
3133,site13_151.png,7,6,2,100.0,0,0,0,0,2
3134,site13_152.png,2,1,2,100.0,0,0,0,0,2
3134,site13_152.png,4,1,2,100.0,2,0,0,0,0
3134,site13_152.png,4,2,2,100.0,0,0,0,0,2
3134,site13_152.png,5,6,2,100.0,0,0,2,0,0
3134,site13_152.png,6,0,4,100.0,0,0,0,0,4
3134,site13_152.png,6,1,2,100.0,0,0,0,0,2
3135,site13_153.png,5,1,2,100.0,0,0,2,0,0
3136,site13_154.png,2,5,2,100.0,0,0,2,0,0
3137,site13_155.png,0,6,6,62.7188,0,6,0,0,0
3137,site13_155.png,1,6,8,100.0,0,8,0,0,0
3137,site13_155.png,2,3,2,100.0,0,0,2,0,0
3137,site13_155.png,2,6,6,75.0625,0,6,0,0,0
3138,site13_156.png,0,6,2,100.0,2,0,0,0,0
3138,site13_156.png,0,7,2,32.1285,2,0,0,0,0
3138,site13_156.png,3,2,2,100.0,0,0,0,0,2
3138,site13_156.png,4,2,4,100.0,0,0,0,4,0
3138,site13_156.png,4,3,2,26.0,0,0,0,2,0
3138,site13_156.png,4,4,2,100.0,0,0,0,0,2
3138,site13_156.png,5,2,2,24.4688,0,0,0,2,0
3138,site13_156.png,5,3,2,30.0,0,0,0,2,0
3139,site13_157.png,0,1,2,100.0,2,0,0,0,0
3139,site13_157.png,0,4,4,62.0377,4,0,0,0,0
3139,site13_157.png,4,4,2,100.0,0,0,0,0,2
3139,site13_157.png,7,5,2,100.0,0,0,0,2,0
3140,site13_158.png,0,4,2,100.0,2,0,0,0,0
3140,site13_158.png,0,5,2,31.9688,0,0,0,2,0
3140,site13_158.png,0,6,4,100.0,0,0,0,4,0
3140,site13_158.png,0,7,6,77.9375,0,0,0,6,0
3140,site13_158.png,2,5,2,73.75,0,0,2,0,0
3140,site13_158.png,4,4,2,100.0,0,0,0,0,2
3140,site13_158.png,6,2,2,100.0,0,0,0,2,0
3141,site13_159.png,0,0,8,100.0,0,0,0,8,0
3141,site13_159.png,5,1,2,100.0,0,0,0,0,2
3142,site13_162.png,0,0,2,100.0,0,0,0,0,2
3142,site13_162.png,0,5,2,100.0,0,0,0,0,2
3142,site13_162.png,1,1,2,100.0,0,0,0,0,2
3142,site13_162.png,6,1,2,100.0,0,0,0,2,0
3143,site13_163.png,3,4,2,100.0,0,2,0,0,0
3143,site13_163.png,4,1,2,100.0,0,2,0,0,0
3143,site13_163.png,6,1,2,100.0,0,2,0,0,0
3145,site13_165.png,4,4,2,100.0,0,0,0,0,2
3145,site13_165.png,5,2,4,100.0,0,0,0,0,4
3145,site13_165.png,7,2,2,37.125,0,2,0,0,0
3145,site13_165.png,7,3,4,100.0,0,0,0,0,4
3146,site13_166.png,1,6,2,100.0,0,0,0,0,2
3146,site13_166.png,2,5,2,100.0,0,0,0,0,2
3146,site13_166.png,3,5,2,100.0,2,0,0,0,0
3146,site13_166.png,5,0,2,100.0,0,0,0,0,2
3146,site13_166.png,6,7,2,100.0,0,0,0,0,2
3147,site13_167.png,2,1,2,100.0,0,0,0,0,2
3147,site13_167.png,4,1,2,100.0,2,0,0,0,0
3147,site13_167.png,4,5,2,100.0,0,0,0,2,0
3147,site13_167.png,6,1,2,100.0,0,0,0,0,2
3148,site13_168.png,3,6,2,100.0,0,0,0,0,2
3148,site13_168.png,4,2,2,100.0,0,0,0,2,0
3148,site13_168.png,7,6,2,100.0,0,0,0,0,2
3148,site13_168.png,7,7,4,100.0,2,0,0,0,2
3149,site13_169.png,3,1,2,100.0,0,0,0,0,2
3149,site13_169.png,5,1,2,100.0,0,0,0,0,2
3149,site13_169.png,6,1,2,100.0,0,0,0,0,2
3149,site13_169.png,7,0,2,100.0,2,0,0,0,0
3149,site13_169.png,7,1,4,100.0,2,0,0,0,2
3150,site13_172.png,1,3,2,100.0,0,0,2,0,0
3150,site13_172.png,4,1,2,100.0,0,0,0,2,0
3151,site13_173.png,1,5,2,22.0,0,2,0,0,0
3151,site13_173.png,2,5,4,35.4688,0,4,0,0,0
3153,site13_175.png,0,2,2,37.125,0,2,0,0,0
3153,site13_175.png,0,3,4,100.0,0,0,0,0,4
3153,site13_175.png,0,4,2,100.0,0,0,0,0,2
3153,site13_175.png,0,5,2,100.0,0,0,0,0,2
3153,site13_175.png,1,5,2,100.0,2,0,0,0,0
3153,site13_175.png,4,5,2,100.0,0,0,0,0,2
3153,site13_175.png,5,5,2,100.0,0,0,0,0,2
3153,site13_175.png,7,6,2,100.0,2,0,0,0,0
3154,site13_176.png,2,7,2,100.0,0,0,0,0,2
3154,site13_176.png,5,0,2,100.0,0,0,0,0,2
3154,site13_176.png,7,0,2,100.0,2,0,0,0,0
3155,site13_177.png,2,2,2,100.0,0,0,0,0,2
3155,site13_177.png,2,5,2,100.0,0,0,0,2,0
3155,site13_177.png,4,0,2,35.0,2,0,0,0,0
3156,site13_178.png,0,6,2,63.4375,0,0,0,0,2
3156,site13_178.png,0,7,2,100.0,2,0,0,0,0
3156,site13_178.png,2,3,2,100.0,0,0,0,2,0
3156,site13_178.png,2,7,2,100.0,0,0,0,0,2
3156,site13_178.png,4,4,2,100.0,0,0,0,0,2
3156,site13_178.png,6,7,2,100.0,2,0,0,0,0
3156,site13_178.png,7,2,2,39.7031,2,0,0,0,0
3156,site13_178.png,7,3,4,100.0,4,0,0,0,0
3156,site13_178.png,7,4,2,100.0,2,0,0,0,0
3156,site13_178.png,7,7,2,74.2749,2,0,0,0,0
3157,site13_179.png,0,0,2,100.0,2,0,0,0,0
3157,site13_179.png,0,1,4,100.0,2,0,0,0,2
3157,site13_179.png,1,1,4,100.0,0,0,0,0,4
3157,site13_179.png,2,1,2,100.0,2,0,0,0,0
3157,site13_179.png,6,1,4,100.0,4,0,0,0,0
3157,site13_179.png,7,0,2,35.788,2,0,0,0,0
3158,site13_182.png,4,1,2,100.0,0,0,0,2,0
3158,site13_182.png,7,4,2,100.0,2,0,0,0,0
3161,site13_185.png,1,6,2,100.0,2,0,0,0,0
3162,site13_186.png,1,0,2,100.0,2,0,0,0,0
3163,site13_187.png,1,7,2,100.0,0,0,0,0,2
3163,site13_187.png,2,5,2,100.0,0,0,0,0,2
3163,site13_187.png,4,4,2,27.3438,2,0,0,0,0
3164,site13_188.png,0,2,2,92.8125,2,0,0,0,0
3164,site13_188.png,0,3,2,100.0,2,0,0,0,0
3164,site13_188.png,0,7,2,100.0,2,0,0,0,0
3164,site13_188.png,1,0,2,100.0,0,0,0,0,2
3164,site13_188.png,1,3,2,100.0,2,0,0,0,0
3164,site13_188.png,2,1,4,100.0,2,0,0,0,2
3164,site13_188.png,2,3,2,45.5312,0,0,2,0,0
3165,site13_189.png,0,0,2,86.25,2,0,0,0,0
3165,site13_189.png,1,3,2,100.0,0,0,2,0,0
3165,site13_189.png,3,6,6,100.0,0,6,0,0,0
3165,site13_189.png,4,6,6,100.0,0,4,2,0,0
3165,site13_189.png,4,7,2,100.0,0,2,0,0,0
3165,site13_189.png,6,7,2,100.0,0,2,0,0,0
3165,site13_189.png,7,7,2,100.0,2,0,0,0,0
3166,site13_192.png,2,4,2,100.0,2,0,0,0,0
3166,site13_192.png,4,1,2,100.0,0,0,0,2,0
3169,site13_195.png,5,5,2,23.5625,0,0,0,2,0
3173,site13_199.png,1,7,2,100.0,2,0,0,0,0
3173,site13_199.png,4,7,2,100.0,0,0,0,0,2
3173,site13_199.png,5,7,2,70.125,2,0,0,0,0
3173,site13_199.png,6,7,2,100.0,0,2,0,0,0
3174,site13_202.png,0,1,2,100.0,0,0,0,2,0
3181,site13_209.png,0,7,2,100.0,0,2,0,0,0
3181,site13_209.png,3,7,2,100.0,0,2,0,0,0
3181,site13_209.png,5,7,2,100.0,0,2,0,0,0
3182,site13_210.png,0,1,2,100.0,0,2,0,0,0
3182,site13_210.png,0,3,2,100.0,0,2,0,0,0
3182,site13_210.png,3,0,2,100.0,0,2,0,0,0
3182,site13_210.png,4,1,2,100.0,0,2,0,0,0
3182,site13_210.png,5,1,2,100.0,0,2,0,0,0
3182,site13_210.png,5,4,2,100.0,0,2,0,0,0
3190,site13_219.png,1,7,2,100.0,0,2,0,0,0
3208,site2_36.png,2,2,2,100.0,0,0,0,2,0
3208,site2_36.png,4,6,2,56.25,2,0,0,0,0
3208,site2_36.png,5,5,2,27.0,2,0,0,0,0
3208,site2_36.png,6,7,2,100.0,2,0,0,0,0
3209,site2_37.png,5,2,2,100.0,0,0,2,0,0
3209,site2_37.png,5,3,2,100.0,0,0,2,0,0
3209,site2_37.png,6,0,2,100.0,2,0,0,0,0
3209,site2_37.png,6,4,2,100.0,2,0,0,0,0
3217,site2_49.png,2,7,2,100.0,0,0,0,0,2
3217,site2_49.png,7,4,2,100.0,0,2,0,0,0
3217,site2_49.png,7,7,2,34.5125,0,0,2,0,0
3218,site2_50.png,0,7,2,59.5341,2,0,0,0,0
3218,site2_50.png,1,0,2,100.0,0,0,0,0,2
3218,site2_50.png,1,7,2,43.0,2,0,0,0,0
3218,site2_50.png,2,0,2,100.0,0,0,0,0,2
3218,site2_50.png,2,2,2,100.0,0,0,2,0,0
3218,site2_50.png,2,7,2,100.0,2,0,0,0,0
3218,site2_50.png,5,1,2,31.9688,0,2,0,0,0
3218,site2_50.png,5,7,2,100.0,0,0,2,0,0
3218,site2_50.png,6,1,2,80.1562,0,0,0,2,0
3218,site2_50.png,7,0,2,34.375,0,0,2,0,0
3219,site2_51.png,0,0,2,29.0625,2,0,0,0,0
3219,site2_51.png,1,0,2,43.0,2,0,0,0,0
3219,site2_51.png,1,1,2,92.1875,0,0,2,0,0
3219,site2_51.png,2,0,2,100.0,2,0,0,0,0
3219,site2_51.png,2,3,2,100.0,0,0,0,0,2
3219,site2_51.png,5,2,2,100.0,0,0,2,0,0
3228,site2_63.png,0,4,2,100.0,0,2,0,0,0
3228,site2_63.png,0,7,2,100.0,0,0,2,0,0
3228,site2_63.png,1,6,2,100.0,0,0,0,0,2
3228,site2_63.png,1,7,4,92.0625,2,0,0,0,2
3228,site2_63.png,2,4,2,100.0,0,0,2,0,0
3228,site2_63.png,2,7,4,84.8438,0,0,2,0,2
3228,site2_63.png,3,5,2,100.0,2,0,0,0,0
3228,site2_63.png,4,3,2,85.9375,0,0,2,0,0
3228,site2_63.png,4,5,2,100.0,2,0,0,0,0
3228,site2_63.png,5,3,2,70.3125,2,0,0,0,0
3228,site2_63.png,5,4,2,100.0,0,0,0,0,2
3228,site2_63.png,6,3,2,100.0,2,0,0,0,0
3229,site2_64.png,0,0,2,100.0,0,0,2,0,0
3229,site2_64.png,1,0,4,68.7443,2,0,0,0,2
3229,site2_64.png,2,0,4,100.0,0,0,2,0,2
3229,site2_64.png,4,5,2,100.0,0,0,2,0,0
3230,site2_65.png,4,0,2,100.0,0,0,2,0,0
3231,site2_66.png,1,0,2,100.0,2,0,0,0,0
3240,site2_77.png,0,3,2,100.0,2,0,0,0,0
3240,site2_77.png,1,3,2,100.0,2,0,0,0,0
3240,site2_77.png,3,2,2,30.0,0,0,0,2,0
3241,site2_78.png,1,5,2,100.0,0,0,2,0,0
3242,site2_79.png,3,1,2,100.0,0,0,2,0,0
3242,site2_79.png,4,2,2,100.0,0,0,2,0,0
3249,site2_88.png,5,6,2,31.25,2,0,0,0,0
3251,site2_90.png,4,7,4,100.0,4,0,0,0,0
3251,site2_90.png,7,7,2,100.0,2,0,0,0,0
3252,site2_91.png,4,0,4,100.0,4,0,0,0,0
3252,site2_91.png,7,0,2,100.0,2,0,0,0,0
3252,site2_91.png,7,1,2,14.4375,2,0,0,0,0
3254,site2_93.png,7,7,2,100.0,0,0,2,0,0
3255,site2_94.png,3,2,2,100.0,0,0,2,0,0
3255,site2_94.png,6,1,2,100.0,0,0,2,0,0
3262,site2_103.png,5,2,2,100.0,2,0,0,0,0
3262,site2_103.png,7,3,2,100.0,2,0,0,0,0
3263,site2_104.png,0,7,2,100.0,2,0,0,0,0
3264,site2_105.png,0,0,2,100.0,2,0,0,0,0
3264,site2_105.png,0,1,4,24.9375,4,0,0,0,0
3266,site2_107.png,0,7,2,100.0,0,0,2,0,0
3267,site2_108.png,0,1,2,100.0,0,0,2,0,0
3267,site2_108.png,5,5,2,100.0,0,0,2,0,0
3274,site2_116.png,2,7,2,100.0,0,2,0,0,0
3274,site2_116.png,7,5,2,77.5,0,0,2,0,0
3275,site2_117.png,0,3,2,100.0,2,0,0,0,0
3275,site2_117.png,1,4,2,45.375,0,0,2,0,0
3275,site2_117.png,1,5,2,12.4688,0,0,2,0,0
3275,site2_117.png,2,0,2,100.0,0,2,0,0,0
3275,site2_117.png,2,3,2,100.0,2,0,0,0,0
3275,site2_117.png,2,4,2,100.0,0,0,2,0,0
3275,site2_117.png,2,6,2,100.0,0,0,2,0,0
3275,site2_117.png,3,3,2,100.0,0,0,2,0,0
3275,site2_117.png,3,5,2,100.0,0,0,2,0,0
3275,site2_117.png,4,3,2,57.7812,0,0,0,2,0
3275,site2_117.png,4,6,2,92.8125,0,0,2,0,0
3275,site2_117.png,6,4,2,100.0,0,0,2,0,0
3276,site2_118.png,2,2,2,100.0,0,0,0,0,2
3276,site2_118.png,3,1,2,30.9375,0,0,2,0,0
3286,site2_130.png,1,6,2,100.0,0,0,2,0,0
3286,site2_130.png,2,4,2,100.0,2,0,0,0,0
3287,site2_131.png,0,4,2,100.0,0,0,2,0,0
3288,site2_132.png,2,5,2,100.0,0,0,2,0,0
3288,site2_132.png,3,7,2,100.0,0,0,2,0,0
3288,site2_132.png,5,1,2,100.0,2,0,0,0,0
3288,site2_132.png,5,6,2,100.0,0,0,2,0,0
3289,site2_133.png,3,0,2,100.0,0,0,2,0,0
3314,site2_165.png,3,4,2,100.0,0,0,2,0,0
3590,site11_323.png,5,6,2,100.0,0,0,0,0,2
3590,site11_323.png,6,7,2,100.0,0,0,0,2,0
3590,site11_323.png,7,6,2,22.3125,0,0,0,2,0
3591,site11_324.png,4,3,2,100.0,0,0,0,0,2
3591,site11_324.png,6,3,2,100.0,0,0,0,2,0
3592,site11_325.png,7,4,2,100.0,0,0,0,0,2
3623,site11_357.png,0,6,4,100.0,0,0,0,2,2
3623,site11_357.png,0,7,2,100.0,0,0,0,2,0
3623,site11_357.png,1,6,4,100.0,0,0,0,4,0
3623,site11_357.png,1,7,4,39.875,0,0,0,4,0
3623,site11_357.png,4,6,2,19.4062,0,0,0,2,0
3623,site11_357.png,5,6,4,100.0,0,0,0,2,2
3623,site11_357.png,6,7,2,100.0,0,0,0,2,0
3623,site11_357.png,7,6,2,100.0,0,2,0,0,0
3624,site11_358.png,1,0,4,33.5,0,0,0,4,0
3624,site11_358.png,1,3,2,100.0,0,0,0,2,0
3624,site11_358.png,5,3,2,100.0,0,0,0,0,2
3624,site11_358.png,6,0,2,100.0,0,0,0,2,0
3624,site11_358.png,6,7,2,48.75,0,2,0,0,0
3624,site11_358.png,7,2,2,52.0773,0,2,0,0,0
3625,site11_359.png,1,3,2,100.0,0,0,0,0,2
3625,site11_359.png,2,7,2,100.0,0,0,0,0,2
3625,site11_359.png,3,3,2,100.0,0,0,0,0,2
3625,site11_359.png,4,6,2,100.0,0,0,0,0,2
3625,site11_359.png,5,3,4,100.0,0,0,0,0,4
3625,site11_359.png,5,4,2,100.0,0,0,0,0,2
3625,site11_359.png,5,6,2,68.0,0,0,0,0,2
3625,site11_359.png,6,0,2,48.75,0,2,0,0,0
3625,site11_359.png,7,4,2,100.0,0,0,0,2,0
3625,site11_359.png,7,5,2,100.0,0,0,0,2,0
3625,site11_359.png,7,7,2,100.0,0,0,0,2,0
3626,site11_360.png,2,1,2,100.0,0,0,0,0,2
3626,site11_360.png,7,0,2,100.0,0,0,0,2,0
3627,site11_361.png,6,6,2,100.0,0,0,0,2,0
3628,site11_362.png,6,1,2,100.0,0,0,0,2,0
3655,site11_390.png,5,3,2,100.0,0,0,0,0,2
3655,site11_390.png,7,2,2,100.0,0,0,0,0,2
3656,site11_391.png,0,6,2,100.0,0,2,0,0,0
3656,site11_391.png,0,7,4,100.0,0,0,0,2,2
3657,site11_392.png,0,0,2,100.0,0,0,0,2,0
3657,site11_392.png,0,2,2,100.0,0,2,0,0,0
3657,site11_392.png,0,3,2,100.0,0,0,0,0,2
3657,site11_392.png,0,4,2,100.0,0,2,0,0,0
3657,site11_392.png,1,1,4,100.0,0,0,0,4,0
3657,site11_392.png,1,2,4,96.3125,0,0,0,4,0
3657,site11_392.png,5,5,2,100.0,0,0,0,0,2
3657,site11_392.png,6,7,2,100.0,0,0,0,0,2
3658,site11_393.png,0,7,2,100.0,0,0,0,2,0
3658,site11_393.png,1,4,2,100.0,0,0,0,2,0
3658,site11_393.png,1,5,2,100.0,0,0,0,2,0
3658,site11_393.png,2,6,2,100.0,0,0,0,2,0
3658,site11_393.png,6,1,2,100.0,0,0,0,0,2
3658,site11_393.png,6,4,2,100.0,0,0,0,2,0
3658,site11_393.png,7,7,2,100.0,0,0,0,0,2
3659,site11_394.png,0,0,2,100.0,0,0,0,2,0
3659,site11_394.png,2,0,2,100.0,0,0,0,2,0
3659,site11_394.png,7,1,2,100.0,0,0,0,0,2
3660,site11_395.png,4,4,2,100.0,0,0,0,2,0
3661,site11_396.png,3,1,2,100.0,0,0,0,2,0
3685,site11_421.png,4,6,2,100.0,0,0,0,0,2
3686,site11_422.png,4,2,2,100.0,0,0,0,2,0
3686,site11_422.png,4,6,2,100.0,0,0,0,0,2
3686,site11_422.png,5,3,2,100.0,0,0,0,0,2
3686,site11_422.png,5,4,2,100.0,0,0,0,0,2
3686,site11_422.png,5,5,4,100.0,0,0,0,0,4
3686,site11_422.png,6,7,2,78.0625,0,0,0,0,2
3687,site11_423.png,6,0,2,100.0,0,0,0,0,2
3687,site11_423.png,6,1,2,100.0,0,0,0,2,0
3687,site11_423.png,6,4,2,100.0,0,0,0,0,2
3688,site11_424.png,0,2,2,100.0,0,0,0,0,2
3688,site11_424.png,0,3,2,100.0,0,0,0,0,2
3688,site11_424.png,6,1,2,100.0,0,0,0,0,2
3690,site11_426.png,0,7,2,100.0,0,0,0,0,2
3690,site11_426.png,2,7,2,100.0,0,0,0,0,2
3690,site11_426.png,5,6,2,100.0,0,0,2,0,0
3691,site11_427.png,0,1,2,100.0,0,0,0,0,2
3691,site11_427.png,2,0,2,100.0,0,0,0,0,2
3691,site11_427.png,2,5,2,100.0,0,0,0,0,2
3691,site11_427.png,6,0,2,100.0,0,0,2,0,0
3691,site11_427.png,6,3,2,100.0,0,0,2,0,0
3692,site11_428.png,4,3,2,100.0,0,0,0,0,2
3693,site11_429.png,1,4,2,100.0,0,0,0,2,0
3693,site11_429.png,4,1,2,100.0,0,0,0,0,2
3693,site11_429.png,4,2,2,100.0,0,0,0,0,2
3693,site11_429.png,5,3,2,83.3125,0,0,2,0,0
3693,site11_429.png,6,3,2,100.0,0,0,2,0,0
3718,site11_455.png,3,5,2,100.0,0,0,0,0,2
3719,site11_456.png,5,2,2,100.0,0,0,0,0,2
3719,site11_456.png,6,1,4,100.0,0,0,0,0,4
3719,site11_456.png,6,2,4,100.0,0,0,0,0,4
3719,site11_456.png,7,2,2,29.6314,0,0,0,0,2
3719,site11_456.png,7,3,2,100.0,0,0,0,0,2
3720,site11_457.png,0,1,2,91.7188,0,0,0,2,0
3720,site11_457.png,0,3,2,100.0,0,0,0,0,2
3720,site11_457.png,4,4,2,100.0,0,0,0,2,0
3720,site11_457.png,5,2,2,100.0,0,0,0,0,2
3720,site11_457.png,6,2,2,100.0,0,0,0,0,2
3720,site11_457.png,6,6,2,100.0,0,0,2,0,0
3720,site11_457.png,7,4,2,100.0,0,0,0,0,2
3720,site11_457.png,7,5,2,25.0115,0,0,0,0,2
3721,site11_458.png,0,1,2,100.0,0,0,0,0,2
3721,site11_458.png,7,0,2,100.0,0,0,2,0,0
3721,site11_458.png,7,1,2,100.0,0,0,0,0,2
3722,site11_459.png,4,1,2,100.0,0,0,0,2,0
3722,site11_459.png,7,2,2,100.0,0,0,0,2,0
3723,site11_460.png,1,6,2,100.0,0,0,2,0,0
3723,site11_460.png,7,2,2,100.0,0,0,0,2,0
3724,site11_461.png,1,3,2,100.0,0,0,2,0,0
3724,site11_461.png,2,1,2,100.0,0,0,2,0,0
3724,site11_461.png,5,4,2,100.0,0,0,0,0,2
3725,site11_462.png,0,3,2,100.0,0,0,0,0,2
3725,site11_462.png,3,4,2,100.0,0,0,0,0,2
3725,site11_462.png,6,1,2,100.0,0,0,0,0,2
3726,site11_463.png,4,1,2,100.0,0,0,0,0,2
3752,site11_490.png,0,2,2,100.0,0,0,0,0,2
3752,site11_490.png,0,3,2,100.0,0,0,0,0,2
3752,site11_490.png,0,4,2,100.0,0,0,0,0,2
3753,site11_491.png,0,2,2,100.0,0,0,0,0,2
3753,site11_491.png,0,4,2,100.0,0,0,0,0,2
3753,site11_491.png,0,6,2,100.0,0,0,2,0,0
3753,site11_491.png,1,5,4,100.0,0,0,0,0,4
3753,site11_491.png,1,7,2,100.0,0,0,0,0,2
3754,site11_492.png,1,1,2,100.0,0,0,0,0,2
3755,site11_493.png,0,2,2,100.0,0,0,0,2,0
3755,site11_493.png,4,5,2,100.0,0,0,0,2,0
3756,site11_494.png,1,2,2,100.0,0,0,0,2,0
3756,site11_494.png,1,7,2,100.0,0,0,0,0,2
3756,site11_494.png,4,4,2,100.0,0,0,0,2,0
3756,site11_494.png,4,7,2,100.0,2,0,0,0,0
3756,site11_494.png,7,5,2,58.125,0,0,0,0,2
3756,site11_494.png,7,7,2,100.0,0,0,2,0,0
3757,site11_495.png,1,1,2,100.0,0,0,0,0,2
3757,site11_495.png,5,1,2,100.0,0,0,2,0,0
3757,site11_495.png,7,0,2,100.0,0,0,2,0,0
3758,site11_496.png,3,5,2,100.0,0,0,0,2,0
3787,site11_526.png,7,4,2,100.0,0,0,0,0,2
3787,site11_526.png,7,6,2,100.0,0,0,0,0,2
3788,site11_527.png,1,3,2,100.0,0,0,0,0,2
3788,site11_527.png,3,6,2,100.0,0,0,2,0,0
3788,site11_527.png,5,5,2,100.0,0,0,0,2,0
3788,site11_527.png,6,1,2,100.0,0,0,0,0,2
3788,site11_527.png,7,7,2,100.0,0,0,0,2,0
3789,site11_528.png,0,3,2,100.0,0,0,0,2,0
3789,site11_528.png,0,5,2,73.625,0,0,0,0,2
3789,site11_528.png,0,7,2,100.0,0,0,2,0,0
3789,site11_528.png,2,2,2,100.0,0,0,2,0,0
3789,site11_528.png,3,0,2,81.8672,0,0,2,0,0
3789,site11_528.png,7,0,2,100.0,0,0,0,2,0
3790,site11_529.png,0,0,2,100.0,0,0,2,0,0
3790,site11_529.png,4,1,2,100.0,0,0,0,0,2
3820,site11_560.png,0,4,2,100.0,0,0,0,0,2
3820,site11_560.png,1,3,2,100.0,0,0,0,0,2
3820,site11_560.png,1,6,2,100.0,0,0,0,0,2
3821,site11_561.png,0,1,2,100.0,0,0,0,0,2
3821,site11_561.png,0,7,2,100.0,0,0,0,2,0
3822,site11_562.png,0,0,2,100.0,0,0,0,2,0
3823,site11_563.png,4,2,4,100.0,0,0,0,0,4
3824,site11_564.png,2,2,2,100.0,0,0,0,2,0
3824,site11_564.png,3,1,2,100.0,0,0,0,0,2
4376,site16_303.png,3,6,2,100.0,0,0,2,0,0
4377,site16_304.png,3,1,2,100.0,0,0,2,0,0
4377,site16_304.png,4,3,2,100.0,0,0,0,2,0
4401,site16_329.png,4,5,2,100.0,0,0,0,0,2
4401,site16_329.png,7,6,2,100.0,0,0,0,2,0
4402,site16_330.png,4,0,2,100.0,0,0,0,0,2
4424,site16_355.png,3,5,2,100.0,0,0,0,0,2
4424,site16_355.png,5,3,2,100.0,0,0,0,0,2
4445,site16_380.png,6,7,2,100.0,0,0,0,2,0
4446,site16_381.png,1,3,2,100.0,0,0,0,0,2
4446,site16_381.png,6,2,2,100.0,0,0,0,2,0
4468,site16_406.png,2,6,2,100.0,0,0,0,2,0
4468,site16_406.png,5,6,2,100.0,0,0,0,2,0
4469,site16_407.png,2,1,2,100.0,0,0,0,2,0
4469,site16_407.png,6,2,2,100.0,0,0,0,2,0
4492,site16_432.png,2,5,2,100.0,0,0,0,2,0
4493,site16_433.png,3,1,2,100.0,0,0,0,2,0
4517,site16_458.png,6,6,2,100.0,0,0,2,0,0
4518,site16_459.png,6,0,2,100.0,0,0,2,0,0
4542,site16_484.png,0,6,2,100.0,0,0,2,0,0
4542,site16_484.png,4,6,2,100.0,0,2,0,0,0
4542,site16_484.png,5,5,2,100.0,0,0,0,0,2
4542,site16_484.png,6,4,2,100.0,0,0,0,2,0
4542,site16_484.png,7,1,2,100.0,0,0,0,2,0
4542,site16_484.png,7,6,2,100.0,0,2,0,0,0
4543,site16_485.png,0,0,2,100.0,0,0,2,0,0
4543,site16_485.png,5,0,2,100.0,0,2,0,0,0
4543,site16_485.png,5,3,2,100.0,0,0,0,0,2
4543,site16_485.png,6,4,2,100.0,0,0,2,0,0
4543,site16_485.png,6,6,4,100.0,0,2,2,0,0
4544,site16_486.png,5,0,2,100.0,0,0,2,0,0
4544,site16_486.png,7,7,2,100.0,0,0,0,0,2
4545,site16_487.png,7,0,2,100.0,0,0,0,0,2
4565,site16_509.png,2,7,2,100.0,0,0,0,2,0
4566,site16_510.png,2,1,2,100.0,0,0,0,2,0
4566,site16_510.png,7,2,2,100.0,0,0,0,0,2
4566,site16_510.png,7,3,2,100.0,2,0,0,0,0
4566,site16_510.png,7,6,2,82.5,0,0,2,0,0
4567,site16_511.png,1,6,2,100.0,0,2,0,0,0
4567,site16_511.png,4,2,2,100.0,0,0,2,0,0
4567,site16_511.png,6,1,2,100.0,0,2,0,0,0
4567,site16_511.png,6,2,2,100.0,0,0,2,0,0
4567,site16_511.png,7,2,2,100.0,0,0,0,0,2
4568,site16_512.png,0,7,2,100.0,0,0,0,0,2
4568,site16_512.png,1,6,2,100.0,0,0,0,0,2
4568,site16_512.png,2,6,2,84.375,0,0,0,0,2
4568,site16_512.png,3,3,2,100.0,0,0,0,0,2
4568,site16_512.png,3,6,2,100.0,0,0,0,0,2
4568,site16_512.png,5,3,2,100.0,0,2,0,0,0
4569,site16_513.png,0,0,2,100.0,0,0,0,0,2
4569,site16_513.png,2,6,2,100.0,0,2,0,0,0
4569,site16_513.png,7,2,2,100.0,2,0,0,0,0
4570,site16_514.png,1,1,2,100.0,0,0,0,0,2
4589,site16_535.png,6,6,2,100.0,0,0,2,0,0
4590,site16_536.png,0,2,2,100.0,0,0,0,0,2
4590,site16_536.png,0,6,2,82.5,0,0,2,0,0
4590,site16_536.png,2,7,2,9.15,0,0,0,2,0
4590,site16_536.png,3,7,6,100.0,0,0,2,4,0
4590,site16_536.png,5,5,2,100.0,0,0,2,0,0
4590,site16_536.png,6,6,2,100.0,0,0,2,0,0
4590,site16_536.png,6,7,2,40.0312,0,0,2,0,0
4591,site16_537.png,0,2,2,100.0,0,0,0,0,2
4591,site16_537.png,1,1,2,100.0,0,0,0,0,2
4591,site16_537.png,1,3,2,100.0,2,0,0,0,0
4591,site16_537.png,2,0,2,36.0938,0,0,0,2,0
4591,site16_537.png,3,0,6,100.0,0,0,2,4,0
4591,site16_537.png,3,1,6,86.4375,0,0,0,6,0
4591,site16_537.png,3,7,2,100.0,0,2,0,0,0
4591,site16_537.png,4,1,2,100.0,0,0,2,0,0
4591,site16_537.png,4,2,2,100.0,0,2,0,0,0
4591,site16_537.png,4,3,2,99.75,0,0,2,0,0
4591,site16_537.png,5,0,2,100.0,0,0,2,0,0
4591,site16_537.png,5,2,2,100.0,0,0,2,0,0
4591,site16_537.png,6,1,2,100.0,0,0,2,0,0
4592,site16_538.png,3,0,2,100.0,0,2,0,0,0
4613,site16_561.png,0,5,2,100.0,0,0,2,0,0
4613,site16_561.png,4,6,2,100.0,0,0,2,0,0
4613,site16_561.png,7,3,2,100.0,0,0,2,0,0
4614,site16_562.png,1,4,2,100.0,0,0,2,0,0
4614,site16_562.png,1,7,2,100.0,0,0,0,0,2
4614,site16_562.png,4,2,2,100.0,0,0,2,0,0
4614,site16_562.png,5,2,2,100.0,0,0,2,0,0
4615,site16_563.png,1,0,2,100.0,0,0,0,0,2
4615,site16_563.png,6,5,2,100.0,2,0,0,0,0
4637,site16_587.png,0,6,2,100.0,0,0,2,0,0
4637,site16_587.png,2,3,2,100.0,0,0,2,0,0
4637,site16_587.png,7,1,2,100.0,0,0,2,0,0
4638,site16_588.png,0,3,2,100.0,0,0,0,0,2
4638,site16_588.png,2,5,2,100.0,0,0,0,0,2
4658,site16_613.png,0,1,2,100.0,0,0,2,0,0
4677,site16_638.png,6,2,2,100.0,0,0,2,0,0
4699,site16_664.png,0,2,2,100.0,0,0,2,0,0
4699,site16_664.png,2,2,2,100.0,0,0,2,0,0
4702,site16_667.png,1,4,2,100.0,0,0,0,2,0
4702,site16_667.png,2,7,2,100.0,0,2,0,0,0
4702,site16_667.png,3,4,2,100.0,0,0,0,0,2
4702,site16_667.png,5,3,2,100.0,0,2,0,0,0
4702,site16_667.png,6,7,2,100.0,0,0,0,2,0
4703,site16_668.png,2,0,2,100.0,0,2,0,0,0
4703,site16_668.png,6,1,2,100.0,0,0,0,2,0
4703,site16_668.png,6,2,2,100.0,0,0,0,0,2
4703,site16_668.png,6,5,2,100.0,0,0,0,0,2
4703,site16_668.png,7,5,2,100.0,0,2,0,0,0
4721,site16_689.png,4,7,2,100.0,0,0,2,0,0
4722,site16_690.png,3,0,2,100.0,0,0,2,0,0
4725,site16_693.png,0,3,2,100.0,0,2,0,0,0
4725,site16_693.png,2,6,2,100.0,0,0,0,2,0
4725,site16_693.png,3,1,2,100.0,0,0,0,0,2
4725,site16_693.png,5,6,2,100.0,0,0,0,0,2
4725,site16_693.png,6,1,2,100.0,0,2,0,0,0
4726,site16_694.png,0,5,2,100.0,0,2,0,0,0
4726,site16_694.png,2,1,2,100.0,0,0,0,2,0
4726,site16_694.png,5,3,2,100.0,0,0,0,0,2
4726,site16_694.png,6,0,2,100.0,0,0,0,0,2
4726,site16_694.png,6,2,2,100.0,2,0,0,0,0
4726,site16_694.png,6,3,4,100.0,2,2,0,0,0
4726,site16_694.png,6,4,2,100.0,2,0,0,0,0
4726,site16_694.png,7,1,2,56.875,2,0,0,0,0
4726,site16_694.png,7,2,2,24.8523,2,0,0,0,0
4728,site16_696.png,4,4,2,100.0,2,0,0,0,0
4728,site16_696.png,6,5,2,100.0,0,2,0,0,0
4729,site16_697.png,3,2,2,100.0,0,0,0,2,0
4729,site16_697.png,3,6,2,100.0,0,0,0,0,2
4729,site16_697.png,5,2,2,100.0,0,0,2,0,0
4729,site16_697.png,6,2,2,100.0,0,0,2,0,0
4729,site16_697.png,6,3,2,100.0,2,0,0,0,0
4730,site16_698.png,3,1,2,100.0,0,0,0,0,2
4743,site16_715.png,2,6,2,100.0,0,0,2,0,0
4747,site16_719.png,0,1,2,100.0,0,2,0,0,0
4747,site16_719.png,2,1,2,100.0,0,0,0,0,2
4747,site16_719.png,2,7,2,100.0,0,0,0,0,2
4747,site16_719.png,6,2,2,100.0,0,0,0,0,2
4748,site16_720.png,0,1,2,65.0,2,0,0,0,0
4748,site16_720.png,0,3,2,100.0,0,2,0,0,0
4748,site16_720.png,1,1,2,100.0,0,2,0,0,0
4748,site16_720.png,1,2,2,100.0,2,0,0,0,0
4748,site16_720.png,2,1,2,100.0,0,0,0,0,2
4748,site16_720.png,2,3,2,100.0,0,0,0,0,2
4750,site16_722.png,2,2,2,100.0,0,0,2,0,0
4750,site16_722.png,4,6,2,100.0,0,2,0,0,0
4751,site16_723.png,3,7,2,100.0,0,2,0,0,0
4751,site16_723.png,5,7,2,100.0,0,2,0,0,0
4751,site16_723.png,6,7,2,100.0,0,2,0,0,0
4752,site16_724.png,1,2,2,100.0,0,0,0,2,0
4752,site16_724.png,1,6,2,100.0,0,0,0,2,0
4752,site16_724.png,3,0,2,100.0,0,2,0,0,0
4752,site16_724.png,4,2,2,100.0,0,2,0,0,0
4752,site16_724.png,5,2,2,100.0,0,2,0,0,0
4752,site16_724.png,6,0,2,100.0,0,2,0,0,0
4764,site16_741.png,7,2,2,100.0,0,0,2,0,0
4768,site16_745.png,1,2,2,100.0,0,0,0,0,2
4769,site16_746.png,3,2,2,39.3125,2,0,0,0,0
4769,site16_746.png,6,6,2,100.0,2,0,0,0,0
4770,site16_747.png,0,0,2,100.0,2,0,0,0,0
4770,site16_747.png,5,2,2,100.0,0,2,0,0,0
4770,site16_747.png,6,1,2,100.0,0,0,0,0,2
4772,site16_749.png,1,7,2,100.0,0,2,0,0,0
4772,site16_749.png,5,3,2,100.0,2,0,0,0,0
4773,site16_750.png,1,0,2,100.0,0,2,0,0,0
4786,site16_767.png,2,2,2,100.0,0,0,2,0,0
4786,site16_767.png,6,1,2,100.0,0,0,2,0,0
4807,site16_792.png,2,7,2,100.0,0,0,2,0,0
4807,site16_792.png,5,6,2,100.0,0,0,2,0,0
4808,site16_793.png,2,0,2,100.0,0,0,2,0,0
4828,site16_818.png,1,5,2,100.0,0,0,2,0,0
4833,site16_823.png,5,5,2,100.0,0,0,2,0,0
4833,site16_823.png,7,3,2,35.625,0,0,0,0,2
4854,site16_849.png,0,3,2,35.625,0,0,0,0,2
4854,site16_849.png,3,6,2,100.0,0,0,2,0,0
4855,site16_850.png,3,1,2,100.0,0,0,2,0,0
4856,site16_851.png,7,2,2,100.0,0,0,2,0,0
4875,site16_875.png,1,5,2,100.0,0,0,0,0,2
4875,site16_875.png,3,5,2,100.0,0,0,0,0,2
4877,site16_877.png,1,2,2,100.0,0,0,2,0,0
4969,site16_1004.png,4,7,2,38.3438,0,2,0,0,0
4970,site16_1005.png,3,1,4,100.0,0,4,0,0,0
4970,site16_1005.png,7,4,2,100.0,0,0,0,2,0
