grid_id,centroid_x,centroid_y,area_density_pct,jumlah_instance,kategori_dominan,confidence_score,processed_at,has_detection
site10_13_grid_0_1,-1.0,-1.0,0.0,0,none,0.0,2026-05-26 01:05:43,0
site10_17_grid_1_0,-1.0,-1.0,0.0,0,none,0.0,2026-05-26 01:05:43,0
site10_18_grid_1_0,-1.0,-1.0,0.0,0,none,0.0,2026-05-26 01:05:43,0
site10_21_grid_1_1,-1.0,-1.0,0.0,0,none,0.0,2026-05-26 01:05:43,0
site10_22_grid_0_1,-1.0,-1.0,0.0,0,none,0.0,2026-05-26 01:05:43,0
site10_27_grid_0_1,439.18,193.3,11.076,1,Mixed items,0.6042,2026-05-26 01:05:43,1
site10_28_grid_0_0,-1.0,-1.0,0.0,0,none,0.0,2026-05-26 01:05:43,0
site10_28_grid_1_1,75.76,63.85,7.9742,2,Mixed items,0.3857,2026-05-26 01:05:43,1
site10_29_grid_1_1,-1.0,-1.0,0.0,0,none,0.0,2026-05-26 01:05:43,0
site10_2_grid_1_1,-1.0,-1.0,0.0,0,none,0.0,2026-05-26 01:05:43,0
site10_30_grid_1_0,-1.0,-1.0,0.0,0,none,0.0,2026-05-26 01:05:43,0
site10_9_grid_1_1,-1.0,-1.0,0.0,0,none,0.0,2026-05-26 01:05:43,0
site11_105_grid_1_0,-1.0,-1.0,0.0,0,none,0.0,2026-05-26 01:05:43,0
site11_107_grid_0_0,-1.0,-1.0,0.0,0,none,0.0,2026-05-26 01:05:43,0
site11_107_grid_0_1,-1.0,-1.0,0.0,0,none,0.0,2026-05-26 01:05:43,0
site11_108_grid_0_1,-1.0,-1.0,0.0,0,none,0.0,2026-05-26 01:05:43,0
site11_109_grid_0_0,-1.0,-1.0,0.0,0,none,0.0,2026-05-26 01:05:43,0
site11_109_grid_1_1,-1.0,-1.0,0.0,0,none,0.0,2026-05-26 01:05:43,0
site11_110_grid_0_0,-1.0,-1.0,0.0,0,none,0.0,2026-05-26 01:05:43,0
site11_111_grid_1_0,-1.0,-1.0,0.0,0,none,0.0,2026-05-26 01:05:43,0
site11_113_grid_1_0,-1.0,-1.0,0.0,0,none,0.0,2026-05-26 01:05:43,0
site11_115_grid_0_1,-1.0,-1.0,0.0,0,none,0.0,2026-05-26 01:05:43,0
site11_116_grid_0_0,-1.0,-1.0,0.0,0,none,0.0,2026-05-26 01:05:43,0
site11_118_grid_0_1,-1.0,-1.0,0.0,0,none,0.0,2026-05-26 01:05:43,0
site11_122_grid_0_1,-1.0,-1.0,0.0,0,none,0.0,2026-05-26 01:05:43,0
site11_124_grid_0_0,-1.0,-1.0,0.0,0,none,0.0,2026-05-26 01:05:43,0
site11_125_grid_1_0,-1.0,-1.0,0.0,0,none,0.0,2026-05-26 01:05:43,0
site11_128_grid_0_1,-1.0,-1.0,0.0,0,none,0.0,2026-05-26 01:05:43,0
site11_128_grid_1_0,-1.0,-1.0,0.0,0,none,0.0,2026-05-26 01:05:43,0
site11_129_grid_0_0,-1.0,-1.0,0.0,0,none,0.0,2026-05-26 01:05:43,0
site11_130_grid_0_1,-1.0,-1.0,0.0,0,none,0.0,2026-05-26 01:05:43,0
site11_140_grid_0_1,-1.0,-1.0,0.0,0,none,0.0,2026-05-26 01:05:43,0
site11_142_grid_0_0,-1.0,-1.0,0.0,0,none,0.0,2026-05-26 01:05:43,0
site11_144_grid_0_0,-1.0,-1.0,0.0,0,none,0.0,2026-05-26 01:05:43,0
site11_144_grid_0_1,-1.0,-1.0,0.0,0,none,0.0,2026-05-26 01:05:43,0
site11_145_grid_0_0,-1.0,-1.0,0.0,0,none,0.0,2026-05-26 01:05:43,0
site11_146_grid_0_0,-1.0,-1.0,0.0,0,none,0.0,2026-05-26 01:05:43,0
site11_147_grid_0_1,-1.0,-1.0,0.0,0,none,0.0,2026-05-26 01:05:43,0
site11_147_grid_1_1,-1.0,-1.0,0.0,0,none,0.0,2026-05-26 01:05:43,0
site11_149_grid_1_0,-1.0,-1.0,0.0,0,none,0.0,2026-05-26 01:05:43,0
site11_14_grid_1_1,-1.0,-1.0,0.0,0,none,0.0,2026-05-26 01:05:43,0
site11_151_grid_0_0,-1.0,-1.0,0.0,0,none,0.0,2026-05-26 01:05:43,0
site11_153_grid_1_1,-1.0,-1.0,0.0,0,none,0.0,2026-05-26 01:05:43,0
site11_154_grid_0_1,-1.0,-1.0,0.0,0,none,0.0,2026-05-26 01:05:43,0
site11_155_grid_0_0,-1.0,-1.0,0.0,0,none,0.0,2026-05-26 01:05:43,0
site11_156_grid_0_1,-1.0,-1.0,0.0,0,none,0.0,2026-05-26 01:05:43,0
site11_157_grid_0_0,-1.0,-1.0,0.0,0,none,0.0,2026-05-26 01:05:43,0
site11_157_grid_0_1,-1.0,-1.0,0.0,0,none,0.0,2026-05-26 01:05:43,0
site11_157_grid_1_1,-1.0,-1.0,0.0,0,none,0.0,2026-05-26 01:05:43,0
site11_15_grid_0_1,-1.0,-1.0,0.0,0,none,0.0,2026-05-26 01:05:43,0
site11_162_grid_1_1,-1.0,-1.0,0.0,0,none,0.0,2026-05-26 01:05:43,0
site11_163_grid_0_1,-1.0,-1.0,0.0,0,none,0.0,2026-05-26 01:05:43,0
site11_164_grid_1_1,-1.0,-1.0,0.0,0,none,0.0,2026-05-26 01:05:43,0
site11_165_grid_1_1,-1.0,-1.0,0.0,0,none,0.0,2026-05-26 01:05:43,0
site11_16_grid_0_0,-1.0,-1.0,0.0,0,none,0.0,2026-05-26 01:05:43,0
site11_16_grid_0_1,-1.0,-1.0,0.0,0,none,0.0,2026-05-26 01:05:43,0
site11_16_grid_1_1,-1.0,-1.0,0.0,0,none,0.0,2026-05-26 01:05:43,0
site11_172_grid_0_1,-1.0,-1.0,0.0,0,none,0.0,2026-05-26 01:05:43,0
site11_173_grid_0_1,-1.0,-1.0,0.0,0,none,0.0,2026-05-26 01:05:43,0
site11_173_grid_1_0,-1.0,-1.0,0.0,0,none,0.0,2026-05-26 01:05:43,0
site11_174_grid_0_0,-1.0,-1.0,0.0,0,none,0.0,2026-05-26 01:05:43,0
site11_175_grid_1_1,-1.0,-1.0,0.0,0,none,0.0,2026-05-26 01:05:43,0
site11_178_grid_0_0,-1.0,-1.0,0.0,0,none,0.0,2026-05-26 01:05:43,0
site11_180_grid_0_1,-1.0,-1.0,0.0,0,none,0.0,2026-05-26 01:05:43,0
site11_183_grid_1_1,-1.0,-1.0,0.0,0,none,0.0,2026-05-26 01:05:43,0
site11_186_grid_1_1,-1.0,-1.0,0.0,0,none,0.0,2026-05-26 01:05:43,0
site11_187_grid_0_1,-1.0,-1.0,0.0,0,none,0.0,2026-05-26 01:05:43,0
site11_187_grid_1_0,-1.0,-1.0,0.0,0,none,0.0,2026-05-26 01:05:43,0
site11_188_grid_0_0,-1.0,-1.0,0.0,0,none,0.0,2026-05-26 01:05:43,0
site11_190_grid_0_0,-1.0,-1.0,0.0,0,none,0.0,2026-05-26 01:05:43,0
site11_190_grid_1_1,-1.0,-1.0,0.0,0,none,0.0,2026-05-26 01:05:43,0
site11_191_grid_1_1,-1.0,-1.0,0.0,0,none,0.0,2026-05-26 01:05:43,0
site11_193_grid_0_1,-1.0,-1.0,0.0,0,none,0.0,2026-05-26 01:05:43,0
site11_193_grid_1_0,-1.0,-1.0,0.0,0,none,0.0,2026-05-26 01:05:43,0
site11_194_grid_0_0,-1.0,-1.0,0.0,0,none,0.0,2026-05-26 01:05:43,0
site11_194_grid_0_1,-1.0,-1.0,0.0,0,none,0.0,2026-05-26 01:05:43,0
site11_196_grid_1_0,-1.0,-1.0,0.0,0,none,0.0,2026-05-26 01:05:43,0
site11_196_grid_1_1,-1.0,-1.0,0.0,0,none,0.0,2026-05-26 01:05:43,0
site11_206_grid_0_0,-1.0,-1.0,0.0,0,none,0.0,2026-05-26 01:05:43,0
site11_206_grid_1_1,-1.0,-1.0,0.0,0,none,0.0,2026-05-26 01:05:43,0
site11_208_grid_0_0,-1.0,-1.0,0.0,0,none,0.0,2026-05-26 01:05:43,0
site11_209_grid_0_1,-1.0,-1.0,0.0,0,none,0.0,2026-05-26 01:05:43,0
site11_209_grid_1_1,-1.0,-1.0,0.0,0,none,0.0,2026-05-26 01:05:43,0
site11_213_grid_1_1,-1.0,-1.0,0.0,0,none,0.0,2026-05-26 01:05:43,0
site11_214_grid_1_0,-1.0,-1.0,0.0,0,none,0.0,2026-05-26 01:05:43,0
site11_218_grid_1_0,-1.0,-1.0,0.0,0,none,0.0,2026-05-26 01:05:43,0
site11_220_grid_0_0,-1.0,-1.0,0.0,0,none,0.0,2026-05-26 01:05:43,0
site11_220_grid_0_1,-1.0,-1.0,0.0,0,none,0.0,2026-05-26 01:05:43,0
site11_220_grid_1_1,-1.0,-1.0,0.0,0,none,0.0,2026-05-26 01:05:43,0
site11_221_grid_0_1,-1.0,-1.0,0.0,0,none,0.0,2026-05-26 01:05:43,0
site11_224_grid_1_1,-1.0,-1.0,0.0,0,none,0.0,2026-05-26 01:05:43,0
site11_225_grid_0_0,-1.0,-1.0,0.0,0,none,0.0,2026-05-26 01:05:43,0
site11_225_grid_0_1,-1.0,-1.0,0.0,0,none,0.0,2026-05-26 01:05:43,0
site11_226_grid_1_0,-1.0,-1.0,0.0,0,none,0.0,2026-05-26 01:05:43,0
site11_228_grid_0_1,-1.0,-1.0,0.0,0,none,0.0,2026-05-26 01:05:43,0
site11_228_grid_1_0,-1.0,-1.0,0.0,0,none,0.0,2026-05-26 01:05:43,0
site11_229_grid_0_0,-1.0,-1.0,0.0,0,none,0.0,2026-05-26 01:05:43,0
site11_231_grid_0_1,-1.0,-1.0,0.0,0,none,0.0,2026-05-26 01:05:43,0
site11_232_grid_0_1,-1.0,-1.0,0.0,0,none,0.0,2026-05-26 01:05:43,0
site11_235_grid_1_0,-1.0,-1.0,0.0,0,none,0.0,2026-05-26 01:05:43,0
site11_241_grid_0_1,-1.0,-1.0,0.0,0,none,0.0,2026-05-26 01:05:43,0
site11_245_grid_0_0,-1.0,-1.0,0.0,0,none,0.0,2026-05-26 01:05:43,0
site11_245_grid_1_0,-1.0,-1.0,0.0,0,none,0.0,2026-05-26 01:05:43,0
site11_246_grid_1_0,-1.0,-1.0,0.0,0,none,0.0,2026-05-26 01:05:43,0
site11_247_grid_0_0,-1.0,-1.0,0.0,0,none,0.0,2026-05-26 01:05:43,0
site11_247_grid_1_0,-1.0,-1.0,0.0,0,none,0.0,2026-05-26 01:05:43,0
site11_24_grid_1_1,-1.0,-1.0,0.0,0,none,0.0,2026-05-26 01:05:43,0
site11_250_grid_1_0,-1.0,-1.0,0.0,0,none,0.0,2026-05-26 01:05:43,0
site11_250_grid_1_1,-1.0,-1.0,0.0,0,none,0.0,2026-05-26 01:05:43,0
site11_251_grid_0_0,-1.0,-1.0,0.0,0,none,0.0,2026-05-26 01:05:43,0
site11_252_grid_0_1,-1.0,-1.0,0.0,0,none,0.0,2026-05-26 01:05:43,0
site11_252_grid_1_0,-1.0,-1.0,0.0,0,none,0.0,2026-05-26 01:05:43,0
site11_254_grid_0_1,-1.0,-1.0,0.0,0,none,0.0,2026-05-26 01:05:43,0
site11_255_grid_0_1,-1.0,-1.0,0.0,0,none,0.0,2026-05-26 01:05:43,0
site11_256_grid_1_0,-1.0,-1.0,0.0,0,none,0.0,2026-05-26 01:05:43,0
site11_257_grid_1_0,-1.0,-1.0,0.0,0,none,0.0,2026-05-26 01:05:43,0
site11_257_grid_1_1,-1.0,-1.0,0.0,0,none,0.0,2026-05-26 01:05:43,0
site11_25_grid_1_1,-1.0,-1.0,0.0,0,none,0.0,2026-05-26 01:05:43,0
site11_260_grid_1_1,-1.0,-1.0,0.0,0,none,0.0,2026-05-26 01:05:43,0
site11_262_grid_0_1,-1.0,-1.0,0.0,0,none,0.0,2026-05-26 01:05:43,0
site11_264_grid_1_1,-1.0,-1.0,0.0,0,none,0.0,2026-05-26 01:05:43,0
site11_268_grid_0_1,-1.0,-1.0,0.0,0,none,0.0,2026-05-26 01:05:43,0
site11_268_grid_1_0,-1.0,-1.0,0.0,0,none,0.0,2026-05-26 01:05:43,0
site11_269_grid_1_0,-1.0,-1.0,0.0,0,none,0.0,2026-05-26 01:05:43,0
site11_277_grid_0_0,-1.0,-1.0,0.0,0,none,0.0,2026-05-26 01:05:43,0
site11_278_grid_0_0,-1.0,-1.0,0.0,0,none,0.0,2026-05-26 01:05:43,0
site11_279_grid_0_1,-1.0,-1.0,0.0,0,none,0.0,2026-05-26 01:05:43,0
site11_279_grid_1_1,-1.0,-1.0,0.0,0,none,0.0,2026-05-26 01:05:43,0
site11_281_grid_1_1,-1.0,-1.0,0.0,0,none,0.0,2026-05-26 01:05:43,0
site11_285_grid_1_1,-1.0,-1.0,0.0,0,none,0.0,2026-05-26 01:05:43,0
site11_287_grid_1_1,-1.0,-1.0,0.0,0,none,0.0,2026-05-26 01:05:43,0
site11_288_grid_0_1,-1.0,-1.0,0.0,0,none,0.0,2026-05-26 01:05:43,0
site11_289_grid_1_0,-1.0,-1.0,0.0,0,none,0.0,2026-05-26 01:05:43,0
site11_291_grid_0_0,-1.0,-1.0,0.0,0,none,0.0,2026-05-26 01:05:43,0
site11_292_grid_0_0,-1.0,-1.0,0.0,0,none,0.0,2026-05-26 01:05:43,0
site11_293_grid_0_0,-1.0,-1.0,0.0,0,none,0.0,2026-05-26 01:05:43,0
site11_295_grid_0_0,-1.0,-1.0,0.0,0,none,0.0,2026-05-26 01:05:43,0
site11_296_grid_1_1,-1.0,-1.0,0.0,0,none,0.0,2026-05-26 01:05:43,0
site11_297_grid_0_0,-1.0,-1.0,0.0,0,none,0.0,2026-05-26 01:05:43,0
site11_300_grid_1_0,-1.0,-1.0,0.0,0,none,0.0,2026-05-26 01:05:43,0
site11_302_grid_0_1,-1.0,-1.0,0.0,0,none,0.0,2026-05-26 01:05:43,0
site11_302_grid_1_1,-1.0,-1.0,0.0,0,none,0.0,2026-05-26 01:05:43,0
site11_303_grid_0_0,-1.0,-1.0,0.0,0,none,0.0,2026-05-26 01:05:43,0
site11_303_grid_1_1,-1.0,-1.0,0.0,0,none,0.0,2026-05-26 01:05:43,0
site11_304_grid_0_1,-1.0,-1.0,0.0,0,none,0.0,2026-05-26 01:05:43,0
site11_305_grid_1_0,-1.0,-1.0,0.0,0,none,0.0,2026-05-26 01:05:43,0
site11_308_grid_0_0,-1.0,-1.0,0.0,0,none,0.0,2026-05-26 01:05:43,0
site11_308_grid_0_1,-1.0,-1.0,0.0,0,none,0.0,2026-05-26 01:05:43,0
site11_310_grid_0_1,-1.0,-1.0,0.0,0,none,0.0,2026-05-26 01:05:43,0
site11_311_grid_0_1,-1.0,-1.0,0.0,0,none,0.0,2026-05-26 01:05:43,0
site11_312_grid_1_0,-1.0,-1.0,0.0,0,none,0.0,2026-05-26 01:05:43,0
site11_312_grid_1_1,-1.0,-1.0,0.0,0,none,0.0,2026-05-26 01:05:43,0
site11_313_grid_0_1,-1.0,-1.0,0.0,0,none,0.0,2026-05-26 01:05:43,0
site11_313_grid_1_1,-1.0,-1.0,0.0,0,none,0.0,2026-05-26 01:05:43,0
site11_314_grid_0_1,-1.0,-1.0,0.0,0,none,0.0,2026-05-26 01:05:43,0
site11_315_grid_0_0,-1.0,-1.0,0.0,0,none,0.0,2026-05-26 01:05:43,0
site11_317_grid_1_1,-1.0,-1.0,0.0,0,none,0.0,2026-05-26 01:05:43,0
site11_319_grid_0_0,-1.0,-1.0,0.0,0,none,0.0,2026-05-26 01:05:43,0
site11_323_grid_1_1,396.47,307.76,37.4878,2,Mixed items,0.6807,2026-05-26 01:05:43,1
site11_324_grid_0_0,212.25,392.27,38.3873,4,Scrap,0.476,2026-05-26 01:05:43,1
site11_325_grid_0_1,-1.0,-1.0,0.0,0,none,0.0,2026-05-26 01:05:43,0
site11_328_grid_0_0,-1.0,-1.0,0.0,0,none,0.0,2026-05-26 01:05:43,0
site11_329_grid_0_1,-1.0,-1.0,0.0,0,none,0.0,2026-05-26 01:05:43,0
site11_330_grid_0_0,-1.0,-1.0,0.0,0,none,0.0,2026-05-26 01:05:43,0
site11_330_grid_1_0,-1.0,-1.0,0.0,0,none,0.0,2026-05-26 01:05:43,0
site11_330_grid_1_1,-1.0,-1.0,0.0,0,none,0.0,2026-05-26 01:05:43,0
site11_332_grid_0_0,-1.0,-1.0,0.0,0,none,0.0,2026-05-26 01:05:43,0
site11_333_grid_0_0,-1.0,-1.0,0.0,0,none,0.0,2026-05-26 01:05:43,0
site11_333_grid_0_1,-1.0,-1.0,0.0,0,none,0.0,2026-05-26 01:05:43,0
site11_334_grid_1_0,-1.0,-1.0,0.0,0,none,0.0,2026-05-26 01:05:43,0
site11_335_grid_1_0,-1.0,-1.0,0.0,0,none,0.0,2026-05-26 01:05:43,0
site11_337_grid_0_0,-1.0,-1.0,0.0,0,none,0.0,2026-05-26 01:05:43,0
site11_342_grid_0_0,-1.0,-1.0,0.0,0,none,0.0,2026-05-26 01:05:43,0
site11_344_grid_0_1,-1.0,-1.0,0.0,0,none,0.0,2026-05-26 01:05:43,0
site11_345_grid_0_0,-1.0,-1.0,0.0,0,none,0.0,2026-05-26 01:05:43,0
site11_346_grid_1_1,-1.0,-1.0,0.0,0,none,0.0,2026-05-26 01:05:43,0
site11_347_grid_1_1,-1.0,-1.0,0.0,0,none,0.0,2026-05-26 01:05:43,0
site11_348_grid_0_0,-1.0,-1.0,0.0,0,none,0.0,2026-05-26 01:05:43,0
site11_348_grid_1_0,-1.0,-1.0,0.0,0,none,0.0,2026-05-26 01:05:43,0
site11_349_grid_0_0,-1.0,-1.0,0.0,0,none,0.0,2026-05-26 01:05:43,0
site11_351_grid_0_1,-1.0,-1.0,0.0,0,none,0.0,2026-05-26 01:05:43,0
site11_352_grid_1_0,-1.0,-1.0,0.0,0,none,0.0,2026-05-26 01:05:43,0
site11_353_grid_1_0,-1.0,-1.0,0.0,0,none,0.0,2026-05-26 01:05:43,0
site11_353_grid_1_1,-1.0,-1.0,0.0,0,none,0.0,2026-05-26 01:05:43,0
site11_354_grid_0_1,-1.0,-1.0,0.0,0,none,0.0,2026-05-26 01:05:43,0
site11_356_grid_1_1,494.13,52.78,1.1524,1,Vehicles,0.5014,2026-05-26 01:05:43,1
site11_357_grid_1_1,355.7,255.22,21.6999,4,Mixed items,0.4556,2026-05-26 01:05:43,1
site11_358_grid_0_0,295.06,245.73,60.704,2,Mixed items,0.8289,2026-05-26 01:05:43,1
site11_359_grid_0_1,344.29,245.26,56.5659,1,Wood,0.42,2026-05-26 01:05:43,1
site11_361_grid_0_1,-1.0,-1.0,0.0,0,none,0.0,2026-05-26 01:05:43,0
site11_361_grid_1_1,-1.0,-1.0,0.0,0,none,0.0,2026-05-26 01:05:43,0
site11_362_grid_0_0,93.31,467.98,6.8748,1,Asbestos,0.8841,2026-05-26 01:05:43,1
site11_363_grid_1_0,-1.0,-1.0,0.0,0,none,0.0,2026-05-26 01:05:43,0
site11_364_grid_1_1,-1.0,-1.0,0.0,0,none,0.0,2026-05-26 01:05:43,0
site11_367_grid_0_1,-1.0,-1.0,0.0,0,none,0.0,2026-05-26 01:05:43,0
site11_367_grid_1_0,-1.0,-1.0,0.0,0,none,0.0,2026-05-26 01:05:43,0
site11_369_grid_0_0,-1.0,-1.0,0.0,0,none,0.0,2026-05-26 01:05:43,0
site11_371_grid_0_0,-1.0,-1.0,0.0,0,none,0.0,2026-05-26 01:05:43,0
site11_378_grid_1_1,-1.0,-1.0,0.0,0,none,0.0,2026-05-26 01:05:43,0
site11_379_grid_0_1,-1.0,-1.0,0.0,0,none,0.0,2026-05-26 01:05:43,0
site11_380_grid_0_0,-1.0,-1.0,0.0,0,none,0.0,2026-05-26 01:05:43,0
site11_384_grid_1_0,-1.0,-1.0,0.0,0,none,0.0,2026-05-26 01:05:43,0
site11_386_grid_1_0,-1.0,-1.0,0.0,0,none,0.0,2026-05-26 01:05:43,0
site11_389_grid_0_0,-1.0,-1.0,0.0,0,none,0.0,2026-05-26 01:05:43,0
site11_38_grid_0_0,-1.0,-1.0,0.0,0,none,0.0,2026-05-26 01:05:43,0
site11_391_grid_1_0,-1.0,-1.0,0.0,0,none,0.0,2026-05-26 01:05:43,0
site11_393_grid_1_1,247.98,293.35,29.3774,6,Vehicles,0.8316,2026-05-26 01:05:43,1
site11_394_grid_1_0,107.42,341.94,12.1727,2,Mixed items,0.8185,2026-05-26 01:05:43,1
site11_395_grid_0_0,335.12,357.39,42.0216,2,Asbestos,0.6175,2026-05-26 01:05:43,1
site11_396_grid_1_1,8.64,22.72,0.3235,1,Pallets,0.5874,2026-05-26 01:05:43,1
site11_397_grid_0_1,-1.0,-1.0,0.0,0,none,0.0,2026-05-26 01:05:43,0
site11_398_grid_1_1,-1.0,-1.0,0.0,0,none,0.0,2026-05-26 01:05:43,0
site11_399_grid_1_0,-1.0,-1.0,0.0,0,none,0.0,2026-05-26 01:05:43,0
site11_39_grid_1_1,-1.0,-1.0,0.0,0,none,0.0,2026-05-26 01:05:43,0
site11_400_grid_0_1,-1.0,-1.0,0.0,0,none,0.0,2026-05-26 01:05:43,0
site11_401_grid_0_0,-1.0,-1.0,0.0,0,none,0.0,2026-05-26 01:05:43,0
site11_402_grid_0_0,-1.0,-1.0,0.0,0,none,0.0,2026-05-26 01:05:43,0
site11_403_grid_1_1,-1.0,-1.0,0.0,0,none,0.0,2026-05-26 01:05:43,0
site11_406_grid_0_1,-1.0,-1.0,0.0,0,none,0.0,2026-05-26 01:05:43,0
site11_406_grid_1_1,-1.0,-1.0,0.0,0,none,0.0,2026-05-26 01:05:43,0
site11_410_grid_0_0,-1.0,-1.0,0.0,0,none,0.0,2026-05-26 01:05:43,0
site11_410_grid_1_0,-1.0,-1.0,0.0,0,none,0.0,2026-05-26 01:05:43,0
site11_411_grid_1_1,-1.0,-1.0,0.0,0,none,0.0,2026-05-26 01:05:43,0
site11_413_grid_1_0,-1.0,-1.0,0.0,0,none,0.0,2026-05-26 01:05:43,0
site11_415_grid_1_1,-1.0,-1.0,0.0,0,none,0.0,2026-05-26 01:05:43,0
site11_416_grid_1_1,-1.0,-1.0,0.0,0,none,0.0,2026-05-26 01:05:43,0
site11_418_grid_1_0,-1.0,-1.0,0.0,0,none,0.0,2026-05-26 01:05:43,0
site11_419_grid_0_1,-1.0,-1.0,0.0,0,none,0.0,2026-05-26 01:05:43,0
site11_419_grid_1_0,-1.0,-1.0,0.0,0,none,0.0,2026-05-26 01:05:43,0
site11_419_grid_1_1,-1.0,-1.0,0.0,0,none,0.0,2026-05-26 01:05:43,0
site11_421_grid_1_0,484.44,241.78,3.2505,1,Mixed items,0.3784,2026-05-26 01:05:43,1
site11_421_grid_1_1,419.95,249.27,10.2127,1,Mixed items,0.7498,2026-05-26 01:05:43,1
site11_422_grid_0_1,265.21,415.69,21.7758,3,Mixed items,0.5972,2026-05-26 01:05:43,1
site11_423_grid_0_0,45.89,466.82,3.3752,2,Mixed items,0.4,2026-05-26 01:05:43,1
site11_428_grid_0_0,27.85,64.7,1.0494,1,Furniture,0.3039,2026-05-26 01:05:43,1
site11_428_grid_0_1,133.49,288.87,47.3309,2,Mixed items,0.476,2026-05-26 01:05:43,1
site11_429_grid_0_1,317.52,70.98,12.4352,1,Asbestos,0.6484,2026-05-26 01:05:43,1
site11_431_grid_1_1,-1.0,-1.0,0.0,0,none,0.0,2026-05-26 01:05:43,0
site11_433_grid_1_0,-1.0,-1.0,0.0,0,none,0.0,2026-05-26 01:05:43,0
site11_434_grid_0_1,-1.0,-1.0,0.0,0,none,0.0,2026-05-26 01:05:43,0
site11_435_grid_1_0,-1.0,-1.0,0.0,0,none,0.0,2026-05-26 01:05:43,0
site11_437_grid_1_0,-1.0,-1.0,0.0,0,none,0.0,2026-05-26 01:05:43,0
site11_437_grid_1_1,-1.0,-1.0,0.0,0,none,0.0,2026-05-26 01:05:43,0
site11_439_grid_1_0,-1.0,-1.0,0.0,0,none,0.0,2026-05-26 01:05:43,0
site11_43_grid_1_0,-1.0,-1.0,0.0,0,none,0.0,2026-05-26 01:05:43,0
site11_43_grid_1_1,-1.0,-1.0,0.0,0,none,0.0,2026-05-26 01:05:43,0
site11_446_grid_0_0,-1.0,-1.0,0.0,0,none,0.0,2026-05-26 01:05:43,0
site11_446_grid_1_1,-1.0,-1.0,0.0,0,none,0.0,2026-05-26 01:05:43,0
site11_447_grid_1_0,-1.0,-1.0,0.0,0,none,0.0,2026-05-26 01:05:43,0
site11_448_grid_1_0,-1.0,-1.0,0.0,0,none,0.0,2026-05-26 01:05:43,0
site11_448_grid_1_1,-1.0,-1.0,0.0,0,none,0.0,2026-05-26 01:05:43,0
site11_449_grid_1_1,-1.0,-1.0,0.0,0,none,0.0,2026-05-26 01:05:43,0
site11_44_grid_1_0,-1.0,-1.0,0.0,0,none,0.0,2026-05-26 01:05:43,0
site11_450_grid_1_0,-1.0,-1.0,0.0,0,none,0.0,2026-05-26 01:05:43,0
site11_450_grid_1_1,-1.0,-1.0,0.0,0,none,0.0,2026-05-26 01:05:43,0
site11_451_grid_0_0,-1.0,-1.0,0.0,0,none,0.0,2026-05-26 01:05:43,0
site11_452_grid_0_1,-1.0,-1.0,0.0,0,none,0.0,2026-05-26 01:05:43,0
site11_452_grid_1_1,-1.0,-1.0,0.0,0,none,0.0,2026-05-26 01:05:43,0
site11_453_grid_0_0,-1.0,-1.0,0.0,0,none,0.0,2026-05-26 01:05:43,0
site11_453_grid_1_0,-1.0,-1.0,0.0,0,none,0.0,2026-05-26 01:05:43,0
site11_454_grid_1_0,-1.0,-1.0,0.0,0,none,0.0,2026-05-26 01:05:43,0
site11_455_grid_1_0,387.85,105.23,12.6526,2,Mixed items,0.6281,2026-05-26 01:05:43,1
site11_455_grid_1_1,329.67,141.58,19.2913,1,Mixed items,0.7849,2026-05-26 01:05:43,1
site11_456_grid_0_0,205.61,384.16,32.9575,2,Mixed items,0.47,2026-05-26 01:05:43,1
site11_458_grid_1_1,379.08,379.43,1.0731,1,Plastic packaging,0.311,2026-05-26 01:05:43,1
site11_45_grid_1_0,-1.0,-1.0,0.0,0,none,0.0,2026-05-26 01:05:43,0
site11_460_grid_0_0,426.41,143.09,19.1925,1,Wood,0.7175,2026-05-26 01:05:43,1
site11_460_grid_0_1,352.74,135.69,31.1127,2,Pallets,0.4137,2026-05-26 01:05:43,1
site11_461_grid_0_0,364.42,429.6,9.2884,1,Construction and demolition materials,0.6435,2026-05-26 01:05:43,1
site11_461_grid_0_1,289.07,379.63,11.9896,2,Construction and demolition materials,0.4402,2026-05-26 01:05:43,1
site11_461_grid_1_1,300.53,233.37,15.2691,3,Construction and demolition materials,0.3991,2026-05-26 01:05:43,1
site11_463_grid_1_0,69.15,199.89,12.5675,3,Wood,0.4332,2026-05-26 01:05:43,1
site11_464_grid_0_1,-1.0,-1.0,0.0,0,none,0.0,2026-05-26 01:05:43,0
site11_465_grid_0_0,-1.0,-1.0,0.0,0,none,0.0,2026-05-26 01:05:43,0
site11_465_grid_0_1,-1.0,-1.0,0.0,0,none,0.0,2026-05-26 01:05:43,0
site11_465_grid_1_0,-1.0,-1.0,0.0,0,none,0.0,2026-05-26 01:05:43,0
site11_465_grid_1_1,-1.0,-1.0,0.0,0,none,0.0,2026-05-26 01:05:43,0
site11_467_grid_1_0,-1.0,-1.0,0.0,0,none,0.0,2026-05-26 01:05:43,0
site11_469_grid_1_0,-1.0,-1.0,0.0,0,none,0.0,2026-05-26 01:05:43,0
site11_46_grid_0_1,-1.0,-1.0,0.0,0,none,0.0,2026-05-26 01:05:43,0
site11_472_grid_0_0,-1.0,-1.0,0.0,0,none,0.0,2026-05-26 01:05:43,0
site11_473_grid_1_1,-1.0,-1.0,0.0,0,none,0.0,2026-05-26 01:05:43,0
site11_478_grid_0_0,-1.0,-1.0,0.0,0,none,0.0,2026-05-26 01:05:43,0
site11_47_grid_0_0,-1.0,-1.0,0.0,0,none,0.0,2026-05-26 01:05:43,0
site11_47_grid_1_0,-1.0,-1.0,0.0,0,none,0.0,2026-05-26 01:05:43,0
site11_482_grid_0_1,-1.0,-1.0,0.0,0,none,0.0,2026-05-26 01:05:43,0
site11_484_grid_1_0,-1.0,-1.0,0.0,0,none,0.0,2026-05-26 01:05:43,0
site11_485_grid_0_1,-1.0,-1.0,0.0,0,none,0.0,2026-05-26 01:05:43,0
site11_486_grid_1_0,-1.0,-1.0,0.0,0,none,0.0,2026-05-26 01:05:43,0
site11_486_grid_1_1,-1.0,-1.0,0.0,0,none,0.0,2026-05-26 01:05:43,0
site11_487_grid_1_1,-1.0,-1.0,0.0,0,none,0.0,2026-05-26 01:05:43,0
site11_489_grid_0_0,-1.0,-1.0,0.0,0,none,0.0,2026-05-26 01:05:43,0
site11_489_grid_1_1,-1.0,-1.0,0.0,0,none,0.0,2026-05-26 01:05:43,0
site11_490_grid_1_1,-1.0,-1.0,0.0,0,none,0.0,2026-05-26 01:05:43,0
site11_493_grid_1_0,413.06,263.04,10.0174,1,Vehicles,0.8884,2026-05-26 01:05:43,1
site11_494_grid_1_0,334.29,254.77,56.5483,3,Asbestos,0.3191,2026-05-26 01:05:43,1
site11_495_grid_1_1,-1.0,-1.0,0.0,0,none,0.0,2026-05-26 01:05:43,0
site11_497_grid_1_1,-1.0,-1.0,0.0,0,none,0.0,2026-05-26 01:05:43,0
site11_498_grid_0_1,-1.0,-1.0,0.0,0,none,0.0,2026-05-26 01:05:43,0
site11_498_grid_1_1,-1.0,-1.0,0.0,0,none,0.0,2026-05-26 01:05:43,0
site11_49_grid_1_0,-1.0,-1.0,0.0,0,none,0.0,2026-05-26 01:05:43,0
site11_500_grid_0_0,-1.0,-1.0,0.0,0,none,0.0,2026-05-26 01:05:43,0
site11_500_grid_0_1,-1.0,-1.0,0.0,0,none,0.0,2026-05-26 01:05:43,0
site11_500_grid_1_0,-1.0,-1.0,0.0,0,none,0.0,2026-05-26 01:05:43,0
site11_500_grid_1_1,-1.0,-1.0,0.0,0,none,0.0,2026-05-26 01:05:43,0
site11_501_grid_1_1,-1.0,-1.0,0.0,0,none,0.0,2026-05-26 01:05:43,0
site11_502_grid_0_0,-1.0,-1.0,0.0,0,none,0.0,2026-05-26 01:05:43,0
site11_505_grid_0_0,-1.0,-1.0,0.0,0,none,0.0,2026-05-26 01:05:43,0
site11_506_grid_1_0,-1.0,-1.0,0.0,0,none,0.0,2026-05-26 01:05:43,0
site11_506_grid_1_1,-1.0,-1.0,0.0,0,none,0.0,2026-05-26 01:05:43,0
site11_507_grid_0_1,-1.0,-1.0,0.0,0,none,0.0,2026-05-26 01:05:43,0
site11_508_grid_0_0,-1.0,-1.0,0.0,0,none,0.0,2026-05-26 01:05:43,0
site11_508_grid_1_1,-1.0,-1.0,0.0,0,none,0.0,2026-05-26 01:05:43,0
site11_50_grid_0_0,-1.0,-1.0,0.0,0,none,0.0,2026-05-26 01:05:43,0
site11_50_grid_1_1,-1.0,-1.0,0.0,0,none,0.0,2026-05-26 01:05:43,0
site11_512_grid_1_0,-1.0,-1.0,0.0,0,none,0.0,2026-05-26 01:05:43,0
site11_513_grid_0_1,-1.0,-1.0,0.0,0,none,0.0,2026-05-26 01:05:43,0
site11_514_grid_1_1,-1.0,-1.0,0.0,0,none,0.0,2026-05-26 01:05:43,0
site11_515_grid_0_1,-1.0,-1.0,0.0,0,none,0.0,2026-05-26 01:05:43,0
site11_515_grid_1_0,-1.0,-1.0,0.0,0,none,0.0,2026-05-26 01:05:43,0
site11_516_grid_0_0,-1.0,-1.0,0.0,0,none,0.0,2026-05-26 01:05:43,0
site11_516_grid_1_1,-1.0,-1.0,0.0,0,none,0.0,2026-05-26 01:05:43,0
site11_517_grid_0_1,-1.0,-1.0,0.0,0,none,0.0,2026-05-26 01:05:43,0
site11_520_grid_0_1,-1.0,-1.0,0.0,0,none,0.0,2026-05-26 01:05:43,0
site11_521_grid_0_1,-1.0,-1.0,0.0,0,none,0.0,2026-05-26 01:05:43,0
site11_523_grid_1_0,-1.0,-1.0,0.0,0,none,0.0,2026-05-26 01:05:43,0
site11_524_grid_0_0,-1.0,-1.0,0.0,0,none,0.0,2026-05-26 01:05:43,0
site11_524_grid_1_1,-1.0,-1.0,0.0,0,none,0.0,2026-05-26 01:05:43,0
site11_527_grid_1_1,299.59,163.39,27.9957,6,Mixed items,0.5668,2026-05-26 01:05:43,1
site11_528_grid_1_1,128.1,78.74,14.1544,1,Construction and demolition materials,0.7908,2026-05-26 01:05:43,1
site11_529_grid_0_0,134.98,255.04,13.6574,2,Wood,0.5559,2026-05-26 01:05:43,1
site11_530_grid_1_0,-1.0,-1.0,0.0,0,none,0.0,2026-05-26 01:05:43,0
site11_531_grid_0_0,-1.0,-1.0,0.0,0,none,0.0,2026-05-26 01:05:43,0
site11_532_grid_1_1,-1.0,-1.0,0.0,0,none,0.0,2026-05-26 01:05:43,0
site11_534_grid_1_1,-1.0,-1.0,0.0,0,none,0.0,2026-05-26 01:05:43,0
site11_536_grid_0_1,-1.0,-1.0,0.0,0,none,0.0,2026-05-26 01:05:43,0
site11_537_grid_1_1,-1.0,-1.0,0.0,0,none,0.0,2026-05-26 01:05:43,0
site11_538_grid_0_0,-1.0,-1.0,0.0,0,none,0.0,2026-05-26 01:05:43,0
site11_539_grid_1_1,-1.0,-1.0,0.0,0,none,0.0,2026-05-26 01:05:43,0
site11_541_grid_0_0,-1.0,-1.0,0.0,0,none,0.0,2026-05-26 01:05:43,0
site11_542_grid_1_0,-1.0,-1.0,0.0,0,none,0.0,2026-05-26 01:05:43,0
site11_543_grid_0_0,-1.0,-1.0,0.0,0,none,0.0,2026-05-26 01:05:43,0
site11_543_grid_0_1,-1.0,-1.0,0.0,0,none,0.0,2026-05-26 01:05:43,0
site11_546_grid_0_1,-1.0,-1.0,0.0,0,none,0.0,2026-05-26 01:05:43,0
site11_547_grid_0_0,-1.0,-1.0,0.0,0,none,0.0,2026-05-26 01:05:43,0
site11_549_grid_0_0,-1.0,-1.0,0.0,0,none,0.0,2026-05-26 01:05:43,0
site11_549_grid_1_1,-1.0,-1.0,0.0,0,none,0.0,2026-05-26 01:05:43,0
site11_54_grid_0_0,-1.0,-1.0,0.0,0,none,0.0,2026-05-26 01:05:43,0
site11_54_grid_0_1,-1.0,-1.0,0.0,0,none,0.0,2026-05-26 01:05:43,0
site11_54_grid_1_1,-1.0,-1.0,0.0,0,none,0.0,2026-05-26 01:05:43,0
site11_551_grid_0_1,-1.0,-1.0,0.0,0,none,0.0,2026-05-26 01:05:43,0
site11_552_grid_1_1,-1.0,-1.0,0.0,0,none,0.0,2026-05-26 01:05:43,0
site11_555_grid_0_0,-1.0,-1.0,0.0,0,none,0.0,2026-05-26 01:05:43,0
site11_555_grid_1_1,-1.0,-1.0,0.0,0,none,0.0,2026-05-26 01:05:43,0
site11_557_grid_0_1,-1.0,-1.0,0.0,0,none,0.0,2026-05-26 01:05:43,0
site11_557_grid_1_0,-1.0,-1.0,0.0,0,none,0.0,2026-05-26 01:05:43,0
site11_561_grid_0_0,126.36,69.87,5.0545,1,Mixed items,0.3035,2026-05-26 01:05:43,1
site11_561_grid_1_1,-1.0,-1.0,0.0,0,none,0.0,2026-05-26 01:05:43,0
site11_562_grid_0_1,-1.0,-1.0,0.0,0,none,0.0,2026-05-26 01:05:43,0
site11_563_grid_0_0,-1.0,-1.0,0.0,0,none,0.0,2026-05-26 01:05:43,0
site11_564_grid_0_0,205.61,182.37,2.7821,1,Vehicles,0.4044,2026-05-26 01:05:43,1
site11_564_grid_0_1,77.31,182.12,2.755,1,Vehicles,0.3249,2026-05-26 01:05:43,1
site11_566_grid_1_0,-1.0,-1.0,0.0,0,none,0.0,2026-05-26 01:05:43,0
site11_567_grid_1_0,-1.0,-1.0,0.0,0,none,0.0,2026-05-26 01:05:43,0
site11_568_grid_0_1,-1.0,-1.0,0.0,0,none,0.0,2026-05-26 01:05:43,0
site11_569_grid_1_1,-1.0,-1.0,0.0,0,none,0.0,2026-05-26 01:05:43,0
site11_56_grid_1_0,-1.0,-1.0,0.0,0,none,0.0,2026-05-26 01:05:43,0
site11_571_grid_1_0,-1.0,-1.0,0.0,0,none,0.0,2026-05-26 01:05:43,0
site11_571_grid_1_1,-1.0,-1.0,0.0,0,none,0.0,2026-05-26 01:05:43,0
site11_572_grid_0_1,-1.0,-1.0,0.0,0,none,0.0,2026-05-26 01:05:43,0
site11_574_grid_0_1,-1.0,-1.0,0.0,0,none,0.0,2026-05-26 01:05:43,0
site11_574_grid_1_0,-1.0,-1.0,0.0,0,none,0.0,2026-05-26 01:05:43,0
site11_576_grid_0_0,-1.0,-1.0,0.0,0,none,0.0,2026-05-26 01:05:43,0
site11_576_grid_0_1,-1.0,-1.0,0.0,0,none,0.0,2026-05-26 01:05:43,0
site11_577_grid_0_0,-1.0,-1.0,0.0,0,none,0.0,2026-05-26 01:05:43,0
site11_577_grid_1_0,-1.0,-1.0,0.0,0,none,0.0,2026-05-26 01:05:43,0
site11_57_grid_0_1,-1.0,-1.0,0.0,0,none,0.0,2026-05-26 01:05:43,0
site11_580_grid_0_1,-1.0,-1.0,0.0,0,none,0.0,2026-05-26 01:05:43,0
site11_580_grid_1_0,-1.0,-1.0,0.0,0,none,0.0,2026-05-26 01:05:43,0
site11_585_grid_0_1,-1.0,-1.0,0.0,0,none,0.0,2026-05-26 01:05:43,0
site11_585_grid_1_1,-1.0,-1.0,0.0,0,none,0.0,2026-05-26 01:05:43,0
site11_586_grid_0_0,-1.0,-1.0,0.0,0,none,0.0,2026-05-26 01:05:43,0
site11_586_grid_1_1,-1.0,-1.0,0.0,0,none,0.0,2026-05-26 01:05:43,0
site11_587_grid_0_0,-1.0,-1.0,0.0,0,none,0.0,2026-05-26 01:05:43,0
site11_587_grid_1_1,-1.0,-1.0,0.0,0,none,0.0,2026-05-26 01:05:43,0
site11_589_grid_1_1,-1.0,-1.0,0.0,0,none,0.0,2026-05-26 01:05:43,0
site11_590_grid_0_0,-1.0,-1.0,0.0,0,none,0.0,2026-05-26 01:05:43,0
site11_592_grid_1_0,-1.0,-1.0,0.0,0,none,0.0,2026-05-26 01:05:43,0
site11_594_grid_1_0,-1.0,-1.0,0.0,0,none,0.0,2026-05-26 01:05:43,0
site11_596_grid_1_1,-1.0,-1.0,0.0,0,none,0.0,2026-05-26 01:05:43,0
site11_597_grid_1_1,-1.0,-1.0,0.0,0,none,0.0,2026-05-26 01:05:43,0
site11_598_grid_0_1,-1.0,-1.0,0.0,0,none,0.0,2026-05-26 01:05:43,0
site11_598_grid_1_1,-1.0,-1.0,0.0,0,none,0.0,2026-05-26 01:05:43,0
site11_59_grid_0_1,-1.0,-1.0,0.0,0,none,0.0,2026-05-26 01:05:43,0
site11_59_grid_1_0,-1.0,-1.0,0.0,0,none,0.0,2026-05-26 01:05:43,0
site11_600_grid_0_1,-1.0,-1.0,0.0,0,none,0.0,2026-05-26 01:05:43,0
site11_600_grid_1_1,-1.0,-1.0,0.0,0,none,0.0,2026-05-26 01:05:43,0
site11_601_grid_0_0,-1.0,-1.0,0.0,0,none,0.0,2026-05-26 01:05:43,0
site11_602_grid_0_0,-1.0,-1.0,0.0,0,none,0.0,2026-05-26 01:05:43,0
site11_602_grid_1_0,-1.0,-1.0,0.0,0,none,0.0,2026-05-26 01:05:43,0
site11_604_grid_0_0,-1.0,-1.0,0.0,0,none,0.0,2026-05-26 01:05:43,0
site11_606_grid_0_0,-1.0,-1.0,0.0,0,none,0.0,2026-05-26 01:05:43,0
site11_608_grid_0_0,-1.0,-1.0,0.0,0,none,0.0,2026-05-26 01:05:43,0
site11_609_grid_1_1,-1.0,-1.0,0.0,0,none,0.0,2026-05-26 01:05:43,0
site11_614_grid_0_1,-1.0,-1.0,0.0,0,none,0.0,2026-05-26 01:05:43,0
site11_616_grid_0_1,-1.0,-1.0,0.0,0,none,0.0,2026-05-26 01:05:43,0
site11_616_grid_1_0,-1.0,-1.0,0.0,0,none,0.0,2026-05-26 01:05:43,0
site11_617_grid_0_0,-1.0,-1.0,0.0,0,none,0.0,2026-05-26 01:05:43,0
site11_617_grid_1_0,-1.0,-1.0,0.0,0,none,0.0,2026-05-26 01:05:43,0
site11_618_grid_1_1,-1.0,-1.0,0.0,0,none,0.0,2026-05-26 01:05:43,0
site11_61_grid_1_0,-1.0,-1.0,0.0,0,none,0.0,2026-05-26 01:05:43,0
site11_620_grid_0_0,-1.0,-1.0,0.0,0,none,0.0,2026-05-26 01:05:43,0
site11_620_grid_1_1,-1.0,-1.0,0.0,0,none,0.0,2026-05-26 01:05:43,0
site11_626_grid_0_0,-1.0,-1.0,0.0,0,none,0.0,2026-05-26 01:05:43,0
site11_626_grid_1_1,-1.0,-1.0,0.0,0,none,0.0,2026-05-26 01:05:43,0
site11_627_grid_1_1,-1.0,-1.0,0.0,0,none,0.0,2026-05-26 01:05:43,0
site11_628_grid_0_1,-1.0,-1.0,0.0,0,none,0.0,2026-05-26 01:05:43,0
site11_628_grid_1_1,-1.0,-1.0,0.0,0,none,0.0,2026-05-26 01:05:43,0
site11_629_grid_0_0,-1.0,-1.0,0.0,0,none,0.0,2026-05-26 01:05:43,0
site11_62_grid_0_0,-1.0,-1.0,0.0,0,none,0.0,2026-05-26 01:05:43,0
site11_630_grid_0_0,-1.0,-1.0,0.0,0,none,0.0,2026-05-26 01:05:43,0
site11_630_grid_0_1,-1.0,-1.0,0.0,0,none,0.0,2026-05-26 01:05:43,0
site11_631_grid_0_1,-1.0,-1.0,0.0,0,none,0.0,2026-05-26 01:05:43,0
site11_632_grid_0_1,-1.0,-1.0,0.0,0,none,0.0,2026-05-26 01:05:43,0
site11_633_grid_1_0,-1.0,-1.0,0.0,0,none,0.0,2026-05-26 01:05:43,0
site11_633_grid_1_1,-1.0,-1.0,0.0,0,none,0.0,2026-05-26 01:05:43,0
site11_636_grid_0_1,-1.0,-1.0,0.0,0,none,0.0,2026-05-26 01:05:43,0
site11_637_grid_0_1,-1.0,-1.0,0.0,0,none,0.0,2026-05-26 01:05:43,0
site11_637_grid_1_0,-1.0,-1.0,0.0,0,none,0.0,2026-05-26 01:05:43,0
site11_638_grid_0_1,-1.0,-1.0,0.0,0,none,0.0,2026-05-26 01:05:43,0
site11_638_grid_1_1,-1.0,-1.0,0.0,0,none,0.0,2026-05-26 01:05:43,0
site11_639_grid_0_0,-1.0,-1.0,0.0,0,none,0.0,2026-05-26 01:05:43,0
site11_639_grid_1_0,-1.0,-1.0,0.0,0,none,0.0,2026-05-26 01:05:43,0
site11_640_grid_1_0,-1.0,-1.0,0.0,0,none,0.0,2026-05-26 01:05:43,0
site11_641_grid_1_0,-1.0,-1.0,0.0,0,none,0.0,2026-05-26 01:05:43,0
site11_641_grid_1_1,-1.0,-1.0,0.0,0,none,0.0,2026-05-26 01:05:43,0
site11_642_grid_0_1,-1.0,-1.0,0.0,0,none,0.0,2026-05-26 01:05:43,0
site11_643_grid_1_0,-1.0,-1.0,0.0,0,none,0.0,2026-05-26 01:05:43,0
site11_643_grid_1_1,-1.0,-1.0,0.0,0,none,0.0,2026-05-26 01:05:43,0
site11_645_grid_1_0,-1.0,-1.0,0.0,0,none,0.0,2026-05-26 01:05:43,0
site11_649_grid_1_1,-1.0,-1.0,0.0,0,none,0.0,2026-05-26 01:05:43,0
site11_650_grid_0_0,-1.0,-1.0,0.0,0,none,0.0,2026-05-26 01:05:43,0
site11_651_grid_1_1,-1.0,-1.0,0.0,0,none,0.0,2026-05-26 01:05:43,0
site11_653_grid_0_0,-1.0,-1.0,0.0,0,none,0.0,2026-05-26 01:05:43,0
site11_660_grid_0_0,-1.0,-1.0,0.0,0,none,0.0,2026-05-26 01:05:43,0
site11_660_grid_0_1,-1.0,-1.0,0.0,0,none,0.0,2026-05-26 01:05:43,0
site11_661_grid_1_0,-1.0,-1.0,0.0,0,none,0.0,2026-05-26 01:05:43,0
site11_663_grid_0_0,-1.0,-1.0,0.0,0,none,0.0,2026-05-26 01:05:43,0
site11_664_grid_1_1,-1.0,-1.0,0.0,0,none,0.0,2026-05-26 01:05:43,0
site11_666_grid_1_0,-1.0,-1.0,0.0,0,none,0.0,2026-05-26 01:05:43,0
site11_670_grid_0_1,-1.0,-1.0,0.0,0,none,0.0,2026-05-26 01:05:43,0
site11_674_grid_0_0,-1.0,-1.0,0.0,0,none,0.0,2026-05-26 01:05:43,0
site11_674_grid_0_1,-1.0,-1.0,0.0,0,none,0.0,2026-05-26 01:05:43,0
site11_676_grid_0_0,-1.0,-1.0,0.0,0,none,0.0,2026-05-26 01:05:43,0
site11_676_grid_1_0,-1.0,-1.0,0.0,0,none,0.0,2026-05-26 01:05:43,0
site11_677_grid_1_1,-1.0,-1.0,0.0,0,none,0.0,2026-05-26 01:05:43,0
site11_678_grid_0_1,-1.0,-1.0,0.0,0,none,0.0,2026-05-26 01:05:43,0
site11_683_grid_0_0,-1.0,-1.0,0.0,0,none,0.0,2026-05-26 01:05:43,0
site11_685_grid_0_0,-1.0,-1.0,0.0,0,none,0.0,2026-05-26 01:05:43,0
site11_685_grid_0_1,-1.0,-1.0,0.0,0,none,0.0,2026-05-26 01:05:43,0
site11_686_grid_1_1,-1.0,-1.0,0.0,0,none,0.0,2026-05-26 01:05:43,0
site11_687_grid_0_0,-1.0,-1.0,0.0,0,none,0.0,2026-05-26 01:05:43,0
site11_688_grid_0_0,-1.0,-1.0,0.0,0,none,0.0,2026-05-26 01:05:43,0
site11_688_grid_1_1,-1.0,-1.0,0.0,0,none,0.0,2026-05-26 01:05:43,0
site11_689_grid_1_0,-1.0,-1.0,0.0,0,none,0.0,2026-05-26 01:05:43,0
site11_689_grid_1_1,-1.0,-1.0,0.0,0,none,0.0,2026-05-26 01:05:43,0
site11_690_grid_1_0,-1.0,-1.0,0.0,0,none,0.0,2026-05-26 01:05:43,0
site11_690_grid_1_1,-1.0,-1.0,0.0,0,none,0.0,2026-05-26 01:05:43,0
site11_691_grid_1_1,-1.0,-1.0,0.0,0,none,0.0,2026-05-26 01:05:43,0
site11_692_grid_0_0,-1.0,-1.0,0.0,0,none,0.0,2026-05-26 01:05:43,0
site11_693_grid_1_1,-1.0,-1.0,0.0,0,none,0.0,2026-05-26 01:05:43,0
site11_694_grid_1_1,-1.0,-1.0,0.0,0,none,0.0,2026-05-26 01:05:43,0
site11_695_grid_1_1,-1.0,-1.0,0.0,0,none,0.0,2026-05-26 01:05:43,0
site11_696_grid_0_0,-1.0,-1.0,0.0,0,none,0.0,2026-05-26 01:05:43,0
site11_697_grid_0_1,-1.0,-1.0,0.0,0,none,0.0,2026-05-26 01:05:43,0
site11_697_grid_1_0,-1.0,-1.0,0.0,0,none,0.0,2026-05-26 01:05:43,0
site11_697_grid_1_1,-1.0,-1.0,0.0,0,none,0.0,2026-05-26 01:05:43,0
site11_699_grid_0_1,-1.0,-1.0,0.0,0,none,0.0,2026-05-26 01:05:43,0
site11_699_grid_1_1,-1.0,-1.0,0.0,0,none,0.0,2026-05-26 01:05:43,0
site11_6_grid_0_1,-1.0,-1.0,0.0,0,none,0.0,2026-05-26 01:05:43,0
site11_6_grid_1_0,-1.0,-1.0,0.0,0,none,0.0,2026-05-26 01:05:43,0
site11_700_grid_1_0,-1.0,-1.0,0.0,0,none,0.0,2026-05-26 01:05:43,0
site11_704_grid_1_0,-1.0,-1.0,0.0,0,none,0.0,2026-05-26 01:05:43,0
site11_707_grid_1_0,-1.0,-1.0,0.0,0,none,0.0,2026-05-26 01:05:43,0
site11_709_grid_0_0,-1.0,-1.0,0.0,0,none,0.0,2026-05-26 01:05:43,0
site11_710_grid_1_0,-1.0,-1.0,0.0,0,none,0.0,2026-05-26 01:05:43,0
site11_711_grid_1_1,-1.0,-1.0,0.0,0,none,0.0,2026-05-26 01:05:43,0
site11_712_grid_0_0,-1.0,-1.0,0.0,0,none,0.0,2026-05-26 01:05:43,0
site11_712_grid_0_1,-1.0,-1.0,0.0,0,none,0.0,2026-05-26 01:05:43,0
site11_717_grid_0_1,-1.0,-1.0,0.0,0,none,0.0,2026-05-26 01:05:43,0
site11_718_grid_0_0,-1.0,-1.0,0.0,0,none,0.0,2026-05-26 01:05:43,0
site11_720_grid_1_0,-1.0,-1.0,0.0,0,none,0.0,2026-05-26 01:05:43,0
site11_723_grid_0_1,-1.0,-1.0,0.0,0,none,0.0,2026-05-26 01:05:43,0
site11_723_grid_1_1,-1.0,-1.0,0.0,0,none,0.0,2026-05-26 01:05:43,0
site11_724_grid_0_0,-1.0,-1.0,0.0,0,none,0.0,2026-05-26 01:05:43,0
site11_724_grid_0_1,-1.0,-1.0,0.0,0,none,0.0,2026-05-26 01:05:43,0
site11_725_grid_1_1,-1.0,-1.0,0.0,0,none,0.0,2026-05-26 01:05:43,0
site11_727_grid_1_1,-1.0,-1.0,0.0,0,none,0.0,2026-05-26 01:05:43,0
site11_728_grid_0_1,-1.0,-1.0,0.0,0,none,0.0,2026-05-26 01:05:43,0
site11_72_grid_0_1,-1.0,-1.0,0.0,0,none,0.0,2026-05-26 01:05:43,0
site11_730_grid_0_0,-1.0,-1.0,0.0,0,none,0.0,2026-05-26 01:05:43,0
site11_730_grid_1_0,-1.0,-1.0,0.0,0,none,0.0,2026-05-26 01:05:43,0
site11_731_grid_0_0,-1.0,-1.0,0.0,0,none,0.0,2026-05-26 01:05:43,0
site11_731_grid_1_0,-1.0,-1.0,0.0,0,none,0.0,2026-05-26 01:05:43,0
site11_731_grid_1_1,-1.0,-1.0,0.0,0,none,0.0,2026-05-26 01:05:43,0
site11_732_grid_0_1,-1.0,-1.0,0.0,0,none,0.0,2026-05-26 01:05:43,0
site11_732_grid_1_0,-1.0,-1.0,0.0,0,none,0.0,2026-05-26 01:05:43,0
site11_733_grid_1_1,-1.0,-1.0,0.0,0,none,0.0,2026-05-26 01:05:43,0
site11_734_grid_0_0,-1.0,-1.0,0.0,0,none,0.0,2026-05-26 01:05:43,0
site11_737_grid_1_1,-1.0,-1.0,0.0,0,none,0.0,2026-05-26 01:05:43,0
site11_738_grid_1_0,-1.0,-1.0,0.0,0,none,0.0,2026-05-26 01:05:43,0
site11_73_grid_1_1,-1.0,-1.0,0.0,0,none,0.0,2026-05-26 01:05:43,0
site11_740_grid_0_1,-1.0,-1.0,0.0,0,none,0.0,2026-05-26 01:05:43,0
site11_740_grid_1_1,-1.0,-1.0,0.0,0,none,0.0,2026-05-26 01:05:43,0
site11_741_grid_0_1,-1.0,-1.0,0.0,0,none,0.0,2026-05-26 01:05:43,0
site11_741_grid_1_1,-1.0,-1.0,0.0,0,none,0.0,2026-05-26 01:05:43,0
site11_742_grid_1_1,-1.0,-1.0,0.0,0,none,0.0,2026-05-26 01:05:43,0
site11_744_grid_0_0,-1.0,-1.0,0.0,0,none,0.0,2026-05-26 01:05:43,0
site11_744_grid_0_1,-1.0,-1.0,0.0,0,none,0.0,2026-05-26 01:05:43,0
site11_745_grid_1_1,-1.0,-1.0,0.0,0,none,0.0,2026-05-26 01:05:43,0
site11_751_grid_0_0,-1.0,-1.0,0.0,0,none,0.0,2026-05-26 01:05:43,0
site11_751_grid_0_1,-1.0,-1.0,0.0,0,none,0.0,2026-05-26 01:05:43,0
site11_753_grid_1_0,-1.0,-1.0,0.0,0,none,0.0,2026-05-26 01:05:43,0
site11_754_grid_0_1,-1.0,-1.0,0.0,0,none,0.0,2026-05-26 01:05:43,0
site11_754_grid_1_0,-1.0,-1.0,0.0,0,none,0.0,2026-05-26 01:05:43,0
site11_756_grid_1_0,-1.0,-1.0,0.0,0,none,0.0,2026-05-26 01:05:43,0
site11_756_grid_1_1,-1.0,-1.0,0.0,0,none,0.0,2026-05-26 01:05:43,0
site11_757_grid_0_0,-1.0,-1.0,0.0,0,none,0.0,2026-05-26 01:05:43,0
site11_757_grid_1_0,-1.0,-1.0,0.0,0,none,0.0,2026-05-26 01:05:43,0
site11_758_grid_0_0,-1.0,-1.0,0.0,0,none,0.0,2026-05-26 01:05:43,0
site11_760_grid_0_0,-1.0,-1.0,0.0,0,none,0.0,2026-05-26 01:05:43,0
site11_760_grid_0_1,-1.0,-1.0,0.0,0,none,0.0,2026-05-26 01:05:43,0
site11_761_grid_1_1,-1.0,-1.0,0.0,0,none,0.0,2026-05-26 01:05:43,0
site11_762_grid_0_0,-1.0,-1.0,0.0,0,none,0.0,2026-05-26 01:05:43,0
site11_762_grid_0_1,-1.0,-1.0,0.0,0,none,0.0,2026-05-26 01:05:43,0
site11_768_grid_0_0,-1.0,-1.0,0.0,0,none,0.0,2026-05-26 01:05:43,0
site11_769_grid_0_0,-1.0,-1.0,0.0,0,none,0.0,2026-05-26 01:05:43,0
site11_769_grid_1_1,-1.0,-1.0,0.0,0,none,0.0,2026-05-26 01:05:43,0
site11_771_grid_0_0,-1.0,-1.0,0.0,0,none,0.0,2026-05-26 01:05:43,0
site11_771_grid_1_0,-1.0,-1.0,0.0,0,none,0.0,2026-05-26 01:05:43,0
site11_772_grid_0_1,-1.0,-1.0,0.0,0,none,0.0,2026-05-26 01:05:43,0
site11_774_grid_0_0,-1.0,-1.0,0.0,0,none,0.0,2026-05-26 01:05:43,0
site11_774_grid_1_0,-1.0,-1.0,0.0,0,none,0.0,2026-05-26 01:05:43,0
site11_774_grid_1_1,-1.0,-1.0,0.0,0,none,0.0,2026-05-26 01:05:43,0
site11_776_grid_0_0,-1.0,-1.0,0.0,0,none,0.0,2026-05-26 01:05:43,0
site11_777_grid_1_1,-1.0,-1.0,0.0,0,none,0.0,2026-05-26 01:05:43,0
site11_778_grid_0_0,-1.0,-1.0,0.0,0,none,0.0,2026-05-26 01:05:43,0
site11_778_grid_0_1,-1.0,-1.0,0.0,0,none,0.0,2026-05-26 01:05:43,0
site11_778_grid_1_0,-1.0,-1.0,0.0,0,none,0.0,2026-05-26 01:05:43,0
site11_779_grid_1_0,-1.0,-1.0,0.0,0,none,0.0,2026-05-26 01:05:43,0
site11_779_grid_1_1,-1.0,-1.0,0.0,0,none,0.0,2026-05-26 01:05:43,0
site11_77_grid_0_0,-1.0,-1.0,0.0,0,none,0.0,2026-05-26 01:05:43,0
site11_77_grid_0_1,-1.0,-1.0,0.0,0,none,0.0,2026-05-26 01:05:43,0
site11_780_grid_1_1,-1.0,-1.0,0.0,0,none,0.0,2026-05-26 01:05:43,0
site11_785_grid_0_1,-1.0,-1.0,0.0,0,none,0.0,2026-05-26 01:05:43,0
site11_786_grid_0_1,-1.0,-1.0,0.0,0,none,0.0,2026-05-26 01:05:43,0
site11_788_grid_0_1,-1.0,-1.0,0.0,0,none,0.0,2026-05-26 01:05:43,0
site11_788_grid_1_0,-1.0,-1.0,0.0,0,none,0.0,2026-05-26 01:05:43,0
site11_789_grid_0_0,-1.0,-1.0,0.0,0,none,0.0,2026-05-26 01:05:43,0
site11_78_grid_0_1,-1.0,-1.0,0.0,0,none,0.0,2026-05-26 01:05:43,0
site11_792_grid_0_1,-1.0,-1.0,0.0,0,none,0.0,2026-05-26 01:05:43,0
site11_793_grid_1_0,-1.0,-1.0,0.0,0,none,0.0,2026-05-26 01:05:43,0
site11_795_grid_1_1,-1.0,-1.0,0.0,0,none,0.0,2026-05-26 01:05:43,0
site11_796_grid_0_0,-1.0,-1.0,0.0,0,none,0.0,2026-05-26 01:05:43,0
site11_796_grid_1_0,-1.0,-1.0,0.0,0,none,0.0,2026-05-26 01:05:43,0
site11_798_grid_0_0,-1.0,-1.0,0.0,0,none,0.0,2026-05-26 01:05:43,0
site11_798_grid_1_0,-1.0,-1.0,0.0,0,none,0.0,2026-05-26 01:05:43,0
site11_798_grid_1_1,-1.0,-1.0,0.0,0,none,0.0,2026-05-26 01:05:43,0
site11_7_grid_0_0,-1.0,-1.0,0.0,0,none,0.0,2026-05-26 01:05:43,0
site11_7_grid_1_0,-1.0,-1.0,0.0,0,none,0.0,2026-05-26 01:05:43,0
site11_801_grid_1_1,-1.0,-1.0,0.0,0,none,0.0,2026-05-26 01:05:43,0
site11_802_grid_1_0,-1.0,-1.0,0.0,0,none,0.0,2026-05-26 01:05:43,0
site11_803_grid_0_0,-1.0,-1.0,0.0,0,none,0.0,2026-05-26 01:05:43,0
site11_805_grid_0_1,-1.0,-1.0,0.0,0,none,0.0,2026-05-26 01:05:43,0
site11_805_grid_1_1,-1.0,-1.0,0.0,0,none,0.0,2026-05-26 01:05:43,0
site11_808_grid_0_1,-1.0,-1.0,0.0,0,none,0.0,2026-05-26 01:05:43,0
site11_80_grid_1_1,-1.0,-1.0,0.0,0,none,0.0,2026-05-26 01:05:43,0
site11_81_grid_0_1,-1.0,-1.0,0.0,0,none,0.0,2026-05-26 01:05:43,0
site11_81_grid_1_1,-1.0,-1.0,0.0,0,none,0.0,2026-05-26 01:05:43,0
site11_820_grid_1_1,-1.0,-1.0,0.0,0,none,0.0,2026-05-26 01:05:43,0
site11_822_grid_0_0,-1.0,-1.0,0.0,0,none,0.0,2026-05-26 01:05:43,0
site11_825_grid_1_0,-1.0,-1.0,0.0,0,none,0.0,2026-05-26 01:05:43,0
site11_826_grid_0_1,-1.0,-1.0,0.0,0,none,0.0,2026-05-26 01:05:43,0
site11_826_grid_1_0,-1.0,-1.0,0.0,0,none,0.0,2026-05-26 01:05:43,0
site11_827_grid_0_1,-1.0,-1.0,0.0,0,none,0.0,2026-05-26 01:05:43,0
site11_827_grid_1_0,-1.0,-1.0,0.0,0,none,0.0,2026-05-26 01:05:43,0
site11_827_grid_1_1,-1.0,-1.0,0.0,0,none,0.0,2026-05-26 01:05:43,0
site11_828_grid_0_1,-1.0,-1.0,0.0,0,none,0.0,2026-05-26 01:05:43,0
site11_828_grid_1_0,-1.0,-1.0,0.0,0,none,0.0,2026-05-26 01:05:43,0
site11_829_grid_1_1,-1.0,-1.0,0.0,0,none,0.0,2026-05-26 01:05:43,0
site11_82_grid_0_1,-1.0,-1.0,0.0,0,none,0.0,2026-05-26 01:05:43,0
site11_831_grid_1_0,-1.0,-1.0,0.0,0,none,0.0,2026-05-26 01:05:43,0
site11_831_grid_1_1,-1.0,-1.0,0.0,0,none,0.0,2026-05-26 01:05:43,0
site11_833_grid_1_0,-1.0,-1.0,0.0,0,none,0.0,2026-05-26 01:05:43,0
site11_834_grid_0_0,-1.0,-1.0,0.0,0,none,0.0,2026-05-26 01:05:43,0
site11_834_grid_0_1,-1.0,-1.0,0.0,0,none,0.0,2026-05-26 01:05:43,0
site11_835_grid_0_0,-1.0,-1.0,0.0,0,none,0.0,2026-05-26 01:05:43,0
site11_836_grid_0_0,-1.0,-1.0,0.0,0,none,0.0,2026-05-26 01:05:43,0
site11_836_grid_1_0,-1.0,-1.0,0.0,0,none,0.0,2026-05-26 01:05:43,0
site11_836_grid_1_1,-1.0,-1.0,0.0,0,none,0.0,2026-05-26 01:05:43,0
site11_837_grid_1_1,-1.0,-1.0,0.0,0,none,0.0,2026-05-26 01:05:43,0
site11_838_grid_0_1,-1.0,-1.0,0.0,0,none,0.0,2026-05-26 01:05:43,0
site11_838_grid_1_0,-1.0,-1.0,0.0,0,none,0.0,2026-05-26 01:05:43,0
site11_83_grid_0_1,-1.0,-1.0,0.0,0,none,0.0,2026-05-26 01:05:43,0
site11_842_grid_0_0,-1.0,-1.0,0.0,0,none,0.0,2026-05-26 01:05:43,0
site11_843_grid_0_1,-1.0,-1.0,0.0,0,none,0.0,2026-05-26 01:05:43,0
site11_845_grid_1_1,-1.0,-1.0,0.0,0,none,0.0,2026-05-26 01:05:43,0
site11_84_grid_0_0,-1.0,-1.0,0.0,0,none,0.0,2026-05-26 01:05:43,0
site11_84_grid_0_1,-1.0,-1.0,0.0,0,none,0.0,2026-05-26 01:05:43,0
site11_84_grid_1_0,-1.0,-1.0,0.0,0,none,0.0,2026-05-26 01:05:43,0
site11_856_grid_0_0,-1.0,-1.0,0.0,0,none,0.0,2026-05-26 01:05:43,0
site11_856_grid_1_0,-1.0,-1.0,0.0,0,none,0.0,2026-05-26 01:05:43,0
site11_857_grid_0_0,-1.0,-1.0,0.0,0,none,0.0,2026-05-26 01:05:43,0
site11_857_grid_1_0,-1.0,-1.0,0.0,0,none,0.0,2026-05-26 01:05:43,0
site11_858_grid_0_0,-1.0,-1.0,0.0,0,none,0.0,2026-05-26 01:05:43,0
site11_858_grid_0_1,-1.0,-1.0,0.0,0,none,0.0,2026-05-26 01:05:43,0
site11_858_grid_1_0,-1.0,-1.0,0.0,0,none,0.0,2026-05-26 01:05:43,0
site11_858_grid_1_1,-1.0,-1.0,0.0,0,none,0.0,2026-05-26 01:05:43,0
site11_85_grid_1_0,-1.0,-1.0,0.0,0,none,0.0,2026-05-26 01:05:43,0
site11_863_grid_1_1,-1.0,-1.0,0.0,0,none,0.0,2026-05-26 01:05:43,0
site11_864_grid_1_0,-1.0,-1.0,0.0,0,none,0.0,2026-05-26 01:05:43,0
site11_866_grid_0_0,-1.0,-1.0,0.0,0,none,0.0,2026-05-26 01:05:43,0
site11_867_grid_1_1,-1.0,-1.0,0.0,0,none,0.0,2026-05-26 01:05:43,0
site11_869_grid_1_1,-1.0,-1.0,0.0,0,none,0.0,2026-05-26 01:05:43,0
site11_86_grid_1_1,-1.0,-1.0,0.0,0,none,0.0,2026-05-26 01:05:43,0
site11_870_grid_1_0,-1.0,-1.0,0.0,0,none,0.0,2026-05-26 01:05:43,0
site11_871_grid_0_0,-1.0,-1.0,0.0,0,none,0.0,2026-05-26 01:05:43,0
site11_871_grid_1_0,-1.0,-1.0,0.0,0,none,0.0,2026-05-26 01:05:43,0
site11_872_grid_0_0,-1.0,-1.0,0.0,0,none,0.0,2026-05-26 01:05:43,0
site11_872_grid_0_1,-1.0,-1.0,0.0,0,none,0.0,2026-05-26 01:05:43,0
site11_873_grid_1_1,-1.0,-1.0,0.0,0,none,0.0,2026-05-26 01:05:43,0
site11_876_grid_1_0,-1.0,-1.0,0.0,0,none,0.0,2026-05-26 01:05:43,0
site11_87_grid_0_0,-1.0,-1.0,0.0,0,none,0.0,2026-05-26 01:05:43,0
site11_881_grid_0_0,-1.0,-1.0,0.0,0,none,0.0,2026-05-26 01:05:43,0
site11_88_grid_0_0,-1.0,-1.0,0.0,0,none,0.0,2026-05-26 01:05:43,0
site11_88_grid_0_1,-1.0,-1.0,0.0,0,none,0.0,2026-05-26 01:05:43,0
site11_893_grid_0_0,-1.0,-1.0,0.0,0,none,0.0,2026-05-26 01:05:43,0
site11_894_grid_0_0,-1.0,-1.0,0.0,0,none,0.0,2026-05-26 01:05:43,0
site11_894_grid_1_0,-1.0,-1.0,0.0,0,none,0.0,2026-05-26 01:05:43,0
site11_895_grid_1_1,-1.0,-1.0,0.0,0,none,0.0,2026-05-26 01:05:43,0
site11_896_grid_0_0,-1.0,-1.0,0.0,0,none,0.0,2026-05-26 01:05:43,0
site11_896_grid_1_1,-1.0,-1.0,0.0,0,none,0.0,2026-05-26 01:05:43,0
site11_899_grid_1_0,-1.0,-1.0,0.0,0,none,0.0,2026-05-26 01:05:43,0
site11_89_grid_0_0,-1.0,-1.0,0.0,0,none,0.0,2026-05-26 01:05:43,0
site11_900_grid_0_0,-1.0,-1.0,0.0,0,none,0.0,2026-05-26 01:05:43,0
site11_902_grid_1_0,-1.0,-1.0,0.0,0,none,0.0,2026-05-26 01:05:43,0
site11_904_grid_0_0,-1.0,-1.0,0.0,0,none,0.0,2026-05-26 01:05:43,0
site11_904_grid_0_1,-1.0,-1.0,0.0,0,none,0.0,2026-05-26 01:05:43,0
site11_905_grid_1_1,-1.0,-1.0,0.0,0,none,0.0,2026-05-26 01:05:43,0
site11_909_grid_0_0,-1.0,-1.0,0.0,0,none,0.0,2026-05-26 01:05:43,0
site11_909_grid_1_0,-1.0,-1.0,0.0,0,none,0.0,2026-05-26 01:05:43,0
site11_90_grid_0_1,-1.0,-1.0,0.0,0,none,0.0,2026-05-26 01:05:43,0
site11_90_grid_1_1,-1.0,-1.0,0.0,0,none,0.0,2026-05-26 01:05:43,0
site11_910_grid_1_0,-1.0,-1.0,0.0,0,none,0.0,2026-05-26 01:05:43,0
site11_910_grid_1_1,-1.0,-1.0,0.0,0,none,0.0,2026-05-26 01:05:43,0
site11_912_grid_1_0,-1.0,-1.0,0.0,0,none,0.0,2026-05-26 01:05:43,0
site11_913_grid_1_1,-1.0,-1.0,0.0,0,none,0.0,2026-05-26 01:05:43,0
site11_91_grid_0_0,-1.0,-1.0,0.0,0,none,0.0,2026-05-26 01:05:43,0
site11_92_grid_0_0,-1.0,-1.0,0.0,0,none,0.0,2026-05-26 01:05:43,0
site11_930_grid_0_1,-1.0,-1.0,0.0,0,none,0.0,2026-05-26 01:05:43,0
site11_930_grid_1_1,-1.0,-1.0,0.0,0,none,0.0,2026-05-26 01:05:43,0
site11_932_grid_0_0,-1.0,-1.0,0.0,0,none,0.0,2026-05-26 01:05:43,0
site11_933_grid_0_0,-1.0,-1.0,0.0,0,none,0.0,2026-05-26 01:05:43,0
site11_933_grid_0_1,-1.0,-1.0,0.0,0,none,0.0,2026-05-26 01:05:43,0
site11_933_grid_1_0,-1.0,-1.0,0.0,0,none,0.0,2026-05-26 01:05:43,0
site11_936_grid_0_0,-1.0,-1.0,0.0,0,none,0.0,2026-05-26 01:05:43,0
site11_936_grid_1_0,-1.0,-1.0,0.0,0,none,0.0,2026-05-26 01:05:43,0
site11_937_grid_0_1,-1.0,-1.0,0.0,0,none,0.0,2026-05-26 01:05:43,0
site11_937_grid_1_0,-1.0,-1.0,0.0,0,none,0.0,2026-05-26 01:05:43,0
site11_938_grid_1_0,-1.0,-1.0,0.0,0,none,0.0,2026-05-26 01:05:43,0
site11_939_grid_1_0,-1.0,-1.0,0.0,0,none,0.0,2026-05-26 01:05:43,0
site11_93_grid_1_1,-1.0,-1.0,0.0,0,none,0.0,2026-05-26 01:05:43,0
site11_944_grid_1_0,-1.0,-1.0,0.0,0,none,0.0,2026-05-26 01:05:43,0
site11_945_grid_1_1,-1.0,-1.0,0.0,0,none,0.0,2026-05-26 01:05:43,0
site11_94_grid_0_1,-1.0,-1.0,0.0,0,none,0.0,2026-05-26 01:05:43,0
site11_95_grid_0_0,-1.0,-1.0,0.0,0,none,0.0,2026-05-26 01:05:43,0
site11_95_grid_1_1,-1.0,-1.0,0.0,0,none,0.0,2026-05-26 01:05:43,0
site11_96_grid_0_0,-1.0,-1.0,0.0,0,none,0.0,2026-05-26 01:05:43,0
site11_96_grid_1_0,-1.0,-1.0,0.0,0,none,0.0,2026-05-26 01:05:43,0
site11_97_grid_0_1,-1.0,-1.0,0.0,0,none,0.0,2026-05-26 01:05:43,0
site11_9_grid_1_0,-1.0,-1.0,0.0,0,none,0.0,2026-05-26 01:05:43,0
site12_100_grid_0_0,-1.0,-1.0,0.0,0,none,0.0,2026-05-26 01:05:43,0
site12_100_grid_1_1,468.78,232.13,6.1314,1,Wood,0.6731,2026-05-26 01:05:43,1
site12_103_grid_0_1,491.88,240.75,5.5828,6,Asbestos,0.5042,2026-05-26 01:05:43,1
site12_104_grid_0_0,232.04,261.73,37.3379,27,Asbestos,0.7502,2026-05-26 01:05:43,1
site12_105_grid_1_1,364.18,163.44,2.9976,1,Asbestos,0.5154,2026-05-26 01:05:43,1
site12_106_grid_1_0,385.25,303.15,3.8128,2,Asbestos,0.3985,2026-05-26 01:05:43,1
site12_107_grid_0_0,414.2,165.43,3.0289,1,Asbestos,0.5904,2026-05-26 01:05:43,1
site12_108_grid_1_0,488.75,280.7,8.5033,1,Asbestos,0.4788,2026-05-26 01:05:43,1
site12_109_grid_1_0,-1.0,-1.0,0.0,0,none,0.0,2026-05-26 01:05:43,0
site12_10_grid_1_1,-1.0,-1.0,0.0,0,none,0.0,2026-05-26 01:05:43,0
site12_114_grid_0_1,-1.0,-1.0,0.0,0,none,0.0,2026-05-26 01:05:43,0
site12_114_grid_1_1,-1.0,-1.0,0.0,0,none,0.0,2026-05-26 01:05:43,0
site12_115_grid_1_0,-1.0,-1.0,0.0,0,none,0.0,2026-05-26 01:05:43,0
site12_115_grid_1_1,-1.0,-1.0,0.0,0,none,0.0,2026-05-26 01:05:43,0
site12_121_grid_1_0,451.23,224.99,4.8149,2,Asbestos,0.533,2026-05-26 01:05:43,1
site12_122_grid_0_0,357.84,294.98,3.273,2,Asbestos,0.3396,2026-05-26 01:05:43,1
site12_122_grid_0_1,229.87,295.25,3.2646,2,Asbestos,0.3708,2026-05-26 01:05:43,1
site12_122_grid_1_0,347.95,348.76,2.6646,1,Asbestos,0.4139,2026-05-26 01:05:43,1
site12_124_grid_0_0,477.52,273.19,12.9623,1,Asbestos,0.6035,2026-05-26 01:05:43,1
site12_124_grid_1_1,-1.0,-1.0,0.0,0,none,0.0,2026-05-26 01:05:43,0
site12_126_grid_1_1,47.64,240.1,17.7322,2,Asbestos,0.401,2026-05-26 01:05:43,1
site12_129_grid_1_0,-1.0,-1.0,0.0,0,none,0.0,2026-05-26 01:05:43,0
site12_12_grid_1_1,-1.0,-1.0,0.0,0,none,0.0,2026-05-26 01:05:43,0
site12_130_grid_0_0,-1.0,-1.0,0.0,0,none,0.0,2026-05-26 01:05:43,0
site12_130_grid_1_0,-1.0,-1.0,0.0,0,none,0.0,2026-05-26 01:05:43,0
site12_133_grid_0_1,54.67,8.81,0.5077,1,Pallets,0.3597,2026-05-26 01:05:43,1
site12_133_grid_1_0,-1.0,-1.0,0.0,0,none,0.0,2026-05-26 01:05:43,0
site12_133_grid_1_1,-1.0,-1.0,0.0,0,none,0.0,2026-05-26 01:05:43,0
site12_136_grid_0_0,279.31,149.99,11.071,13,Pallets,0.8417,2026-05-26 01:05:43,1
site12_137_grid_1_0,12.11,167.23,0.5108,1,Pallets,0.4543,2026-05-26 01:05:43,1
site12_140_grid_0_1,396.35,265.72,43.4658,2,Asbestos,0.9142,2026-05-26 01:05:43,1
site12_141_grid_0_0,256.51,258.57,97.197,2,Asbestos,0.4113,2026-05-26 01:05:43,1
site12_141_grid_1_0,-1.0,-1.0,0.0,0,none,0.0,2026-05-26 01:05:43,0
site12_142_grid_1_0,188.39,266.62,64.7831,3,Asbestos,0.4426,2026-05-26 01:05:43,1
site12_143_grid_1_0,-1.0,-1.0,0.0,0,none,0.0,2026-05-26 01:05:43,0
site12_145_grid_0_0,-1.0,-1.0,0.0,0,none,0.0,2026-05-26 01:05:43,0
site12_149_grid_1_0,-1.0,-1.0,0.0,0,none,0.0,2026-05-26 01:05:43,0
site12_14_grid_0_1,-1.0,-1.0,0.0,0,none,0.0,2026-05-26 01:05:43,0
site12_150_grid_1_1,-1.0,-1.0,0.0,0,none,0.0,2026-05-26 01:05:43,0
site12_151_grid_0_0,-1.0,-1.0,0.0,0,none,0.0,2026-05-26 01:05:43,0
site12_151_grid_1_1,-1.0,-1.0,0.0,0,none,0.0,2026-05-26 01:05:43,0
site12_153_grid_1_1,-1.0,-1.0,0.0,0,none,0.0,2026-05-26 01:05:43,0
site12_154_grid_0_0,-1.0,-1.0,0.0,0,none,0.0,2026-05-26 01:05:43,0
site12_156_grid_0_1,388.46,60.61,11.5013,1,Asbestos,0.9151,2026-05-26 01:05:43,1
site12_156_grid_1_0,-1.0,-1.0,0.0,0,none,0.0,2026-05-26 01:05:43,0
site12_165_grid_0_0,-1.0,-1.0,0.0,0,none,0.0,2026-05-26 01:05:43,0
site12_165_grid_0_1,-1.0,-1.0,0.0,0,none,0.0,2026-05-26 01:05:43,0
site12_165_grid_1_0,-1.0,-1.0,0.0,0,none,0.0,2026-05-26 01:05:43,0
site12_167_grid_0_1,-1.0,-1.0,0.0,0,none,0.0,2026-05-26 01:05:43,0
site12_167_grid_1_1,-1.0,-1.0,0.0,0,none,0.0,2026-05-26 01:05:43,0
site12_169_grid_0_0,480.45,426.45,4.2992,1,Asbestos,0.8614,2026-05-26 01:05:43,1
site12_170_grid_1_1,242.57,390.52,46.3905,1,Asbestos,0.578,2026-05-26 01:05:43,1
site12_171_grid_1_1,115.27,420.23,15.6418,2,Asbestos,0.7443,2026-05-26 01:05:43,1
site12_173_grid_0_1,-1.0,-1.0,0.0,0,none,0.0,2026-05-26 01:05:43,0
site12_177_grid_1_1,-1.0,-1.0,0.0,0,none,0.0,2026-05-26 01:05:43,0
site12_178_grid_0_0,-1.0,-1.0,0.0,0,none,0.0,2026-05-26 01:05:43,0
site12_17_grid_1_1,-1.0,-1.0,0.0,0,none,0.0,2026-05-26 01:05:43,0
site12_180_grid_1_1,-1.0,-1.0,0.0,0,none,0.0,2026-05-26 01:05:43,0
site12_181_grid_1_0,-1.0,-1.0,0.0,0,none,0.0,2026-05-26 01:05:43,0
site12_182_grid_0_1,-1.0,-1.0,0.0,0,none,0.0,2026-05-26 01:05:43,0
site12_184_grid_1_1,-1.0,-1.0,0.0,0,none,0.0,2026-05-26 01:05:43,0
site12_185_grid_0_1,408.33,48.99,8.1753,1,Asbestos,0.8872,2026-05-26 01:05:43,1
site12_187_grid_0_1,109.2,111.04,18.4505,1,Asbestos,0.9571,2026-05-26 01:05:43,1
site12_189_grid_0_0,-1.0,-1.0,0.0,0,none,0.0,2026-05-26 01:05:43,0
site12_18_grid_0_1,-1.0,-1.0,0.0,0,none,0.0,2026-05-26 01:05:43,0
site12_18_grid_1_1,-1.0,-1.0,0.0,0,none,0.0,2026-05-26 01:05:43,0
site12_190_grid_1_0,-1.0,-1.0,0.0,0,none,0.0,2026-05-26 01:05:43,0
site12_194_grid_0_0,-1.0,-1.0,0.0,0,none,0.0,2026-05-26 01:05:43,0
site12_194_grid_1_0,-1.0,-1.0,0.0,0,none,0.0,2026-05-26 01:05:43,0
site12_195_grid_1_0,-1.0,-1.0,0.0,0,none,0.0,2026-05-26 01:05:43,0
site12_195_grid_1_1,-1.0,-1.0,0.0,0,none,0.0,2026-05-26 01:05:43,0
site12_197_grid_0_0,-1.0,-1.0,0.0,0,none,0.0,2026-05-26 01:05:43,0
site12_197_grid_0_1,-1.0,-1.0,0.0,0,none,0.0,2026-05-26 01:05:43,0
site12_198_grid_0_1,-1.0,-1.0,0.0,0,none,0.0,2026-05-26 01:05:43,0
site12_19_grid_0_0,-1.0,-1.0,0.0,0,none,0.0,2026-05-26 01:05:43,0
site12_200_grid_0_0,-1.0,-1.0,0.0,0,none,0.0,2026-05-26 01:05:43,0
site12_201_grid_1_1,-1.0,-1.0,0.0,0,none,0.0,2026-05-26 01:05:43,0
site12_202_grid_0_1,-1.0,-1.0,0.0,0,none,0.0,2026-05-26 01:05:43,0
site12_202_grid_1_0,-1.0,-1.0,0.0,0,none,0.0,2026-05-26 01:05:43,0
site12_203_grid_1_1,-1.0,-1.0,0.0,0,none,0.0,2026-05-26 01:05:43,0
site12_204_grid_1_0,-1.0,-1.0,0.0,0,none,0.0,2026-05-26 01:05:43,0
site12_205_grid_0_0,-1.0,-1.0,0.0,0,none,0.0,2026-05-26 01:05:43,0
site12_205_grid_1_1,-1.0,-1.0,0.0,0,none,0.0,2026-05-26 01:05:43,0
site12_20_grid_0_1,-1.0,-1.0,0.0,0,none,0.0,2026-05-26 01:05:43,0
site12_22_grid_1_0,-1.0,-1.0,0.0,0,none,0.0,2026-05-26 01:05:43,0
site12_23_grid_0_0,-1.0,-1.0,0.0,0,none,0.0,2026-05-26 01:05:43,0
site12_23_grid_1_1,-1.0,-1.0,0.0,0,none,0.0,2026-05-26 01:05:43,0
site12_24_grid_0_1,-1.0,-1.0,0.0,0,none,0.0,2026-05-26 01:05:43,0
site12_25_grid_0_0,-1.0,-1.0,0.0,0,none,0.0,2026-05-26 01:05:43,0
site12_28_grid_1_1,-1.0,-1.0,0.0,0,none,0.0,2026-05-26 01:05:43,0
site12_31_grid_0_0,-1.0,-1.0,0.0,0,none,0.0,2026-05-26 01:05:43,0
site12_34_grid_1_0,289.86,21.29,6.2923,1,Plastic,0.732,2026-05-26 01:05:43,1
site12_35_grid_0_0,443.83,158.31,11.1156,2,Mixed items,0.455,2026-05-26 01:05:43,1
site12_35_grid_1_0,368.59,78.57,1.4561,1,Pallets,0.5835,2026-05-26 01:05:43,1
site12_35_grid_1_1,386.48,84.37,17.2379,2,Mixed items,0.4416,2026-05-26 01:05:43,1
site12_36_grid_0_1,117.85,307.43,14.2689,3,Vehicles,0.4898,2026-05-26 01:05:43,1
site12_38_grid_1_0,363.52,264.86,44.3668,6,Wood,0.572,2026-05-26 01:05:43,1
site12_39_grid_1_0,272.26,275.8,84.7355,2,Asbestos,0.8961,2026-05-26 01:05:43,1
site12_40_grid_0_0,261.1,301.69,77.6245,4,Asbestos,0.7277,2026-05-26 01:05:43,1
site12_41_grid_0_1,255.5,306.0,79.9599,1,Asbestos,0.5269,2026-05-26 01:05:43,1
site12_43_grid_0_1,244.52,303.09,76.3809,3,Asbestos,0.7034,2026-05-26 01:05:43,1
site12_44_grid_1_1,482.31,486.24,1.1353,1,Asbestos,0.9903,2026-05-26 01:05:43,1
site12_46_grid_0_1,-1.0,-1.0,0.0,0,none,0.0,2026-05-26 01:05:43,0
site12_51_grid_0_0,-1.0,-1.0,0.0,0,none,0.0,2026-05-26 01:05:43,0
site12_51_grid_0_1,-1.0,-1.0,0.0,0,none,0.0,2026-05-26 01:05:43,0
site12_52_grid_0_1,237.35,232.92,14.7095,3,Mixed items,0.4219,2026-05-26 01:05:43,1
site12_55_grid_0_0,19.31,231.66,2.5887,1,Asbestos,0.3063,2026-05-26 01:05:43,1
site12_55_grid_0_1,-1.0,-1.0,0.0,0,none,0.0,2026-05-26 01:05:43,0
site12_55_grid_1_1,-1.0,-1.0,0.0,0,none,0.0,2026-05-26 01:05:43,0
site12_58_grid_0_1,364.3,221.28,4.3388,2,Asbestos,0.3305,2026-05-26 01:05:43,1
site12_5_grid_1_1,-1.0,-1.0,0.0,0,none,0.0,2026-05-26 01:05:43,0
site12_60_grid_0_1,476.57,278.49,13.047,1,Asbestos,0.7042,2026-05-26 01:05:43,1
site12_61_grid_0_0,-1.0,-1.0,0.0,0,none,0.0,2026-05-26 01:05:43,0
site12_63_grid_0_1,253.33,306.89,79.4426,1,Asbestos,0.3899,2026-05-26 01:05:43,1
site12_63_grid_1_0,-1.0,-1.0,0.0,0,none,0.0,2026-05-26 01:05:43,0
site12_68_grid_0_0,-1.0,-1.0,0.0,0,none,0.0,2026-05-26 01:05:43,0
site12_68_grid_1_0,-1.0,-1.0,0.0,0,none,0.0,2026-05-26 01:05:43,0
site12_68_grid_1_1,-1.0,-1.0,0.0,0,none,0.0,2026-05-26 01:05:43,0
site12_71_grid_0_0,-1.0,-1.0,0.0,0,none,0.0,2026-05-26 01:05:43,0
site12_71_grid_0_1,-1.0,-1.0,0.0,0,none,0.0,2026-05-26 01:05:43,0
site12_73_grid_1_0,-1.0,-1.0,0.0,0,none,0.0,2026-05-26 01:05:43,0
site12_74_grid_0_1,167.63,200.45,49.5815,2,Asbestos,0.755,2026-05-26 01:05:43,1
site12_76_grid_1_0,25.56,137.27,5.4405,1,Asbestos,0.8373,2026-05-26 01:05:43,1
site12_77_grid_1_0,-1.0,-1.0,0.0,0,none,0.0,2026-05-26 01:05:43,0
site12_81_grid_1_1,-1.0,-1.0,0.0,0,none,0.0,2026-05-26 01:05:43,0
site12_85_grid_0_1,403.34,240.09,33.3176,24,Pallets,0.7537,2026-05-26 01:05:43,1
site12_87_grid_1_1,-1.0,-1.0,0.0,0,none,0.0,2026-05-26 01:05:43,0
site12_8_grid_0_0,-1.0,-1.0,0.0,0,none,0.0,2026-05-26 01:05:43,0
site12_8_grid_1_1,-1.0,-1.0,0.0,0,none,0.0,2026-05-26 01:05:43,0
site12_90_grid_1_0,246.77,157.67,5.0003,2,Vehicles,0.2873,2026-05-26 01:05:43,1
site12_91_grid_0_0,447.43,176.2,3.5973,2,Asbestos,0.4734,2026-05-26 01:05:43,1
site12_91_grid_1_0,442.57,158.67,2.7416,1,Asbestos,0.4151,2026-05-26 01:05:43,1
site12_92_grid_1_1,440.94,259.97,26.9939,1,Asbestos,0.2685,2026-05-26 01:05:43,1
site12_93_grid_0_1,-1.0,-1.0,0.0,0,none,0.0,2026-05-26 01:05:43,0
site12_94_grid_1_0,391.41,421.08,13.1508,1,Mixed items,0.3194,2026-05-26 01:05:43,1
site12_98_grid_0_1,-1.0,-1.0,0.0,0,none,0.0,2026-05-26 01:05:43,0
site12_99_grid_1_0,-1.0,-1.0,0.0,0,none,0.0,2026-05-26 01:05:43,0
site13_104_grid_0_0,-1.0,-1.0,0.0,0,none,0.0,2026-05-26 01:05:43,0
site13_105_grid_1_0,-1.0,-1.0,0.0,0,none,0.0,2026-05-26 01:05:43,0
site13_107_grid_1_0,226.07,340.44,63.3255,2,Construction and demolition materials,0.5316,2026-05-26 01:05:43,1
site13_107_grid_1_1,249.27,353.1,56.2996,6,Construction and demolition materials,0.638,2026-05-26 01:05:43,1
site13_108_grid_0_0,53.79,267.11,13.9164,14,Textile,0.6061,2026-05-26 01:05:43,1
site13_108_grid_0_1,-1.0,-1.0,0.0,0,none,0.0,2026-05-26 01:05:43,0
site13_109_grid_0_0,-1.0,-1.0,0.0,0,none,0.0,2026-05-26 01:05:43,0
site13_112_grid_1_1,-1.0,-1.0,0.0,0,none,0.0,2026-05-26 01:05:43,0
site13_114_grid_0_1,-1.0,-1.0,0.0,0,none,0.0,2026-05-26 01:05:43,0
site13_115_grid_0_1,66.65,243.77,23.8693,1,Rubble,0.4811,2026-05-26 01:05:43,1
site13_115_grid_1_1,63.39,188.73,18.8053,1,Rubble,0.8727,2026-05-26 01:05:43,1
site13_118_grid_1_0,232.06,308.71,70.6673,5,Construction and demolition materials,0.5156,2026-05-26 01:05:43,1
site13_119_grid_0_0,28.09,412.7,4.4266,1,Rubble,0.7378,2026-05-26 01:05:43,1
site13_122_grid_0_0,254.11,125.45,27.6695,2,Rubble,0.6087,2026-05-26 01:05:43,1
site13_123_grid_1_0,255.51,187.9,33.2668,5,Rubble,0.4727,2026-05-26 01:05:43,1
site13_124_grid_1_1,98.45,446.8,10.4176,1,Rubble,0.5763,2026-05-26 01:05:43,1
site13_125_grid_1_0,-1.0,-1.0,0.0,0,none,0.0,2026-05-26 01:05:43,0
site13_126_grid_0_0,369.83,339.24,37.9612,2,Pallets,0.8255,2026-05-26 01:05:43,1
site13_129_grid_0_1,-1.0,-1.0,0.0,0,none,0.0,2026-05-26 01:05:43,0
site13_129_grid_1_1,-1.0,-1.0,0.0,0,none,0.0,2026-05-26 01:05:43,0
site13_133_grid_0_0,-1.0,-1.0,0.0,0,none,0.0,2026-05-26 01:05:43,0
site13_134_grid_0_0,-1.0,-1.0,0.0,0,none,0.0,2026-05-26 01:05:43,0
site13_135_grid_0_1,34.38,284.74,5.891,1,Rubble,0.8963,2026-05-26 01:05:43,1
site13_136_grid_0_0,302.88,164.01,50.3727,8,Pallets,0.5886,2026-05-26 01:05:43,1
site13_137_grid_0_1,253.94,140.8,46.4878,3,Pallets,0.3934,2026-05-26 01:05:43,1
site13_138_grid_0_1,-1.0,-1.0,0.0,0,none,0.0,2026-05-26 01:05:43,0
site13_143_grid_0_0,-1.0,-1.0,0.0,0,none,0.0,2026-05-26 01:05:43,0
site13_144_grid_1_1,304.95,372.49,42.1177,1,Construction and demolition materials,0.893,2026-05-26 01:05:43,1
site13_145_grid_1_1,174.37,350.22,44.5274,3,Construction and demolition materials,0.4896,2026-05-26 01:05:43,1
site13_147_grid_0_1,258.82,77.45,29.8122,2,Pallets,0.469,2026-05-26 01:05:43,1
site13_148_grid_1_1,285.68,358.48,31.0017,40,Scrap,0.6119,2026-05-26 01:05:43,1
site13_149_grid_1_1,17.55,200.35,4.1721,1,Rubble,0.4343,2026-05-26 01:05:43,1
site13_151_grid_1_1,376.56,371.85,13.3411,8,Asbestos,0.48,2026-05-26 01:05:43,1
site13_152_grid_0_0,176.89,305.58,41.9193,2,Mixed items,0.617,2026-05-26 01:05:43,1
site13_152_grid_1_0,191.84,276.77,52.737,2,Mixed items,0.635,2026-05-26 01:05:43,1
site13_153_grid_0_0,118.81,393.91,22.7516,1,Rubble,0.809,2026-05-26 01:05:43,1
site13_154_grid_0_1,399.71,192.93,33.1635,1,Construction and demolition materials,0.7813,2026-05-26 01:05:43,1
site13_154_grid_1_0,468.66,132.87,8.8322,1,Construction and demolition materials,0.4217,2026-05-26 01:05:43,1
site13_157_grid_1_0,395.39,454.38,10.3886,1,Asbestos,0.8341,2026-05-26 01:05:43,1
site13_158_grid_0_0,394.08,272.39,4.5444,10,Tyres,0.5747,2026-05-26 01:05:43,1
site13_162_grid_1_0,96.68,306.28,19.0826,2,Asbestos,0.778,2026-05-26 01:05:43,1
site13_163_grid_1_0,218.02,242.7,29.6555,6,Scrap,0.596,2026-05-26 01:05:43,1
site13_163_grid_1_1,287.48,343.13,21.6774,4,Scrap,0.5329,2026-05-26 01:05:43,1
site13_164_grid_0_0,-1.0,-1.0,0.0,0,none,0.0,2026-05-26 01:05:43,0
site13_164_grid_1_1,-1.0,-1.0,0.0,0,none,0.0,2026-05-26 01:05:43,0
site13_165_grid_1_0,347.09,276.55,55.3364,3,Mixed items,0.3806,2026-05-26 01:05:43,1
site13_165_grid_1_1,266.58,281.09,72.7482,3,Mixed items,0.2657,2026-05-26 01:05:43,1
site13_166_grid_1_1,401.97,162.04,22.2603,3,Mixed items,0.3701,2026-05-26 01:05:43,1
site13_168_grid_0_0,423.67,291.35,6.3965,2,Asbestos,0.4541,2026-05-26 01:05:43,1
site13_168_grid_0_1,296.1,287.02,6.3595,2,Asbestos,0.4352,2026-05-26 01:05:43,1
site13_16_grid_0_0,223.47,212.15,19.9821,31,Scrap,0.593,2026-05-26 01:05:43,1
site13_173_grid_0_1,294.76,156.05,0.2087,1,Metal barrels,0.5335,2026-05-26 01:05:43,1
site13_174_grid_1_0,-1.0,-1.0,0.0,0,none,0.0,2026-05-26 01:05:43,0
site13_176_grid_0_1,467.8,154.79,10.0418,1,Mixed items,0.7227,2026-05-26 01:05:43,1
site13_176_grid_1_1,463.49,82.57,6.4323,1,Mixed items,0.4506,2026-05-26 01:05:43,1
site13_177_grid_1_0,254.02,135.82,47.9023,2,Mixed items,0.8917,2026-05-26 01:05:43,1
site13_178_grid_0_0,252.57,194.08,71.3573,2,Asbestos,0.7884,2026-05-26 01:05:43,1
site13_182_grid_0_0,185.92,281.77,3.5736,1,Asbestos,0.4859,2026-05-26 01:05:43,1
site13_182_grid_0_1,34.03,266.92,12.8666,1,Asbestos,0.4827,2026-05-26 01:05:43,1
site13_183_grid_0_1,-1.0,-1.0,0.0,0,none,0.0,2026-05-26 01:05:43,0
site13_183_grid_1_1,-1.0,-1.0,0.0,0,none,0.0,2026-05-26 01:05:43,0
site13_184_grid_0_1,-1.0,-1.0,0.0,0,none,0.0,2026-05-26 01:05:43,0
site13_185_grid_0_0,321.52,162.85,19.1471,2,Textile,0.4283,2026-05-26 01:05:43,1
site13_185_grid_1_1,383.46,61.45,11.6333,1,Mixed items,0.588,2026-05-26 01:05:43,1
site13_189_grid_1_0,243.29,26.8,0.8579,1,Pallets,0.899,2026-05-26 01:05:43,1
site13_18_grid_1_1,-1.0,-1.0,0.0,0,none,0.0,2026-05-26 01:05:43,0
site13_195_grid_0_1,247.23,476.61,3.891,2,Scrap,0.4968,2026-05-26 01:05:43,1
site13_195_grid_1_1,343.18,307.55,0.2266,1,Tyres,0.7345,2026-05-26 01:05:43,1
site13_196_grid_1_0,-1.0,-1.0,0.0,0,none,0.0,2026-05-26 01:05:43,0
site13_197_grid_0_0,-1.0,-1.0,0.0,0,none,0.0,2026-05-26 01:05:43,0
site13_197_grid_0_1,-1.0,-1.0,0.0,0,none,0.0,2026-05-26 01:05:43,0
site13_197_grid_1_0,-1.0,-1.0,0.0,0,none,0.0,2026-05-26 01:05:43,0
site13_197_grid_1_1,-1.0,-1.0,0.0,0,none,0.0,2026-05-26 01:05:43,0
site13_199_grid_0_1,463.52,135.89,8.1783,3,Mixed items,0.5046,2026-05-26 01:05:43,1
site13_203_grid_0_0,245.23,291.1,41.4036,1,Rubble,0.5924,2026-05-26 01:05:43,1
site13_205_grid_1_1,-1.0,-1.0,0.0,0,none,0.0,2026-05-26 01:05:43,0
site13_206_grid_0_1,-1.0,-1.0,0.0,0,none,0.0,2026-05-26 01:05:43,0
site13_208_grid_0_1,-1.0,-1.0,0.0,0,none,0.0,2026-05-26 01:05:43,0
site13_210_grid_1_0,244.36,286.77,61.7668,2,Scrap,0.6576,2026-05-26 01:05:43,1
site13_212_grid_0_1,-1.0,-1.0,0.0,0,none,0.0,2026-05-26 01:05:43,0
site13_213_grid_0_0,-1.0,-1.0,0.0,0,none,0.0,2026-05-26 01:05:43,0
site13_213_grid_1_0,-1.0,-1.0,0.0,0,none,0.0,2026-05-26 01:05:43,0
site13_215_grid_0_0,-1.0,-1.0,0.0,0,none,0.0,2026-05-26 01:05:43,0
site13_215_grid_0_1,-1.0,-1.0,0.0,0,none,0.0,2026-05-26 01:05:43,0
site13_215_grid_1_1,-1.0,-1.0,0.0,0,none,0.0,2026-05-26 01:05:43,0
site13_216_grid_0_0,-1.0,-1.0,0.0,0,none,0.0,2026-05-26 01:05:43,0
site13_216_grid_1_1,-1.0,-1.0,0.0,0,none,0.0,2026-05-26 01:05:43,0
site13_218_grid_0_1,-1.0,-1.0,0.0,0,none,0.0,2026-05-26 01:05:43,0
site13_24_grid_0_0,-1.0,-1.0,0.0,0,none,0.0,2026-05-26 01:05:43,0
site13_26_grid_0_0,255.53,356.31,23.2834,2,Asbestos,0.5322,2026-05-26 01:05:43,1
site13_26_grid_1_0,283.7,398.1,40.1123,1,Asbestos,0.7788,2026-05-26 01:05:43,1
site13_26_grid_1_1,-1.0,-1.0,0.0,0,none,0.0,2026-05-26 01:05:43,0
site13_31_grid_1_1,438.3,164.89,5.9921,1,Wood,0.4235,2026-05-26 01:05:43,1
site13_32_grid_0_1,314.87,319.62,42.654,3,Rubble,0.6537,2026-05-26 01:05:43,1
site13_32_grid_1_0,358.68,257.77,29.81,4,Scrap,0.5977,2026-05-26 01:05:43,1
site13_35_grid_0_0,-1.0,-1.0,0.0,0,none,0.0,2026-05-26 01:05:43,0
site13_35_grid_1_0,-1.0,-1.0,0.0,0,none,0.0,2026-05-26 01:05:43,0
site13_38_grid_0_0,-1.0,-1.0,0.0,0,none,0.0,2026-05-26 01:05:43,0
site13_38_grid_1_1,-1.0,-1.0,0.0,0,none,0.0,2026-05-26 01:05:43,0
site13_42_grid_0_0,416.74,266.5,17.1669,10,Scrap,0.6777,2026-05-26 01:05:43,1
site13_42_grid_0_1,330.2,254.63,24.2252,9,Plastic,0.7476,2026-05-26 01:05:43,1
site13_43_grid_0_1,241.1,396.86,20.9534,8,Scrap,0.5956,2026-05-26 01:05:43,1
site13_43_grid_1_0,294.54,272.31,16.6924,2,Scrap,0.4272,2026-05-26 01:05:43,1
site13_43_grid_1_1,240.7,268.97,21.0583,8,Scrap,0.6047,2026-05-26 01:05:43,1
site13_44_grid_1_1,-1.0,-1.0,0.0,0,none,0.0,2026-05-26 01:05:43,0
site13_45_grid_0_1,217.93,248.64,32.6347,6,Scrap,0.5427,2026-05-26 01:05:43,1
site13_46_grid_0_1,-1.0,-1.0,0.0,0,none,0.0,2026-05-26 01:05:43,0
site13_48_grid_1_1,-1.0,-1.0,0.0,0,none,0.0,2026-05-26 01:05:43,0
site13_51_grid_0_0,-1.0,-1.0,0.0,0,none,0.0,2026-05-26 01:05:43,0
site13_52_grid_0_0,495.09,174.02,1.4458,1,Pallets,0.328,2026-05-26 01:05:43,1
site13_53_grid_0_0,264.77,275.95,14.8647,14,Textile,0.7055,2026-05-26 01:05:43,1
site13_56_grid_1_1,298.07,156.53,30.1327,6,Scrap,0.5589,2026-05-26 01:05:43,1
site13_57_grid_0_0,131.2,140.97,18.8808,3,Scrap,0.5604,2026-05-26 01:05:43,1
site13_57_grid_1_0,177.39,57.68,6.5643,1,Scrap,0.6289,2026-05-26 01:05:43,1
site13_61_grid_0_1,446.12,438.65,7.3692,1,Scrap,0.3339,2026-05-26 01:05:43,1
site13_61_grid_1_0,288.24,438.27,4.1882,1,Scrap,0.3128,2026-05-26 01:05:43,1
site13_63_grid_0_0,250.64,209.06,33.3187,35,Scrap,0.6371,2026-05-26 01:05:43,1
site13_65_grid_0_0,40.26,472.01,2.6691,1,Rubble,0.5369,2026-05-26 01:05:43,1
site13_65_grid_1_0,93.8,413.36,13.0775,2,Rubble,0.466,2026-05-26 01:05:43,1
site13_66_grid_0_0,409.65,51.58,7.0606,4,Textile,0.4163,2026-05-26 01:05:43,1
site13_67_grid_0_1,-1.0,-1.0,0.0,0,none,0.0,2026-05-26 01:05:43,0
site13_6_grid_1_0,397.47,172.88,25.7969,5,Construction and demolition materials,0.5137,2026-05-26 01:05:43,1
site13_71_grid_0_1,288.23,245.11,55.2521,5,Scrap,0.4585,2026-05-26 01:05:43,1
site13_73_grid_0_1,-1.0,-1.0,0.0,0,none,0.0,2026-05-26 01:05:43,0
site13_74_grid_1_0,-1.0,-1.0,0.0,0,none,0.0,2026-05-26 01:05:43,0
site13_77_grid_0_0,77.21,309.32,24.9409,5,Mixed items,0.3992,2026-05-26 01:05:43,1
site13_77_grid_1_1,210.54,418.2,20.8241,3,Rubble,0.6408,2026-05-26 01:05:43,1
site13_79_grid_0_1,-1.0,-1.0,0.0,0,none,0.0,2026-05-26 01:05:43,0
site13_82_grid_1_1,-1.0,-1.0,0.0,0,none,0.0,2026-05-26 01:05:43,0
site13_83_grid_0_0,-1.0,-1.0,0.0,0,none,0.0,2026-05-26 01:05:43,0
site13_83_grid_1_1,-1.0,-1.0,0.0,0,none,0.0,2026-05-26 01:05:43,0
site13_84_grid_1_0,-1.0,-1.0,0.0,0,none,0.0,2026-05-26 01:05:43,0
site13_86_grid_1_1,310.07,256.86,74.0139,2,Rubble,0.6379,2026-05-26 01:05:43,1
site13_87_grid_0_1,-1.0,-1.0,0.0,0,none,0.0,2026-05-26 01:05:43,0
site13_93_grid_0_0,-1.0,-1.0,0.0,0,none,0.0,2026-05-26 01:05:43,0
site13_94_grid_0_0,-1.0,-1.0,0.0,0,none,0.0,2026-05-26 01:05:43,0
site13_95_grid_1_0,-1.0,-1.0,0.0,0,none,0.0,2026-05-26 01:05:43,0
site13_98_grid_0_1,-1.0,-1.0,0.0,0,none,0.0,2026-05-26 01:05:43,0
site13_99_grid_0_1,-1.0,-1.0,0.0,0,none,0.0,2026-05-26 01:05:43,0
site14_103_grid_0_0,-1.0,-1.0,0.0,0,none,0.0,2026-05-26 01:05:43,0
site14_104_grid_1_0,26.55,157.08,1.8356,1,Vehicles,0.2854,2026-05-26 01:05:43,1
site14_104_grid_1_1,-1.0,-1.0,0.0,0,none,0.0,2026-05-26 01:05:43,0
site14_108_grid_0_1,-1.0,-1.0,0.0,0,none,0.0,2026-05-26 01:05:43,0
site14_109_grid_0_1,-1.0,-1.0,0.0,0,none,0.0,2026-05-26 01:05:43,0
site14_111_grid_0_0,446.17,44.17,4.0306,4,Pallets,0.6789,2026-05-26 01:05:43,1
site14_111_grid_1_1,456.25,85.79,2.911,3,Textile,0.7174,2026-05-26 01:05:43,1
site14_112_grid_1_1,130.73,38.4,3.7811,5,Textile,0.743,2026-05-26 01:05:43,1
site14_113_grid_1_1,233.37,268.99,21.5557,4,Vehicles,0.6302,2026-05-26 01:05:43,1
site14_114_grid_0_0,189.91,262.83,13.0901,3,Vehicles,0.3369,2026-05-26 01:05:43,1
site14_114_grid_1_0,78.81,390.88,8.5934,1,Vehicles,0.3523,2026-05-26 01:05:43,1
site14_115_grid_0_1,-1.0,-1.0,0.0,0,none,0.0,2026-05-26 01:05:43,0
site14_118_grid_1_0,-1.0,-1.0,0.0,0,none,0.0,2026-05-26 01:05:43,0
site14_119_grid_0_0,-1.0,-1.0,0.0,0,none,0.0,2026-05-26 01:05:43,0
site14_11_grid_0_0,-1.0,-1.0,0.0,0,none,0.0,2026-05-26 01:05:43,0
site14_121_grid_0_0,-1.0,-1.0,0.0,0,none,0.0,2026-05-26 01:05:43,0
site14_123_grid_0_1,-1.0,-1.0,0.0,0,none,0.0,2026-05-26 01:05:43,0
site14_123_grid_1_0,-1.0,-1.0,0.0,0,none,0.0,2026-05-26 01:05:43,0
site14_125_grid_1_1,172.06,269.88,60.4507,1,Plastic,0.7714,2026-05-26 01:05:43,1
site14_126_grid_0_0,306.09,104.52,31.5758,2,Scrap,0.4018,2026-05-26 01:05:43,1
site14_126_grid_1_0,309.14,50.73,12.072,1,Scrap,0.7508,2026-05-26 01:05:43,1
site14_127_grid_0_0,70.32,53.08,6.237,1,Scrap,0.8678,2026-05-26 01:05:43,1
site14_127_grid_0_1,16.85,27.5,0.7469,1,Scrap,0.3215,2026-05-26 01:05:43,1
site14_128_grid_0_0,295.27,361.51,27.9526,4,Scrap,0.5331,2026-05-26 01:05:43,1
site14_128_grid_0_1,169.64,368.13,29.2297,3,Scrap,0.5368,2026-05-26 01:05:43,1
site14_12_grid_1_1,-1.0,-1.0,0.0,0,none,0.0,2026-05-26 01:05:43,0
site14_130_grid_1_1,-1.0,-1.0,0.0,0,none,0.0,2026-05-26 01:05:43,0
site14_132_grid_1_0,-1.0,-1.0,0.0,0,none,0.0,2026-05-26 01:05:43,0
site14_133_grid_0_0,-1.0,-1.0,0.0,0,none,0.0,2026-05-26 01:05:43,0
site14_134_grid_0_1,-1.0,-1.0,0.0,0,none,0.0,2026-05-26 01:05:43,0
site14_134_grid_1_0,-1.0,-1.0,0.0,0,none,0.0,2026-05-26 01:05:43,0
site14_136_grid_1_1,-1.0,-1.0,0.0,0,none,0.0,2026-05-26 01:05:43,0
site14_139_grid_0_1,-1.0,-1.0,0.0,0,none,0.0,2026-05-26 01:05:43,0
site14_13_grid_1_1,-1.0,-1.0,0.0,0,none,0.0,2026-05-26 01:05:43,0
site14_141_grid_1_0,-1.0,-1.0,0.0,0,none,0.0,2026-05-26 01:05:43,0
site14_141_grid_1_1,-1.0,-1.0,0.0,0,none,0.0,2026-05-26 01:05:43,0
site14_142_grid_1_0,396.8,108.39,12.1506,1,Scrap,0.2995,2026-05-26 01:05:43,1
site14_143_grid_0_0,-1.0,-1.0,0.0,0,none,0.0,2026-05-26 01:05:43,0
site14_144_grid_0_0,320.67,223.93,61.5845,5,Plastic,0.5635,2026-05-26 01:05:43,1
site14_146_grid_0_0,220.13,405.81,36.4651,2,Scrap,0.7138,2026-05-26 01:05:43,1
site14_146_grid_1_0,237.11,346.07,59.4746,2,Scrap,0.7056,2026-05-26 01:05:43,1
site14_148_grid_1_1,423.0,233.73,19.297,4,Scrap,0.5675,2026-05-26 01:05:43,1
site14_151_grid_0_0,-1.0,-1.0,0.0,0,none,0.0,2026-05-26 01:05:43,0
site14_153_grid_0_1,-1.0,-1.0,0.0,0,none,0.0,2026-05-26 01:05:43,0
site14_153_grid_1_0,-1.0,-1.0,0.0,0,none,0.0,2026-05-26 01:05:43,0
site14_155_grid_0_1,-1.0,-1.0,0.0,0,none,0.0,2026-05-26 01:05:43,0
site14_155_grid_1_1,-1.0,-1.0,0.0,0,none,0.0,2026-05-26 01:05:43,0
site14_156_grid_1_1,-1.0,-1.0,0.0,0,none,0.0,2026-05-26 01:05:43,0
site14_157_grid_0_0,-1.0,-1.0,0.0,0,none,0.0,2026-05-26 01:05:43,0
site14_157_grid_0_1,-1.0,-1.0,0.0,0,none,0.0,2026-05-26 01:05:43,0
site14_158_grid_0_1,300.49,349.98,16.1133,13,Textile,0.6917,2026-05-26 01:05:43,1
site14_158_grid_1_0,396.13,249.63,13.3781,10,Textile,0.6662,2026-05-26 01:05:43,1
site14_158_grid_1_1,296.29,226.88,16.3235,13,Textile,0.7016,2026-05-26 01:05:43,1
site14_159_grid_1_1,-1.0,-1.0,0.0,0,none,0.0,2026-05-26 01:05:43,0
site14_162_grid_1_1,-1.0,-1.0,0.0,0,none,0.0,2026-05-26 01:05:43,0
site14_163_grid_1_1,-1.0,-1.0,0.0,0,none,0.0,2026-05-26 01:05:43,0
site14_164_grid_0_0,466.98,65.82,4.9831,1,Scrap,0.6866,2026-05-26 01:05:43,1
site14_167_grid_0_1,367.32,483.67,2.2476,1,Scrap,0.2578,2026-05-26 01:05:43,1
site14_168_grid_1_0,76.0,462.38,5.9311,1,Scrap,0.7465,2026-05-26 01:05:43,1
site14_169_grid_0_0,274.31,155.13,26.4572,3,Plastic,0.5156,2026-05-26 01:05:43,1
site14_169_grid_0_1,213.18,168.89,36.9911,4,Scrap,0.4347,2026-05-26 01:05:43,1
site14_169_grid_1_0,342.72,96.94,17.4786,2,Scrap,0.4893,2026-05-26 01:05:43,1
site14_169_grid_1_1,251.09,87.05,23.4707,3,Scrap,0.5291,2026-05-26 01:05:43,1
site14_170_grid_1_0,377.39,398.62,16.5565,1,Scrap,0.8814,2026-05-26 01:05:43,1
site14_171_grid_1_1,-1.0,-1.0,0.0,0,none,0.0,2026-05-26 01:05:43,0
site14_172_grid_0_0,-1.0,-1.0,0.0,0,none,0.0,2026-05-26 01:05:43,0
site14_173_grid_1_0,-1.0,-1.0,0.0,0,none,0.0,2026-05-26 01:05:43,0
site14_174_grid_0_0,-1.0,-1.0,0.0,0,none,0.0,2026-05-26 01:05:43,0
site14_175_grid_0_1,-1.0,-1.0,0.0,0,none,0.0,2026-05-26 01:05:43,0
site14_176_grid_1_1,-1.0,-1.0,0.0,0,none,0.0,2026-05-26 01:05:43,0
site14_178_grid_1_1,-1.0,-1.0,0.0,0,none,0.0,2026-05-26 01:05:43,0
site14_179_grid_0_0,-1.0,-1.0,0.0,0,none,0.0,2026-05-26 01:05:43,0
site14_179_grid_0_1,-1.0,-1.0,0.0,0,none,0.0,2026-05-26 01:05:43,0
site14_179_grid_1_0,-1.0,-1.0,0.0,0,none,0.0,2026-05-26 01:05:43,0
site14_181_grid_1_0,451.58,468.62,4.3747,1,Asbestos,0.7273,2026-05-26 01:05:43,1
site14_185_grid_0_1,376.8,202.58,43.1164,3,Scrap,0.5926,2026-05-26 01:05:43,1
site14_187_grid_1_1,211.63,267.35,44.8956,1,Plastic,0.4744,2026-05-26 01:05:43,1
site14_189_grid_0_1,287.73,275.23,31.3728,2,Scrap,0.6592,2026-05-26 01:05:43,1
site14_190_grid_1_0,189.85,365.01,37.149,2,Scrap,0.5433,2026-05-26 01:05:43,1
site14_193_grid_1_0,-1.0,-1.0,0.0,0,none,0.0,2026-05-26 01:05:43,0
site14_193_grid_1_1,-1.0,-1.0,0.0,0,none,0.0,2026-05-26 01:05:43,0
site14_195_grid_1_0,-1.0,-1.0,0.0,0,none,0.0,2026-05-26 01:05:43,0
site14_196_grid_0_1,-1.0,-1.0,0.0,0,none,0.0,2026-05-26 01:05:43,0
site14_196_grid_1_0,219.13,18.16,1.2379,1,Vehicles,0.251,2026-05-26 01:05:43,1
site14_197_grid_0_1,-1.0,-1.0,0.0,0,none,0.0,2026-05-26 01:05:43,0
site14_198_grid_0_0,-1.0,-1.0,0.0,0,none,0.0,2026-05-26 01:05:43,0
site14_199_grid_0_1,-1.0,-1.0,0.0,0,none,0.0,2026-05-26 01:05:43,0
site14_203_grid_1_1,330.25,162.29,8.0162,1,Scrap,0.2872,2026-05-26 01:05:43,1
site14_204_grid_0_0,-1.0,-1.0,0.0,0,none,0.0,2026-05-26 01:05:43,0
site14_204_grid_1_1,-1.0,-1.0,0.0,0,none,0.0,2026-05-26 01:05:43,0
site14_205_grid_1_0,-1.0,-1.0,0.0,0,none,0.0,2026-05-26 01:05:43,0
site14_205_grid_1_1,-1.0,-1.0,0.0,0,none,0.0,2026-05-26 01:05:43,0
site14_207_grid_0_1,218.9,135.19,43.9823,3,Plastic,0.6646,2026-05-26 01:05:43,1
site14_210_grid_0_1,155.84,244.97,26.141,4,Scrap,0.663,2026-05-26 01:05:43,1
site14_212_grid_0_1,160.35,385.47,28.4286,8,Pallets,0.7443,2026-05-26 01:05:43,1
site14_213_grid_1_1,-1.0,-1.0,0.0,0,none,0.0,2026-05-26 01:05:43,0
site14_214_grid_0_0,-1.0,-1.0,0.0,0,none,0.0,2026-05-26 01:05:43,0
site14_215_grid_0_1,-1.0,-1.0,0.0,0,none,0.0,2026-05-26 01:05:43,0
site14_217_grid_1_0,-1.0,-1.0,0.0,0,none,0.0,2026-05-26 01:05:43,0
site14_217_grid_1_1,-1.0,-1.0,0.0,0,none,0.0,2026-05-26 01:05:43,0
site14_218_grid_0_1,-1.0,-1.0,0.0,0,none,0.0,2026-05-26 01:05:43,0
site14_222_grid_1_0,-1.0,-1.0,0.0,0,none,0.0,2026-05-26 01:05:43,0
site14_223_grid_1_1,-1.0,-1.0,0.0,0,none,0.0,2026-05-26 01:05:43,0
site14_225_grid_0_1,68.75,180.28,13.6284,2,Wood,0.6468,2026-05-26 01:05:43,1
site14_229_grid_0_1,-1.0,-1.0,0.0,0,none,0.0,2026-05-26 01:05:43,0
site14_230_grid_0_0,487.19,47.3,1.8539,1,Scrap,0.555,2026-05-26 01:05:43,1
site14_231_grid_1_1,193.63,263.03,27.7126,3,Scrap,0.6409,2026-05-26 01:05:43,1
site14_235_grid_0_1,-1.0,-1.0,0.0,0,none,0.0,2026-05-26 01:05:43,0
site14_235_grid_1_0,-1.0,-1.0,0.0,0,none,0.0,2026-05-26 01:05:43,0
site14_238_grid_1_1,192.0,63.14,0.5009,1,Pallets,0.6805,2026-05-26 01:05:43,1
site14_239_grid_1_0,-1.0,-1.0,0.0,0,none,0.0,2026-05-26 01:05:43,0
site14_244_grid_0_0,-1.0,-1.0,0.0,0,none,0.0,2026-05-26 01:05:43,0
site14_245_grid_1_1,245.45,212.57,41.74,37,Textile,0.8082,2026-05-26 01:05:43,1
site14_246_grid_0_0,90.57,174.4,15.1001,15,Textile,0.7623,2026-05-26 01:05:43,1
site14_247_grid_0_1,-1.0,-1.0,0.0,0,none,0.0,2026-05-26 01:05:43,0
site14_249_grid_1_0,-1.0,-1.0,0.0,0,none,0.0,2026-05-26 01:05:43,0
site14_253_grid_1_0,-1.0,-1.0,0.0,0,none,0.0,2026-05-26 01:05:43,0
site14_254_grid_1_0,-1.0,-1.0,0.0,0,none,0.0,2026-05-26 01:05:43,0
site14_256_grid_1_0,270.79,456.87,4.3007,4,Pallets,0.552,2026-05-26 01:05:43,1
site14_257_grid_0_0,271.75,271.9,15.2969,13,Textile,0.7827,2026-05-26 01:05:43,1
site14_259_grid_0_1,-1.0,-1.0,0.0,0,none,0.0,2026-05-26 01:05:43,0
site14_264_grid_0_0,476.88,132.62,5.7545,7,Textile,0.6382,2026-05-26 01:05:43,1
site14_264_grid_0_1,422.43,156.52,19.664,19,Textile,0.7862,2026-05-26 01:05:43,1
site14_264_grid_1_0,474.18,55.69,3.1559,5,Textile,0.549,2026-05-26 01:05:43,1
site14_265_grid_1_1,332.33,353.7,13.6021,13,Textile,0.5581,2026-05-26 01:05:43,1
site14_266_grid_1_0,33.23,375.71,1.8147,2,Textile,0.5157,2026-05-26 01:05:43,1
site14_266_grid_1_1,-1.0,-1.0,0.0,0,none,0.0,2026-05-26 01:05:43,0
site14_269_grid_1_0,-1.0,-1.0,0.0,0,none,0.0,2026-05-26 01:05:43,0
site14_26_grid_0_0,-1.0,-1.0,0.0,0,none,0.0,2026-05-26 01:05:43,0
site14_26_grid_1_0,-1.0,-1.0,0.0,0,none,0.0,2026-05-26 01:05:43,0
site14_271_grid_0_0,-1.0,-1.0,0.0,0,none,0.0,2026-05-26 01:05:43,0
site14_272_grid_1_1,-1.0,-1.0,0.0,0,none,0.0,2026-05-26 01:05:43,0
site14_273_grid_0_0,-1.0,-1.0,0.0,0,none,0.0,2026-05-26 01:05:43,0
site14_274_grid_0_0,-1.0,-1.0,0.0,0,none,0.0,2026-05-26 01:05:43,0
site14_276_grid_0_0,281.42,84.97,3.2566,3,Pallets,0.5638,2026-05-26 01:05:43,1
site14_276_grid_1_0,-1.0,-1.0,0.0,0,none,0.0,2026-05-26 01:05:43,0
site14_279_grid_0_1,-1.0,-1.0,0.0,0,none,0.0,2026-05-26 01:05:43,0
site14_279_grid_1_0,-1.0,-1.0,0.0,0,none,0.0,2026-05-26 01:05:43,0
site14_279_grid_1_1,-1.0,-1.0,0.0,0,none,0.0,2026-05-26 01:05:43,0
site14_285_grid_0_0,227.2,124.93,11.1279,9,Textile,0.7601,2026-05-26 01:05:43,1
site14_286_grid_1_1,365.27,353.16,20.1195,22,Textile,0.5324,2026-05-26 01:05:43,1
site14_287_grid_0_0,41.43,468.69,0.3258,1,Textile,0.5895,2026-05-26 01:05:43,1
site14_287_grid_1_1,-1.0,-1.0,0.0,0,none,0.0,2026-05-26 01:05:43,0
site14_289_grid_0_1,-1.0,-1.0,0.0,0,none,0.0,2026-05-26 01:05:43,0
site14_289_grid_1_1,-1.0,-1.0,0.0,0,none,0.0,2026-05-26 01:05:43,0
site14_28_grid_0_0,-1.0,-1.0,0.0,0,none,0.0,2026-05-26 01:05:43,0
site14_293_grid_1_0,-1.0,-1.0,0.0,0,none,0.0,2026-05-26 01:05:43,0
site14_293_grid_1_1,486.69,350.73,0.7523,1,Pallets,0.3556,2026-05-26 01:05:43,1
site14_294_grid_0_1,174.2,379.52,7.206,4,Scrap,0.6345,2026-05-26 01:05:43,1
site14_295_grid_0_0,-1.0,-1.0,0.0,0,none,0.0,2026-05-26 01:05:43,0
site14_296_grid_0_1,263.62,328.22,13.5315,3,Scrap,0.3954,2026-05-26 01:05:43,1
site14_296_grid_1_1,254.44,223.91,4.9255,1,Scrap,0.5094,2026-05-26 01:05:43,1
site14_297_grid_0_0,361.76,289.02,37.141,27,Textile,0.6129,2026-05-26 01:05:43,1
site14_298_grid_0_1,53.3,261.64,8.567,10,Textile,0.703,2026-05-26 01:05:43,1
site14_304_grid_0_1,-1.0,-1.0,0.0,0,none,0.0,2026-05-26 01:05:43,0
site14_308_grid_1_1,-1.0,-1.0,0.0,0,none,0.0,2026-05-26 01:05:43,0
site14_310_grid_1_0,155.87,384.28,1.3912,1,Pallets,0.8652,2026-05-26 01:05:43,1
site14_312_grid_1_0,-1.0,-1.0,0.0,0,none,0.0,2026-05-26 01:05:43,0
site14_313_grid_0_0,-1.0,-1.0,0.0,0,none,0.0,2026-05-26 01:05:43,0
site14_314_grid_0_0,355.38,96.4,4.5086,3,Pallets,0.598,2026-05-26 01:05:43,1
site14_316_grid_1_0,196.38,358.56,45.5189,1,Plastic,0.9789,2026-05-26 01:05:43,1
site14_317_grid_1_0,150.24,230.66,2.7344,4,Pallets,0.5648,2026-05-26 01:05:43,1
site14_328_grid_1_1,-1.0,-1.0,0.0,0,none,0.0,2026-05-26 01:05:43,0
site14_330_grid_0_1,-1.0,-1.0,0.0,0,none,0.0,2026-05-26 01:05:43,0
site14_332_grid_1_1,-1.0,-1.0,0.0,0,none,0.0,2026-05-26 01:05:43,0
site14_333_grid_0_1,-1.0,-1.0,0.0,0,none,0.0,2026-05-26 01:05:43,0
site14_334_grid_1_0,-1.0,-1.0,0.0,0,none,0.0,2026-05-26 01:05:43,0
site14_334_grid_1_1,-1.0,-1.0,0.0,0,none,0.0,2026-05-26 01:05:43,0
site14_336_grid_1_0,300.83,211.92,74.7066,1,Plastic,0.949,2026-05-26 01:05:43,1
site14_33_grid_1_1,-1.0,-1.0,0.0,0,none,0.0,2026-05-26 01:05:43,0
site14_347_grid_0_1,-1.0,-1.0,0.0,0,none,0.0,2026-05-26 01:05:43,0
site14_347_grid_1_0,-1.0,-1.0,0.0,0,none,0.0,2026-05-26 01:05:43,0
site14_34_grid_0_1,-1.0,-1.0,0.0,0,none,0.0,2026-05-26 01:05:43,0
site14_34_grid_1_0,-1.0,-1.0,0.0,0,none,0.0,2026-05-26 01:05:43,0
site14_350_grid_0_1,161.23,44.24,2.4025,1,Scrap,0.4552,2026-05-26 01:05:43,1
site14_351_grid_0_1,-1.0,-1.0,0.0,0,none,0.0,2026-05-26 01:05:43,0
site14_351_grid_1_0,-1.0,-1.0,0.0,0,none,0.0,2026-05-26 01:05:43,0
site14_352_grid_0_0,-1.0,-1.0,0.0,0,none,0.0,2026-05-26 01:05:43,0
site14_354_grid_1_0,-1.0,-1.0,0.0,0,none,0.0,2026-05-26 01:05:43,0
site14_354_grid_1_1,-1.0,-1.0,0.0,0,none,0.0,2026-05-26 01:05:43,0
site14_355_grid_0_0,-1.0,-1.0,0.0,0,none,0.0,2026-05-26 01:05:43,0
site14_35_grid_0_1,-1.0,-1.0,0.0,0,none,0.0,2026-05-26 01:05:43,0
site14_45_grid_0_0,-1.0,-1.0,0.0,0,none,0.0,2026-05-26 01:05:43,0
site14_45_grid_0_1,-1.0,-1.0,0.0,0,none,0.0,2026-05-26 01:05:43,0
site14_45_grid_1_1,-1.0,-1.0,0.0,0,none,0.0,2026-05-26 01:05:43,0
site14_46_grid_0_1,-1.0,-1.0,0.0,0,none,0.0,2026-05-26 01:05:43,0
site14_47_grid_1_0,-1.0,-1.0,0.0,0,none,0.0,2026-05-26 01:05:43,0
site14_48_grid_0_0,-1.0,-1.0,0.0,0,none,0.0,2026-05-26 01:05:43,0
site14_49_grid_0_0,-1.0,-1.0,0.0,0,none,0.0,2026-05-26 01:05:43,0
site14_49_grid_0_1,-1.0,-1.0,0.0,0,none,0.0,2026-05-26 01:05:43,0
site14_51_grid_0_0,-1.0,-1.0,0.0,0,none,0.0,2026-05-26 01:05:43,0
site14_51_grid_0_1,-1.0,-1.0,0.0,0,none,0.0,2026-05-26 01:05:43,0
site14_56_grid_0_0,-1.0,-1.0,0.0,0,none,0.0,2026-05-26 01:05:43,0
site14_56_grid_0_1,-1.0,-1.0,0.0,0,none,0.0,2026-05-26 01:05:43,0
site14_56_grid_1_0,-1.0,-1.0,0.0,0,none,0.0,2026-05-26 01:05:43,0
site14_57_grid_0_0,-1.0,-1.0,0.0,0,none,0.0,2026-05-26 01:05:43,0
site14_58_grid_0_1,-1.0,-1.0,0.0,0,none,0.0,2026-05-26 01:05:43,0
site14_59_grid_1_0,-1.0,-1.0,0.0,0,none,0.0,2026-05-26 01:05:43,0
site14_62_grid_0_0,-1.0,-1.0,0.0,0,none,0.0,2026-05-26 01:05:43,0
site14_62_grid_1_1,-1.0,-1.0,0.0,0,none,0.0,2026-05-26 01:05:43,0
site14_63_grid_0_1,-1.0,-1.0,0.0,0,none,0.0,2026-05-26 01:05:43,0
site14_64_grid_0_0,-1.0,-1.0,0.0,0,none,0.0,2026-05-26 01:05:43,0
site14_64_grid_1_1,-1.0,-1.0,0.0,0,none,0.0,2026-05-26 01:05:43,0
site14_66_grid_1_0,-1.0,-1.0,0.0,0,none,0.0,2026-05-26 01:05:43,0
site14_66_grid_1_1,-1.0,-1.0,0.0,0,none,0.0,2026-05-26 01:05:43,0
site14_74_grid_0_1,280.83,393.27,11.7622,8,Textile,0.8443,2026-05-26 01:05:43,1
site14_75_grid_0_0,489.35,275.42,1.6178,4,Textile,0.5532,2026-05-26 01:05:43,1
site14_77_grid_1_1,-1.0,-1.0,0.0,0,none,0.0,2026-05-26 01:05:43,0
site14_78_grid_1_1,-1.0,-1.0,0.0,0,none,0.0,2026-05-26 01:05:43,0
site14_79_grid_0_0,-1.0,-1.0,0.0,0,none,0.0,2026-05-26 01:05:43,0
site14_79_grid_1_1,-1.0,-1.0,0.0,0,none,0.0,2026-05-26 01:05:43,0
site14_87_grid_0_0,402.36,444.38,4.3304,6,Tyres,0.5612,2026-05-26 01:05:43,1
site14_87_grid_1_1,278.56,370.89,27.177,60,Tyres,0.5954,2026-05-26 01:05:43,1
site14_88_grid_1_0,257.43,196.12,46.4581,3,Plastic,0.6466,2026-05-26 01:05:43,1
site14_89_grid_0_1,-1.0,-1.0,0.0,0,none,0.0,2026-05-26 01:05:43,0
site14_90_grid_0_0,-1.0,-1.0,0.0,0,none,0.0,2026-05-26 01:05:43,0
site14_92_grid_0_1,-1.0,-1.0,0.0,0,none,0.0,2026-05-26 01:05:43,0
site14_92_grid_1_0,33.22,394.47,5.5214,6,Textile,0.7083,2026-05-26 01:05:43,1
site14_93_grid_0_0,-1.0,-1.0,0.0,0,none,0.0,2026-05-26 01:05:43,0
site14_93_grid_0_1,-1.0,-1.0,0.0,0,none,0.0,2026-05-26 01:05:43,0
site14_93_grid_1_1,246.59,409.44,15.601,6,Vehicles,0.4472,2026-05-26 01:05:43,1
site14_95_grid_0_1,-1.0,-1.0,0.0,0,none,0.0,2026-05-26 01:05:43,0
site14_97_grid_0_0,-1.0,-1.0,0.0,0,none,0.0,2026-05-26 01:05:43,0
site14_97_grid_1_1,-1.0,-1.0,0.0,0,none,0.0,2026-05-26 01:05:43,0
site14_98_grid_0_1,-1.0,-1.0,0.0,0,none,0.0,2026-05-26 01:05:43,0
site14_9_grid_0_0,-1.0,-1.0,0.0,0,none,0.0,2026-05-26 01:05:43,0
site14_9_grid_0_1,-1.0,-1.0,0.0,0,none,0.0,2026-05-26 01:05:43,0
site15_100_grid_1_0,-1.0,-1.0,0.0,0,none,0.0,2026-05-26 01:05:43,0
site15_101_grid_1_1,-1.0,-1.0,0.0,0,none,0.0,2026-05-26 01:05:43,0
site15_102_grid_0_1,-1.0,-1.0,0.0,0,none,0.0,2026-05-26 01:05:43,0
site15_105_grid_0_1,444.92,256.11,22.1397,1,Excavation materials,0.2927,2026-05-26 01:05:43,1
site15_10_grid_0_0,-1.0,-1.0,0.0,0,none,0.0,2026-05-26 01:05:43,0
site15_10_grid_1_1,-1.0,-1.0,0.0,0,none,0.0,2026-05-26 01:05:43,0
site15_112_grid_1_0,-1.0,-1.0,0.0,0,none,0.0,2026-05-26 01:05:43,0
site15_113_grid_1_0,-1.0,-1.0,0.0,0,none,0.0,2026-05-26 01:05:43,0
site15_114_grid_1_0,-1.0,-1.0,0.0,0,none,0.0,2026-05-26 01:05:43,0
site15_115_grid_1_0,251.71,132.85,37.4729,2,Mixed items,0.3341,2026-05-26 01:05:43,1
site15_117_grid_0_0,179.23,393.74,24.9664,2,Construction and demolition materials,0.5605,2026-05-26 01:05:43,1
site15_125_grid_1_0,-1.0,-1.0,0.0,0,none,0.0,2026-05-26 01:05:43,0
site15_127_grid_1_0,314.5,134.99,36.8053,2,Excavation materials,0.5081,2026-05-26 01:05:43,1
site15_129_grid_0_0,176.97,163.88,27.2289,2,Excavation materials,0.3855,2026-05-26 01:05:43,1
site15_134_grid_0_1,-1.0,-1.0,0.0,0,none,0.0,2026-05-26 01:05:43,0
site15_135_grid_1_0,-1.0,-1.0,0.0,0,none,0.0,2026-05-26 01:05:43,0
site15_138_grid_0_1,-1.0,-1.0,0.0,0,none,0.0,2026-05-26 01:05:43,0
site15_139_grid_0_0,187.36,29.06,0.3265,1,Plastic packaging,0.8724,2026-05-26 01:05:43,1
site15_141_grid_1_0,-1.0,-1.0,0.0,0,none,0.0,2026-05-26 01:05:43,0
site15_142_grid_1_0,-1.0,-1.0,0.0,0,none,0.0,2026-05-26 01:05:43,0
site15_146_grid_1_0,-1.0,-1.0,0.0,0,none,0.0,2026-05-26 01:05:43,0
site15_151_grid_1_0,-1.0,-1.0,0.0,0,none,0.0,2026-05-26 01:05:43,0
site15_152_grid_0_1,-1.0,-1.0,0.0,0,none,0.0,2026-05-26 01:05:43,0
site15_156_grid_0_0,-1.0,-1.0,0.0,0,none,0.0,2026-05-26 01:05:43,0
site15_157_grid_0_1,-1.0,-1.0,0.0,0,none,0.0,2026-05-26 01:05:43,0
site15_158_grid_0_1,-1.0,-1.0,0.0,0,none,0.0,2026-05-26 01:05:43,0
site15_158_grid_1_1,-1.0,-1.0,0.0,0,none,0.0,2026-05-26 01:05:43,0
site15_15_grid_0_0,-1.0,-1.0,0.0,0,none,0.0,2026-05-26 01:05:43,0
site15_15_grid_0_1,-1.0,-1.0,0.0,0,none,0.0,2026-05-26 01:05:43,0
site15_161_grid_0_1,-1.0,-1.0,0.0,0,none,0.0,2026-05-26 01:05:43,0
site15_162_grid_1_0,-1.0,-1.0,0.0,0,none,0.0,2026-05-26 01:05:43,0
site15_163_grid_1_0,-1.0,-1.0,0.0,0,none,0.0,2026-05-26 01:05:43,0
site15_164_grid_0_0,42.69,37.16,0.5558,1,Plastic packaging,0.8355,2026-05-26 01:05:43,1
site15_169_grid_0_1,-1.0,-1.0,0.0,0,none,0.0,2026-05-26 01:05:43,0
site15_16_grid_0_0,-1.0,-1.0,0.0,0,none,0.0,2026-05-26 01:05:43,0
site15_170_grid_1_0,-1.0,-1.0,0.0,0,none,0.0,2026-05-26 01:05:43,0
site15_170_grid_1_1,-1.0,-1.0,0.0,0,none,0.0,2026-05-26 01:05:43,0
site15_173_grid_1_0,-1.0,-1.0,0.0,0,none,0.0,2026-05-26 01:05:43,0
site15_18_grid_0_1,-1.0,-1.0,0.0,0,none,0.0,2026-05-26 01:05:43,0
site15_19_grid_0_0,-1.0,-1.0,0.0,0,none,0.0,2026-05-26 01:05:43,0
site15_20_grid_0_0,-1.0,-1.0,0.0,0,none,0.0,2026-05-26 01:05:43,0
site15_21_grid_0_0,-1.0,-1.0,0.0,0,none,0.0,2026-05-26 01:05:43,0
site15_25_grid_0_1,-1.0,-1.0,0.0,0,none,0.0,2026-05-26 01:05:43,0
site15_37_grid_1_1,-1.0,-1.0,0.0,0,none,0.0,2026-05-26 01:05:43,0
site15_38_grid_0_0,-1.0,-1.0,0.0,0,none,0.0,2026-05-26 01:05:43,0
site15_38_grid_0_1,-1.0,-1.0,0.0,0,none,0.0,2026-05-26 01:05:43,0
site15_38_grid_1_0,-1.0,-1.0,0.0,0,none,0.0,2026-05-26 01:05:43,0
site15_39_grid_0_1,-1.0,-1.0,0.0,0,none,0.0,2026-05-26 01:05:43,0
site15_39_grid_1_0,-1.0,-1.0,0.0,0,none,0.0,2026-05-26 01:05:43,0
site15_40_grid_0_0,-1.0,-1.0,0.0,0,none,0.0,2026-05-26 01:05:43,0
site15_40_grid_1_0,-1.0,-1.0,0.0,0,none,0.0,2026-05-26 01:05:43,0
site15_41_grid_0_0,-1.0,-1.0,0.0,0,none,0.0,2026-05-26 01:05:43,0
site15_42_grid_1_1,-1.0,-1.0,0.0,0,none,0.0,2026-05-26 01:05:43,0
site15_43_grid_0_1,-1.0,-1.0,0.0,0,none,0.0,2026-05-26 01:05:43,0
site15_46_grid_0_1,-1.0,-1.0,0.0,0,none,0.0,2026-05-26 01:05:43,0
site15_47_grid_1_1,-1.0,-1.0,0.0,0,none,0.0,2026-05-26 01:05:43,0
site15_48_grid_0_1,-1.0,-1.0,0.0,0,none,0.0,2026-05-26 01:05:43,0
site15_50_grid_0_0,-1.0,-1.0,0.0,0,none,0.0,2026-05-26 01:05:43,0
site15_50_grid_1_0,-1.0,-1.0,0.0,0,none,0.0,2026-05-26 01:05:43,0
site15_54_grid_0_0,-1.0,-1.0,0.0,0,none,0.0,2026-05-26 01:05:43,0
site15_54_grid_1_0,-1.0,-1.0,0.0,0,none,0.0,2026-05-26 01:05:43,0
site15_57_grid_0_0,-1.0,-1.0,0.0,0,none,0.0,2026-05-26 01:05:43,0
site15_58_grid_0_0,-1.0,-1.0,0.0,0,none,0.0,2026-05-26 01:05:43,0
site15_58_grid_1_0,-1.0,-1.0,0.0,0,none,0.0,2026-05-26 01:05:43,0
site15_59_grid_0_1,-1.0,-1.0,0.0,0,none,0.0,2026-05-26 01:05:43,0
site15_59_grid_1_1,-1.0,-1.0,0.0,0,none,0.0,2026-05-26 01:05:43,0
site15_62_grid_0_0,-1.0,-1.0,0.0,0,none,0.0,2026-05-26 01:05:43,0
site15_64_grid_1_0,-1.0,-1.0,0.0,0,none,0.0,2026-05-26 01:05:43,0
site15_65_grid_1_1,-1.0,-1.0,0.0,0,none,0.0,2026-05-26 01:05:43,0
site15_68_grid_0_0,-1.0,-1.0,0.0,0,none,0.0,2026-05-26 01:05:43,0
site15_68_grid_1_0,-1.0,-1.0,0.0,0,none,0.0,2026-05-26 01:05:43,0
site15_68_grid_1_1,-1.0,-1.0,0.0,0,none,0.0,2026-05-26 01:05:43,0
site15_70_grid_0_0,-1.0,-1.0,0.0,0,none,0.0,2026-05-26 01:05:43,0
site15_70_grid_0_1,-1.0,-1.0,0.0,0,none,0.0,2026-05-26 01:05:43,0
site15_76_grid_0_1,-1.0,-1.0,0.0,0,none,0.0,2026-05-26 01:05:43,0
site15_78_grid_0_1,-1.0,-1.0,0.0,0,none,0.0,2026-05-26 01:05:43,0
site15_79_grid_0_0,-1.0,-1.0,0.0,0,none,0.0,2026-05-26 01:05:43,0
site15_79_grid_0_1,-1.0,-1.0,0.0,0,none,0.0,2026-05-26 01:05:43,0
site15_80_grid_1_1,-1.0,-1.0,0.0,0,none,0.0,2026-05-26 01:05:43,0
site15_82_grid_1_0,155.28,455.14,9.304,1,Construction and demolition materials,0.5803,2026-05-26 01:05:43,1
site15_86_grid_0_1,110.29,316.94,20.4674,3,Construction and demolition materials,0.4351,2026-05-26 01:05:43,1
site15_89_grid_1_1,-1.0,-1.0,0.0,0,none,0.0,2026-05-26 01:05:43,0
site15_8_grid_1_1,-1.0,-1.0,0.0,0,none,0.0,2026-05-26 01:05:43,0
site15_95_grid_0_0,-1.0,-1.0,0.0,0,none,0.0,2026-05-26 01:05:43,0
site15_96_grid_0_0,-1.0,-1.0,0.0,0,none,0.0,2026-05-26 01:05:43,0
site16_1002_grid_0_0,-1.0,-1.0,0.0,0,none,0.0,2026-05-26 01:05:43,0
site16_1002_grid_0_1,-1.0,-1.0,0.0,0,none,0.0,2026-05-26 01:05:43,0
site16_1004_grid_0_0,-1.0,-1.0,0.0,0,none,0.0,2026-05-26 01:05:43,0
site16_1004_grid_0_1,-1.0,-1.0,0.0,0,none,0.0,2026-05-26 01:05:43,0
site16_100_grid_1_1,-1.0,-1.0,0.0,0,none,0.0,2026-05-26 01:05:43,0
site16_1018_grid_1_0,-1.0,-1.0,0.0,0,none,0.0,2026-05-26 01:05:43,0
site16_1020_grid_0_0,-1.0,-1.0,0.0,0,none,0.0,2026-05-26 01:05:43,0
site16_1021_grid_1_0,-1.0,-1.0,0.0,0,none,0.0,2026-05-26 01:05:43,0
site16_1025_grid_1_1,-1.0,-1.0,0.0,0,none,0.0,2026-05-26 01:05:43,0
site16_1026_grid_0_1,-1.0,-1.0,0.0,0,none,0.0,2026-05-26 01:05:43,0
site16_1027_grid_1_0,-1.0,-1.0,0.0,0,none,0.0,2026-05-26 01:05:43,0
site16_1028_grid_0_0,-1.0,-1.0,0.0,0,none,0.0,2026-05-26 01:05:43,0
site16_1028_grid_0_1,-1.0,-1.0,0.0,0,none,0.0,2026-05-26 01:05:43,0
site16_1028_grid_1_1,-1.0,-1.0,0.0,0,none,0.0,2026-05-26 01:05:43,0
site16_102_grid_0_0,-1.0,-1.0,0.0,0,none,0.0,2026-05-26 01:05:43,0
site16_102_grid_1_1,-1.0,-1.0,0.0,0,none,0.0,2026-05-26 01:05:43,0
site16_1030_grid_0_0,-1.0,-1.0,0.0,0,none,0.0,2026-05-26 01:05:43,0
site16_1030_grid_1_1,-1.0,-1.0,0.0,0,none,0.0,2026-05-26 01:05:43,0
site16_103_grid_1_0,-1.0,-1.0,0.0,0,none,0.0,2026-05-26 01:05:43,0
site16_103_grid_1_1,-1.0,-1.0,0.0,0,none,0.0,2026-05-26 01:05:43,0
site16_1045_grid_1_1,-1.0,-1.0,0.0,0,none,0.0,2026-05-26 01:05:43,0
site16_1048_grid_0_1,-1.0,-1.0,0.0,0,none,0.0,2026-05-26 01:05:43,0
site16_1048_grid_1_1,-1.0,-1.0,0.0,0,none,0.0,2026-05-26 01:05:43,0
site16_1050_grid_1_0,-1.0,-1.0,0.0,0,none,0.0,2026-05-26 01:05:43,0
site16_1052_grid_1_1,-1.0,-1.0,0.0,0,none,0.0,2026-05-26 01:05:43,0
site16_1053_grid_0_1,-1.0,-1.0,0.0,0,none,0.0,2026-05-26 01:05:43,0
site16_1053_grid_1_1,-1.0,-1.0,0.0,0,none,0.0,2026-05-26 01:05:43,0
site16_113_grid_0_1,-1.0,-1.0,0.0,0,none,0.0,2026-05-26 01:05:43,0
site16_114_grid_0_1,-1.0,-1.0,0.0,0,none,0.0,2026-05-26 01:05:43,0
site16_115_grid_1_1,-1.0,-1.0,0.0,0,none,0.0,2026-05-26 01:05:43,0
site16_118_grid_0_1,-1.0,-1.0,0.0,0,none,0.0,2026-05-26 01:05:43,0
site16_119_grid_0_1,-1.0,-1.0,0.0,0,none,0.0,2026-05-26 01:05:43,0
site16_11_grid_0_1,-1.0,-1.0,0.0,0,none,0.0,2026-05-26 01:05:43,0
site16_121_grid_0_0,-1.0,-1.0,0.0,0,none,0.0,2026-05-26 01:05:43,0
site16_122_grid_0_1,-1.0,-1.0,0.0,0,none,0.0,2026-05-26 01:05:43,0
site16_123_grid_0_0,-1.0,-1.0,0.0,0,none,0.0,2026-05-26 01:05:43,0
site16_124_grid_0_0,-1.0,-1.0,0.0,0,none,0.0,2026-05-26 01:05:43,0
site16_124_grid_0_1,-1.0,-1.0,0.0,0,none,0.0,2026-05-26 01:05:43,0
site16_127_grid_1_0,-1.0,-1.0,0.0,0,none,0.0,2026-05-26 01:05:43,0
site16_138_grid_0_0,-1.0,-1.0,0.0,0,none,0.0,2026-05-26 01:05:43,0
site16_138_grid_1_0,-1.0,-1.0,0.0,0,none,0.0,2026-05-26 01:05:43,0
site16_139_grid_1_0,-1.0,-1.0,0.0,0,none,0.0,2026-05-26 01:05:43,0
site16_140_grid_1_0,-1.0,-1.0,0.0,0,none,0.0,2026-05-26 01:05:43,0
site16_140_grid_1_1,-1.0,-1.0,0.0,0,none,0.0,2026-05-26 01:05:43,0
site16_143_grid_0_1,-1.0,-1.0,0.0,0,none,0.0,2026-05-26 01:05:43,0
site16_144_grid_0_1,-1.0,-1.0,0.0,0,none,0.0,2026-05-26 01:05:43,0
site16_146_grid_0_1,-1.0,-1.0,0.0,0,none,0.0,2026-05-26 01:05:43,0
site16_147_grid_1_0,-1.0,-1.0,0.0,0,none,0.0,2026-05-26 01:05:43,0
site16_148_grid_0_1,-1.0,-1.0,0.0,0,none,0.0,2026-05-26 01:05:43,0
site16_149_grid_0_0,-1.0,-1.0,0.0,0,none,0.0,2026-05-26 01:05:43,0
site16_150_grid_0_1,-1.0,-1.0,0.0,0,none,0.0,2026-05-26 01:05:43,0
site16_152_grid_1_1,-1.0,-1.0,0.0,0,none,0.0,2026-05-26 01:05:43,0
site16_153_grid_0_0,-1.0,-1.0,0.0,0,none,0.0,2026-05-26 01:05:43,0
site16_154_grid_1_0,-1.0,-1.0,0.0,0,none,0.0,2026-05-26 01:05:43,0
site16_155_grid_0_0,-1.0,-1.0,0.0,0,none,0.0,2026-05-26 01:05:43,0
site16_155_grid_1_1,-1.0,-1.0,0.0,0,none,0.0,2026-05-26 01:05:43,0
site16_160_grid_1_1,-1.0,-1.0,0.0,0,none,0.0,2026-05-26 01:05:43,0
site16_164_grid_0_0,-1.0,-1.0,0.0,0,none,0.0,2026-05-26 01:05:43,0
site16_168_grid_0_0,-1.0,-1.0,0.0,0,none,0.0,2026-05-26 01:05:43,0
site16_168_grid_1_0,-1.0,-1.0,0.0,0,none,0.0,2026-05-26 01:05:43,0
site16_169_grid_1_0,-1.0,-1.0,0.0,0,none,0.0,2026-05-26 01:05:43,0
site16_16_grid_0_1,-1.0,-1.0,0.0,0,none,0.0,2026-05-26 01:05:43,0
site16_16_grid_1_0,-1.0,-1.0,0.0,0,none,0.0,2026-05-26 01:05:43,0
site16_170_grid_0_1,-1.0,-1.0,0.0,0,none,0.0,2026-05-26 01:05:43,0
site16_172_grid_0_0,-1.0,-1.0,0.0,0,none,0.0,2026-05-26 01:05:43,0
site16_173_grid_0_0,-1.0,-1.0,0.0,0,none,0.0,2026-05-26 01:05:43,0
site16_173_grid_1_0,-1.0,-1.0,0.0,0,none,0.0,2026-05-26 01:05:43,0
site16_175_grid_1_1,-1.0,-1.0,0.0,0,none,0.0,2026-05-26 01:05:43,0
site16_177_grid_0_0,-1.0,-1.0,0.0,0,none,0.0,2026-05-26 01:05:43,0
site16_179_grid_0_0,-1.0,-1.0,0.0,0,none,0.0,2026-05-26 01:05:43,0
site16_181_grid_0_0,-1.0,-1.0,0.0,0,none,0.0,2026-05-26 01:05:43,0
site16_191_grid_0_0,-1.0,-1.0,0.0,0,none,0.0,2026-05-26 01:05:43,0
site16_195_grid_1_0,-1.0,-1.0,0.0,0,none,0.0,2026-05-26 01:05:43,0
site16_196_grid_0_1,-1.0,-1.0,0.0,0,none,0.0,2026-05-26 01:05:43,0
site16_197_grid_0_1,-1.0,-1.0,0.0,0,none,0.0,2026-05-26 01:05:43,0
site16_197_grid_1_0,-1.0,-1.0,0.0,0,none,0.0,2026-05-26 01:05:43,0
site16_199_grid_0_1,-1.0,-1.0,0.0,0,none,0.0,2026-05-26 01:05:43,0
site16_19_grid_1_1,-1.0,-1.0,0.0,0,none,0.0,2026-05-26 01:05:43,0
site16_200_grid_1_1,-1.0,-1.0,0.0,0,none,0.0,2026-05-26 01:05:43,0
site16_201_grid_0_1,-1.0,-1.0,0.0,0,none,0.0,2026-05-26 01:05:43,0
site16_202_grid_1_1,-1.0,-1.0,0.0,0,none,0.0,2026-05-26 01:05:43,0
site16_204_grid_0_1,-1.0,-1.0,0.0,0,none,0.0,2026-05-26 01:05:43,0
site16_205_grid_1_1,-1.0,-1.0,0.0,0,none,0.0,2026-05-26 01:05:43,0
site16_206_grid_0_1,-1.0,-1.0,0.0,0,none,0.0,2026-05-26 01:05:43,0
site16_207_grid_0_1,-1.0,-1.0,0.0,0,none,0.0,2026-05-26 01:05:43,0
site16_207_grid_1_0,-1.0,-1.0,0.0,0,none,0.0,2026-05-26 01:05:43,0
site16_211_grid_0_1,-1.0,-1.0,0.0,0,none,0.0,2026-05-26 01:05:43,0
site16_212_grid_1_0,-1.0,-1.0,0.0,0,none,0.0,2026-05-26 01:05:43,0
site16_212_grid_1_1,-1.0,-1.0,0.0,0,none,0.0,2026-05-26 01:05:43,0
site16_214_grid_1_1,-1.0,-1.0,0.0,0,none,0.0,2026-05-26 01:05:43,0
site16_216_grid_0_0,-1.0,-1.0,0.0,0,none,0.0,2026-05-26 01:05:43,0
site16_216_grid_0_1,-1.0,-1.0,0.0,0,none,0.0,2026-05-26 01:05:43,0
site16_216_grid_1_1,-1.0,-1.0,0.0,0,none,0.0,2026-05-26 01:05:43,0
site16_218_grid_1_0,-1.0,-1.0,0.0,0,none,0.0,2026-05-26 01:05:43,0
site16_221_grid_1_1,-1.0,-1.0,0.0,0,none,0.0,2026-05-26 01:05:43,0
site16_222_grid_1_1,-1.0,-1.0,0.0,0,none,0.0,2026-05-26 01:05:43,0
site16_224_grid_1_1,-1.0,-1.0,0.0,0,none,0.0,2026-05-26 01:05:43,0
site16_225_grid_0_1,-1.0,-1.0,0.0,0,none,0.0,2026-05-26 01:05:43,0
site16_226_grid_0_0,-1.0,-1.0,0.0,0,none,0.0,2026-05-26 01:05:43,0
site16_228_grid_0_1,-1.0,-1.0,0.0,0,none,0.0,2026-05-26 01:05:43,0
site16_22_grid_1_0,-1.0,-1.0,0.0,0,none,0.0,2026-05-26 01:05:43,0
site16_230_grid_0_0,-1.0,-1.0,0.0,0,none,0.0,2026-05-26 01:05:43,0
site16_231_grid_1_0,-1.0,-1.0,0.0,0,none,0.0,2026-05-26 01:05:43,0
site16_231_grid_1_1,-1.0,-1.0,0.0,0,none,0.0,2026-05-26 01:05:43,0
site16_233_grid_1_0,-1.0,-1.0,0.0,0,none,0.0,2026-05-26 01:05:43,0
site16_235_grid_0_0,-1.0,-1.0,0.0,0,none,0.0,2026-05-26 01:05:43,0
site16_235_grid_1_0,-1.0,-1.0,0.0,0,none,0.0,2026-05-26 01:05:43,0
site16_237_grid_0_1,-1.0,-1.0,0.0,0,none,0.0,2026-05-26 01:05:43,0
site16_237_grid_1_1,-1.0,-1.0,0.0,0,none,0.0,2026-05-26 01:05:43,0
site16_238_grid_1_1,-1.0,-1.0,0.0,0,none,0.0,2026-05-26 01:05:43,0
site16_239_grid_1_0,-1.0,-1.0,0.0,0,none,0.0,2026-05-26 01:05:43,0
site16_241_grid_0_1,-1.0,-1.0,0.0,0,none,0.0,2026-05-26 01:05:43,0
site16_242_grid_0_1,-1.0,-1.0,0.0,0,none,0.0,2026-05-26 01:05:43,0
site16_243_grid_1_1,-1.0,-1.0,0.0,0,none,0.0,2026-05-26 01:05:43,0
site16_245_grid_1_1,-1.0,-1.0,0.0,0,none,0.0,2026-05-26 01:05:43,0
site16_246_grid_1_0,-1.0,-1.0,0.0,0,none,0.0,2026-05-26 01:05:43,0
site16_247_grid_0_1,-1.0,-1.0,0.0,0,none,0.0,2026-05-26 01:05:43,0
site16_249_grid_0_0,-1.0,-1.0,0.0,0,none,0.0,2026-05-26 01:05:43,0
site16_252_grid_1_0,-1.0,-1.0,0.0,0,none,0.0,2026-05-26 01:05:43,0
site16_256_grid_0_1,-1.0,-1.0,0.0,0,none,0.0,2026-05-26 01:05:43,0
site16_257_grid_1_1,-1.0,-1.0,0.0,0,none,0.0,2026-05-26 01:05:43,0
site16_259_grid_1_0,-1.0,-1.0,0.0,0,none,0.0,2026-05-26 01:05:43,0
site16_259_grid_1_1,-1.0,-1.0,0.0,0,none,0.0,2026-05-26 01:05:43,0
site16_265_grid_0_1,-1.0,-1.0,0.0,0,none,0.0,2026-05-26 01:05:43,0
site16_266_grid_0_1,-1.0,-1.0,0.0,0,none,0.0,2026-05-26 01:05:43,0
site16_267_grid_0_0,-1.0,-1.0,0.0,0,none,0.0,2026-05-26 01:05:43,0
site16_267_grid_1_0,-1.0,-1.0,0.0,0,none,0.0,2026-05-26 01:05:43,0
site16_269_grid_1_0,-1.0,-1.0,0.0,0,none,0.0,2026-05-26 01:05:43,0
site16_271_grid_0_0,-1.0,-1.0,0.0,0,none,0.0,2026-05-26 01:05:43,0
site16_272_grid_0_1,-1.0,-1.0,0.0,0,none,0.0,2026-05-26 01:05:43,0
site16_273_grid_0_0,-1.0,-1.0,0.0,0,none,0.0,2026-05-26 01:05:43,0
site16_273_grid_1_1,-1.0,-1.0,0.0,0,none,0.0,2026-05-26 01:05:43,0
site16_274_grid_0_1,-1.0,-1.0,0.0,0,none,0.0,2026-05-26 01:05:43,0
site16_274_grid_1_0,-1.0,-1.0,0.0,0,none,0.0,2026-05-26 01:05:43,0
site16_274_grid_1_1,-1.0,-1.0,0.0,0,none,0.0,2026-05-26 01:05:43,0
site16_276_grid_0_0,-1.0,-1.0,0.0,0,none,0.0,2026-05-26 01:05:43,0
site16_276_grid_1_0,-1.0,-1.0,0.0,0,none,0.0,2026-05-26 01:05:43,0
site16_277_grid_0_0,-1.0,-1.0,0.0,0,none,0.0,2026-05-26 01:05:43,0
site16_278_grid_1_0,-1.0,-1.0,0.0,0,none,0.0,2026-05-26 01:05:43,0
site16_279_grid_0_1,-1.0,-1.0,0.0,0,none,0.0,2026-05-26 01:05:43,0
site16_279_grid_1_0,-1.0,-1.0,0.0,0,none,0.0,2026-05-26 01:05:43,0
site16_281_grid_0_0,-1.0,-1.0,0.0,0,none,0.0,2026-05-26 01:05:43,0
site16_287_grid_0_0,-1.0,-1.0,0.0,0,none,0.0,2026-05-26 01:05:43,0
site16_289_grid_1_1,-1.0,-1.0,0.0,0,none,0.0,2026-05-26 01:05:43,0
site16_290_grid_0_1,-1.0,-1.0,0.0,0,none,0.0,2026-05-26 01:05:43,0
site16_290_grid_1_0,-1.0,-1.0,0.0,0,none,0.0,2026-05-26 01:05:43,0
site16_293_grid_0_0,-1.0,-1.0,0.0,0,none,0.0,2026-05-26 01:05:43,0
site16_293_grid_1_0,-1.0,-1.0,0.0,0,none,0.0,2026-05-26 01:05:43,0
site16_294_grid_1_0,-1.0,-1.0,0.0,0,none,0.0,2026-05-26 01:05:43,0
site16_294_grid_1_1,-1.0,-1.0,0.0,0,none,0.0,2026-05-26 01:05:43,0
site16_296_grid_1_0,-1.0,-1.0,0.0,0,none,0.0,2026-05-26 01:05:43,0
site16_297_grid_0_1,-1.0,-1.0,0.0,0,none,0.0,2026-05-26 01:05:43,0
site16_298_grid_1_1,-1.0,-1.0,0.0,0,none,0.0,2026-05-26 01:05:43,0
site16_299_grid_0_0,-1.0,-1.0,0.0,0,none,0.0,2026-05-26 01:05:43,0
site16_299_grid_0_1,-1.0,-1.0,0.0,0,none,0.0,2026-05-26 01:05:43,0
site16_302_grid_1_0,-1.0,-1.0,0.0,0,none,0.0,2026-05-26 01:05:43,0
site16_302_grid_1_1,-1.0,-1.0,0.0,0,none,0.0,2026-05-26 01:05:43,0
site16_303_grid_1_1,427.77,167.07,16.9987,2,Construction and demolition materials,0.4028,2026-05-26 01:05:43,1
site16_304_grid_1_1,98.18,253.63,6.0722,2,Wood,0.5936,2026-05-26 01:05:43,1
site16_306_grid_0_0,-1.0,-1.0,0.0,0,none,0.0,2026-05-26 01:05:43,0
site16_308_grid_0_1,-1.0,-1.0,0.0,0,none,0.0,2026-05-26 01:05:43,0
site16_310_grid_0_0,-1.0,-1.0,0.0,0,none,0.0,2026-05-26 01:05:43,0
site16_313_grid_0_1,-1.0,-1.0,0.0,0,none,0.0,2026-05-26 01:05:43,0
site16_313_grid_1_0,-1.0,-1.0,0.0,0,none,0.0,2026-05-26 01:05:43,0
site16_313_grid_1_1,-1.0,-1.0,0.0,0,none,0.0,2026-05-26 01:05:43,0
site16_318_grid_0_0,-1.0,-1.0,0.0,0,none,0.0,2026-05-26 01:05:43,0
site16_321_grid_1_1,-1.0,-1.0,0.0,0,none,0.0,2026-05-26 01:05:43,0
site16_322_grid_0_0,-1.0,-1.0,0.0,0,none,0.0,2026-05-26 01:05:43,0
site16_324_grid_0_0,-1.0,-1.0,0.0,0,none,0.0,2026-05-26 01:05:43,0
site16_324_grid_0_1,-1.0,-1.0,0.0,0,none,0.0,2026-05-26 01:05:43,0
site16_325_grid_0_1,-1.0,-1.0,0.0,0,none,0.0,2026-05-26 01:05:43,0
site16_325_grid_1_0,-1.0,-1.0,0.0,0,none,0.0,2026-05-26 01:05:43,0
site16_326_grid_1_0,-1.0,-1.0,0.0,0,none,0.0,2026-05-26 01:05:43,0
site16_326_grid_1_1,-1.0,-1.0,0.0,0,none,0.0,2026-05-26 01:05:43,0
site16_327_grid_0_0,-1.0,-1.0,0.0,0,none,0.0,2026-05-26 01:05:43,0
site16_329_grid_0_0,-1.0,-1.0,0.0,0,none,0.0,2026-05-26 01:05:43,0
site16_330_grid_0_0,-1.0,-1.0,0.0,0,none,0.0,2026-05-26 01:05:43,0
site16_331_grid_0_0,-1.0,-1.0,0.0,0,none,0.0,2026-05-26 01:05:43,0
site16_331_grid_1_1,-1.0,-1.0,0.0,0,none,0.0,2026-05-26 01:05:43,0
site16_332_grid_0_0,-1.0,-1.0,0.0,0,none,0.0,2026-05-26 01:05:43,0
site16_332_grid_1_0,-1.0,-1.0,0.0,0,none,0.0,2026-05-26 01:05:43,0
site16_332_grid_1_1,-1.0,-1.0,0.0,0,none,0.0,2026-05-26 01:05:43,0
site16_334_grid_0_0,-1.0,-1.0,0.0,0,none,0.0,2026-05-26 01:05:43,0
site16_335_grid_1_0,-1.0,-1.0,0.0,0,none,0.0,2026-05-26 01:05:43,0
site16_336_grid_1_0,-1.0,-1.0,0.0,0,none,0.0,2026-05-26 01:05:43,0
site16_336_grid_1_1,-1.0,-1.0,0.0,0,none,0.0,2026-05-26 01:05:43,0
site16_337_grid_0_1,-1.0,-1.0,0.0,0,none,0.0,2026-05-26 01:05:43,0
site16_33_grid_1_1,-1.0,-1.0,0.0,0,none,0.0,2026-05-26 01:05:43,0
site16_349_grid_1_0,-1.0,-1.0,0.0,0,none,0.0,2026-05-26 01:05:43,0
site16_349_grid_1_1,-1.0,-1.0,0.0,0,none,0.0,2026-05-26 01:05:43,0
site16_350_grid_0_0,-1.0,-1.0,0.0,0,none,0.0,2026-05-26 01:05:43,0
site16_350_grid_0_1,-1.0,-1.0,0.0,0,none,0.0,2026-05-26 01:05:43,0
site16_352_grid_1_1,-1.0,-1.0,0.0,0,none,0.0,2026-05-26 01:05:43,0
site16_353_grid_0_1,-1.0,-1.0,0.0,0,none,0.0,2026-05-26 01:05:43,0
site16_354_grid_1_1,-1.0,-1.0,0.0,0,none,0.0,2026-05-26 01:05:43,0
site16_355_grid_1_1,-1.0,-1.0,0.0,0,none,0.0,2026-05-26 01:05:43,0
site16_356_grid_1_1,-1.0,-1.0,0.0,0,none,0.0,2026-05-26 01:05:43,0
site16_357_grid_0_0,-1.0,-1.0,0.0,0,none,0.0,2026-05-26 01:05:43,0
site16_357_grid_1_1,-1.0,-1.0,0.0,0,none,0.0,2026-05-26 01:05:43,0
site16_35_grid_0_0,-1.0,-1.0,0.0,0,none,0.0,2026-05-26 01:05:43,0
site16_360_grid_0_1,-1.0,-1.0,0.0,0,none,0.0,2026-05-26 01:05:43,0
site16_360_grid_1_0,-1.0,-1.0,0.0,0,none,0.0,2026-05-26 01:05:43,0
site16_361_grid_0_1,-1.0,-1.0,0.0,0,none,0.0,2026-05-26 01:05:43,0
site16_370_grid_0_1,-1.0,-1.0,0.0,0,none,0.0,2026-05-26 01:05:43,0
site16_371_grid_0_0,-1.0,-1.0,0.0,0,none,0.0,2026-05-26 01:05:43,0
site16_373_grid_0_1,-1.0,-1.0,0.0,0,none,0.0,2026-05-26 01:05:43,0
site16_374_grid_0_0,-1.0,-1.0,0.0,0,none,0.0,2026-05-26 01:05:43,0
site16_377_grid_1_0,-1.0,-1.0,0.0,0,none,0.0,2026-05-26 01:05:43,0
site16_383_grid_0_1,-1.0,-1.0,0.0,0,none,0.0,2026-05-26 01:05:43,0
site16_384_grid_1_1,-1.0,-1.0,0.0,0,none,0.0,2026-05-26 01:05:43,0
site16_385_grid_0_0,-1.0,-1.0,0.0,0,none,0.0,2026-05-26 01:05:43,0
site16_385_grid_0_1,-1.0,-1.0,0.0,0,none,0.0,2026-05-26 01:05:43,0
site16_388_grid_0_1,-1.0,-1.0,0.0,0,none,0.0,2026-05-26 01:05:43,0
site16_388_grid_1_0,-1.0,-1.0,0.0,0,none,0.0,2026-05-26 01:05:43,0
site16_38_grid_1_0,-1.0,-1.0,0.0,0,none,0.0,2026-05-26 01:05:43,0
site16_391_grid_0_0,-1.0,-1.0,0.0,0,none,0.0,2026-05-26 01:05:43,0
site16_391_grid_0_1,-1.0,-1.0,0.0,0,none,0.0,2026-05-26 01:05:43,0
site16_396_grid_1_0,-1.0,-1.0,0.0,0,none,0.0,2026-05-26 01:05:43,0
site16_396_grid_1_1,-1.0,-1.0,0.0,0,none,0.0,2026-05-26 01:05:43,0
site16_397_grid_1_1,-1.0,-1.0,0.0,0,none,0.0,2026-05-26 01:05:43,0
site16_398_grid_0_0,-1.0,-1.0,0.0,0,none,0.0,2026-05-26 01:05:43,0
site16_398_grid_0_1,-1.0,-1.0,0.0,0,none,0.0,2026-05-26 01:05:43,0
site16_399_grid_1_0,-1.0,-1.0,0.0,0,none,0.0,2026-05-26 01:05:43,0
site16_402_grid_0_0,-1.0,-1.0,0.0,0,none,0.0,2026-05-26 01:05:43,0
site16_403_grid_0_1,-1.0,-1.0,0.0,0,none,0.0,2026-05-26 01:05:43,0
site16_403_grid_1_0,-1.0,-1.0,0.0,0,none,0.0,2026-05-26 01:05:43,0
site16_405_grid_0_1,-1.0,-1.0,0.0,0,none,0.0,2026-05-26 01:05:43,0
site16_406_grid_1_1,405.21,290.63,38.9893,2,Asbestos,0.8724,2026-05-26 01:05:43,1
site16_408_grid_0_0,-1.0,-1.0,0.0,0,none,0.0,2026-05-26 01:05:43,0
site16_408_grid_0_1,-1.0,-1.0,0.0,0,none,0.0,2026-05-26 01:05:43,0
site16_409_grid_1_0,-1.0,-1.0,0.0,0,none,0.0,2026-05-26 01:05:43,0
site16_40_grid_1_1,-1.0,-1.0,0.0,0,none,0.0,2026-05-26 01:05:43,0
site16_412_grid_0_0,-1.0,-1.0,0.0,0,none,0.0,2026-05-26 01:05:43,0
site16_412_grid_0_1,-1.0,-1.0,0.0,0,none,0.0,2026-05-26 01:05:43,0
site16_413_grid_0_0,-1.0,-1.0,0.0,0,none,0.0,2026-05-26 01:05:43,0
site16_415_grid_1_1,-1.0,-1.0,0.0,0,none,0.0,2026-05-26 01:05:43,0
site16_417_grid_0_1,-1.0,-1.0,0.0,0,none,0.0,2026-05-26 01:05:43,0
site16_418_grid_0_1,-1.0,-1.0,0.0,0,none,0.0,2026-05-26 01:05:43,0
site16_41_grid_0_1,-1.0,-1.0,0.0,0,none,0.0,2026-05-26 01:05:43,0
site16_420_grid_0_1,-1.0,-1.0,0.0,0,none,0.0,2026-05-26 01:05:43,0
site16_421_grid_0_1,-1.0,-1.0,0.0,0,none,0.0,2026-05-26 01:05:43,0
site16_423_grid_0_1,-1.0,-1.0,0.0,0,none,0.0,2026-05-26 01:05:43,0
site16_424_grid_0_0,-1.0,-1.0,0.0,0,none,0.0,2026-05-26 01:05:43,0
site16_425_grid_1_0,-1.0,-1.0,0.0,0,none,0.0,2026-05-26 01:05:43,0
site16_425_grid_1_1,-1.0,-1.0,0.0,0,none,0.0,2026-05-26 01:05:43,0
site16_426_grid_0_1,-1.0,-1.0,0.0,0,none,0.0,2026-05-26 01:05:43,0
site16_427_grid_1_1,-1.0,-1.0,0.0,0,none,0.0,2026-05-26 01:05:43,0
site16_429_grid_0_1,-1.0,-1.0,0.0,0,none,0.0,2026-05-26 01:05:43,0
site16_429_grid_1_0,-1.0,-1.0,0.0,0,none,0.0,2026-05-26 01:05:43,0
site16_42_grid_1_0,-1.0,-1.0,0.0,0,none,0.0,2026-05-26 01:05:43,0
site16_430_grid_0_0,-1.0,-1.0,0.0,0,none,0.0,2026-05-26 01:05:43,0
site16_432_grid_0_0,417.28,244.19,29.8645,2,Asbestos,0.6103,2026-05-26 01:05:43,1
site16_434_grid_1_1,-1.0,-1.0,0.0,0,none,0.0,2026-05-26 01:05:43,0
site16_435_grid_0_0,-1.0,-1.0,0.0,0,none,0.0,2026-05-26 01:05:43,0
site16_435_grid_1_0,-1.0,-1.0,0.0,0,none,0.0,2026-05-26 01:05:43,0
site16_437_grid_1_0,-1.0,-1.0,0.0,0,none,0.0,2026-05-26 01:05:43,0
site16_438_grid_0_0,-1.0,-1.0,0.0,0,none,0.0,2026-05-26 01:05:43,0
site16_438_grid_1_0,-1.0,-1.0,0.0,0,none,0.0,2026-05-26 01:05:43,0
site16_43_grid_0_0,-1.0,-1.0,0.0,0,none,0.0,2026-05-26 01:05:43,0
site16_441_grid_0_1,-1.0,-1.0,0.0,0,none,0.0,2026-05-26 01:05:43,0
site16_443_grid_0_0,-1.0,-1.0,0.0,0,none,0.0,2026-05-26 01:05:43,0
site16_443_grid_0_1,-1.0,-1.0,0.0,0,none,0.0,2026-05-26 01:05:43,0
site16_443_grid_1_1,-1.0,-1.0,0.0,0,none,0.0,2026-05-26 01:05:43,0
site16_444_grid_0_1,-1.0,-1.0,0.0,0,none,0.0,2026-05-26 01:05:43,0
site16_445_grid_0_1,-1.0,-1.0,0.0,0,none,0.0,2026-05-26 01:05:43,0
site16_447_grid_1_1,-1.0,-1.0,0.0,0,none,0.0,2026-05-26 01:05:43,0
site16_448_grid_0_1,-1.0,-1.0,0.0,0,none,0.0,2026-05-26 01:05:43,0
site16_448_grid_1_1,-1.0,-1.0,0.0,0,none,0.0,2026-05-26 01:05:43,0
site16_449_grid_0_0,-1.0,-1.0,0.0,0,none,0.0,2026-05-26 01:05:43,0
site16_449_grid_0_1,-1.0,-1.0,0.0,0,none,0.0,2026-05-26 01:05:43,0
site16_449_grid_1_0,-1.0,-1.0,0.0,0,none,0.0,2026-05-26 01:05:43,0
site16_44_grid_1_0,-1.0,-1.0,0.0,0,none,0.0,2026-05-26 01:05:43,0
site16_452_grid_1_1,-1.0,-1.0,0.0,0,none,0.0,2026-05-26 01:05:43,0
site16_456_grid_1_0,-1.0,-1.0,0.0,0,none,0.0,2026-05-26 01:05:43,0
site16_456_grid_1_1,-1.0,-1.0,0.0,0,none,0.0,2026-05-26 01:05:43,0
site16_457_grid_1_1,-1.0,-1.0,0.0,0,none,0.0,2026-05-26 01:05:43,0
site16_458_grid_1_0,473.78,475.27,2.2118,1,Construction and demolition materials,0.922,2026-05-26 01:05:43,1
site16_459_grid_1_0,65.88,435.73,8.2661,1,Construction and demolition materials,0.9083,2026-05-26 01:05:43,1
site16_45_grid_0_0,-1.0,-1.0,0.0,0,none,0.0,2026-05-26 01:05:43,0
site16_45_grid_1_1,-1.0,-1.0,0.0,0,none,0.0,2026-05-26 01:05:43,0
site16_460_grid_0_0,-1.0,-1.0,0.0,0,none,0.0,2026-05-26 01:05:43,0
site16_461_grid_0_0,-1.0,-1.0,0.0,0,none,0.0,2026-05-26 01:05:43,0
site16_461_grid_1_1,-1.0,-1.0,0.0,0,none,0.0,2026-05-26 01:05:43,0
site16_462_grid_0_1,-1.0,-1.0,0.0,0,none,0.0,2026-05-26 01:05:43,0
site16_462_grid_1_0,-1.0,-1.0,0.0,0,none,0.0,2026-05-26 01:05:43,0
site16_464_grid_0_0,-1.0,-1.0,0.0,0,none,0.0,2026-05-26 01:05:43,0
site16_467_grid_0_1,-1.0,-1.0,0.0,0,none,0.0,2026-05-26 01:05:43,0
site16_469_grid_1_1,-1.0,-1.0,0.0,0,none,0.0,2026-05-26 01:05:43,0
site16_46_grid_1_0,-1.0,-1.0,0.0,0,none,0.0,2026-05-26 01:05:43,0
site16_471_grid_0_0,-1.0,-1.0,0.0,0,none,0.0,2026-05-26 01:05:43,0
site16_472_grid_1_1,-1.0,-1.0,0.0,0,none,0.0,2026-05-26 01:05:43,0
site16_473_grid_0_0,-1.0,-1.0,0.0,0,none,0.0,2026-05-26 01:05:43,0
site16_474_grid_0_0,-1.0,-1.0,0.0,0,none,0.0,2026-05-26 01:05:43,0
site16_474_grid_0_1,-1.0,-1.0,0.0,0,none,0.0,2026-05-26 01:05:43,0
site16_475_grid_1_0,-1.0,-1.0,0.0,0,none,0.0,2026-05-26 01:05:43,0
site16_476_grid_0_1,-1.0,-1.0,0.0,0,none,0.0,2026-05-26 01:05:43,0
site16_477_grid_1_0,-1.0,-1.0,0.0,0,none,0.0,2026-05-26 01:05:43,0
site16_479_grid_0_1,-1.0,-1.0,0.0,0,none,0.0,2026-05-26 01:05:43,0
site16_47_grid_0_0,-1.0,-1.0,0.0,0,none,0.0,2026-05-26 01:05:43,0
site16_481_grid_0_1,-1.0,-1.0,0.0,0,none,0.0,2026-05-26 01:05:43,0
site16_482_grid_1_0,-1.0,-1.0,0.0,0,none,0.0,2026-05-26 01:05:43,0
site16_483_grid_0_0,-1.0,-1.0,0.0,0,none,0.0,2026-05-26 01:05:43,0
site16_483_grid_1_0,-1.0,-1.0,0.0,0,none,0.0,2026-05-26 01:05:43,0
site16_484_grid_0_0,416.28,263.27,8.0585,3,Construction and demolition materials,0.4852,2026-05-26 01:05:43,1
site16_484_grid_1_0,297.68,440.29,19.6453,1,Asbestos,0.745,2026-05-26 01:05:43,1
site16_486_grid_0_1,-1.0,-1.0,0.0,0,none,0.0,2026-05-26 01:05:43,0
site16_487_grid_0_0,-1.0,-1.0,0.0,0,none,0.0,2026-05-26 01:05:43,0
site16_488_grid_1_1,-1.0,-1.0,0.0,0,none,0.0,2026-05-26 01:05:43,0
site16_489_grid_0_1,-1.0,-1.0,0.0,0,none,0.0,2026-05-26 01:05:43,0
site16_48_grid_1_1,-1.0,-1.0,0.0,0,none,0.0,2026-05-26 01:05:43,0
site16_490_grid_0_1,-1.0,-1.0,0.0,0,none,0.0,2026-05-26 01:05:43,0
site16_490_grid_1_1,-1.0,-1.0,0.0,0,none,0.0,2026-05-26 01:05:43,0
site16_491_grid_0_0,-1.0,-1.0,0.0,0,none,0.0,2026-05-26 01:05:43,0
site16_492_grid_1_1,-1.0,-1.0,0.0,0,none,0.0,2026-05-26 01:05:43,0
site16_495_grid_0_0,-1.0,-1.0,0.0,0,none,0.0,2026-05-26 01:05:43,0
site16_498_grid_0_0,-1.0,-1.0,0.0,0,none,0.0,2026-05-26 01:05:43,0
site16_49_grid_0_0,-1.0,-1.0,0.0,0,none,0.0,2026-05-26 01:05:43,0
site16_49_grid_0_1,-1.0,-1.0,0.0,0,none,0.0,2026-05-26 01:05:43,0
site16_502_grid_1_1,-1.0,-1.0,0.0,0,none,0.0,2026-05-26 01:05:43,0
site16_504_grid_1_1,-1.0,-1.0,0.0,0,none,0.0,2026-05-26 01:05:43,0
site16_505_grid_0_1,-1.0,-1.0,0.0,0,none,0.0,2026-05-26 01:05:43,0
site16_506_grid_0_0,-1.0,-1.0,0.0,0,none,0.0,2026-05-26 01:05:43,0
site16_506_grid_0_1,-1.0,-1.0,0.0,0,none,0.0,2026-05-26 01:05:43,0
site16_509_grid_1_1,493.95,228.97,4.4071,2,Asbestos,0.5098,2026-05-26 01:05:43,1
site16_510_grid_0_1,398.05,295.2,37.7068,1,Asbestos,0.2611,2026-05-26 01:05:43,1
site16_510_grid_1_0,266.94,226.29,78.8502,4,Asbestos,0.5715,2026-05-26 01:05:43,1
site16_512_grid_0_0,191.24,127.51,33.2123,2,Asbestos,0.534,2026-05-26 01:05:43,1
site16_512_grid_1_0,155.2,81.2,18.2682,1,Asbestos,0.3407,2026-05-26 01:05:43,1
site16_512_grid_1_1,478.02,74.31,3.4805,1,Pallets,0.368,2026-05-26 01:05:43,1
site16_514_grid_1_0,-1.0,-1.0,0.0,0,none,0.0,2026-05-26 01:05:43,0
site16_514_grid_1_1,-1.0,-1.0,0.0,0,none,0.0,2026-05-26 01:05:43,0
site16_515_grid_0_1,-1.0,-1.0,0.0,0,none,0.0,2026-05-26 01:05:43,0
site16_515_grid_1_1,-1.0,-1.0,0.0,0,none,0.0,2026-05-26 01:05:43,0
site16_517_grid_0_0,-1.0,-1.0,0.0,0,none,0.0,2026-05-26 01:05:43,0
site16_517_grid_1_1,-1.0,-1.0,0.0,0,none,0.0,2026-05-26 01:05:43,0
site16_518_grid_0_0,-1.0,-1.0,0.0,0,none,0.0,2026-05-26 01:05:43,0
site16_518_grid_0_1,-1.0,-1.0,0.0,0,none,0.0,2026-05-26 01:05:43,0
site16_518_grid_1_0,-1.0,-1.0,0.0,0,none,0.0,2026-05-26 01:05:43,0
site16_518_grid_1_1,-1.0,-1.0,0.0,0,none,0.0,2026-05-26 01:05:43,0
site16_522_grid_1_1,-1.0,-1.0,0.0,0,none,0.0,2026-05-26 01:05:43,0
site16_524_grid_1_0,-1.0,-1.0,0.0,0,none,0.0,2026-05-26 01:05:43,0
site16_527_grid_0_0,-1.0,-1.0,0.0,0,none,0.0,2026-05-26 01:05:43,0
site16_527_grid_0_1,-1.0,-1.0,0.0,0,none,0.0,2026-05-26 01:05:43,0
site16_529_grid_1_1,-1.0,-1.0,0.0,0,none,0.0,2026-05-26 01:05:43,0
site16_530_grid_0_0,-1.0,-1.0,0.0,0,none,0.0,2026-05-26 01:05:43,0
site16_530_grid_1_1,-1.0,-1.0,0.0,0,none,0.0,2026-05-26 01:05:43,0
site16_531_grid_0_1,-1.0,-1.0,0.0,0,none,0.0,2026-05-26 01:05:43,0
site16_532_grid_0_1,-1.0,-1.0,0.0,0,none,0.0,2026-05-26 01:05:43,0
site16_532_grid_1_1,-1.0,-1.0,0.0,0,none,0.0,2026-05-26 01:05:43,0
site16_534_grid_0_0,-1.0,-1.0,0.0,0,none,0.0,2026-05-26 01:05:43,0
site16_534_grid_1_1,-1.0,-1.0,0.0,0,none,0.0,2026-05-26 01:05:43,0
site16_535_grid_1_1,416.11,388.06,17.8905,1,Construction and demolition materials,0.5708,2026-05-26 01:05:43,1
site16_537_grid_0_0,138.99,342.07,16.7358,10,Construction and demolition materials,0.5528,2026-05-26 01:05:43,1
site16_538_grid_1_1,-1.0,-1.0,0.0,0,none,0.0,2026-05-26 01:05:43,0
site16_539_grid_0_0,-1.0,-1.0,0.0,0,none,0.0,2026-05-26 01:05:43,0
site16_539_grid_0_1,-1.0,-1.0,0.0,0,none,0.0,2026-05-26 01:05:43,0
site16_543_grid_0_0,-1.0,-1.0,0.0,0,none,0.0,2026-05-26 01:05:43,0
site16_547_grid_0_1,-1.0,-1.0,0.0,0,none,0.0,2026-05-26 01:05:43,0
site16_547_grid_1_0,-1.0,-1.0,0.0,0,none,0.0,2026-05-26 01:05:43,0
site16_549_grid_1_0,-1.0,-1.0,0.0,0,none,0.0,2026-05-26 01:05:43,0
site16_549_grid_1_1,-1.0,-1.0,0.0,0,none,0.0,2026-05-26 01:05:43,0
site16_552_grid_0_1,-1.0,-1.0,0.0,0,none,0.0,2026-05-26 01:05:43,0
site16_554_grid_1_0,-1.0,-1.0,0.0,0,none,0.0,2026-05-26 01:05:43,0
site16_554_grid_1_1,-1.0,-1.0,0.0,0,none,0.0,2026-05-26 01:05:43,0
site16_555_grid_1_0,-1.0,-1.0,0.0,0,none,0.0,2026-05-26 01:05:43,0
site16_555_grid_1_1,-1.0,-1.0,0.0,0,none,0.0,2026-05-26 01:05:43,0
site16_556_grid_0_1,-1.0,-1.0,0.0,0,none,0.0,2026-05-26 01:05:43,0
site16_557_grid_1_1,-1.0,-1.0,0.0,0,none,0.0,2026-05-26 01:05:43,0
site16_563_grid_0_0,-1.0,-1.0,0.0,0,none,0.0,2026-05-26 01:05:43,0
site16_565_grid_1_1,-1.0,-1.0,0.0,0,none,0.0,2026-05-26 01:05:43,0
site16_568_grid_1_0,-1.0,-1.0,0.0,0,none,0.0,2026-05-26 01:05:43,0
site16_574_grid_1_0,-1.0,-1.0,0.0,0,none,0.0,2026-05-26 01:05:43,0
site16_576_grid_1_0,-1.0,-1.0,0.0,0,none,0.0,2026-05-26 01:05:43,0
site16_578_grid_0_0,-1.0,-1.0,0.0,0,none,0.0,2026-05-26 01:05:43,0
site16_578_grid_1_1,-1.0,-1.0,0.0,0,none,0.0,2026-05-26 01:05:43,0
site16_579_grid_1_1,-1.0,-1.0,0.0,0,none,0.0,2026-05-26 01:05:43,0
site16_581_grid_1_0,-1.0,-1.0,0.0,0,none,0.0,2026-05-26 01:05:43,0
site16_583_grid_0_0,-1.0,-1.0,0.0,0,none,0.0,2026-05-26 01:05:43,0
site16_585_grid_0_1,-1.0,-1.0,0.0,0,none,0.0,2026-05-26 01:05:43,0
site16_585_grid_1_1,-1.0,-1.0,0.0,0,none,0.0,2026-05-26 01:05:43,0
site16_586_grid_1_0,-1.0,-1.0,0.0,0,none,0.0,2026-05-26 01:05:43,0
site16_586_grid_1_1,-1.0,-1.0,0.0,0,none,0.0,2026-05-26 01:05:43,0
site16_589_grid_0_0,-1.0,-1.0,0.0,0,none,0.0,2026-05-26 01:05:43,0
site16_58_grid_1_1,-1.0,-1.0,0.0,0,none,0.0,2026-05-26 01:05:43,0
site16_591_grid_1_0,-1.0,-1.0,0.0,0,none,0.0,2026-05-26 01:05:43,0
site16_594_grid_0_0,-1.0,-1.0,0.0,0,none,0.0,2026-05-26 01:05:43,0
site16_599_grid_1_0,-1.0,-1.0,0.0,0,none,0.0,2026-05-26 01:05:43,0
site16_59_grid_0_0,-1.0,-1.0,0.0,0,none,0.0,2026-05-26 01:05:43,0
site16_604_grid_1_0,-1.0,-1.0,0.0,0,none,0.0,2026-05-26 01:05:43,0
site16_608_grid_0_1,-1.0,-1.0,0.0,0,none,0.0,2026-05-26 01:05:43,0
site16_610_grid_1_1,-1.0,-1.0,0.0,0,none,0.0,2026-05-26 01:05:43,0
site16_611_grid_1_0,-1.0,-1.0,0.0,0,none,0.0,2026-05-26 01:05:43,0
site16_612_grid_0_1,-1.0,-1.0,0.0,0,none,0.0,2026-05-26 01:05:43,0
site16_615_grid_0_1,-1.0,-1.0,0.0,0,none,0.0,2026-05-26 01:05:43,0
site16_615_grid_1_1,-1.0,-1.0,0.0,0,none,0.0,2026-05-26 01:05:43,0
site16_617_grid_0_0,-1.0,-1.0,0.0,0,none,0.0,2026-05-26 01:05:43,0
site16_628_grid_0_0,-1.0,-1.0,0.0,0,none,0.0,2026-05-26 01:05:43,0
site16_628_grid_0_1,-1.0,-1.0,0.0,0,none,0.0,2026-05-26 01:05:43,0
site16_629_grid_0_1,-1.0,-1.0,0.0,0,none,0.0,2026-05-26 01:05:43,0
site16_633_grid_0_0,-1.0,-1.0,0.0,0,none,0.0,2026-05-26 01:05:43,0
site16_633_grid_0_1,-1.0,-1.0,0.0,0,none,0.0,2026-05-26 01:05:43,0
site16_635_grid_0_0,-1.0,-1.0,0.0,0,none,0.0,2026-05-26 01:05:43,0
site16_636_grid_0_0,-1.0,-1.0,0.0,0,none,0.0,2026-05-26 01:05:43,0
site16_636_grid_0_1,-1.0,-1.0,0.0,0,none,0.0,2026-05-26 01:05:43,0
site16_636_grid_1_1,-1.0,-1.0,0.0,0,none,0.0,2026-05-26 01:05:43,0
site16_639_grid_1_0,-1.0,-1.0,0.0,0,none,0.0,2026-05-26 01:05:43,0
site16_639_grid_1_1,-1.0,-1.0,0.0,0,none,0.0,2026-05-26 01:05:43,0
site16_640_grid_0_1,-1.0,-1.0,0.0,0,none,0.0,2026-05-26 01:05:43,0
site16_641_grid_1_1,-1.0,-1.0,0.0,0,none,0.0,2026-05-26 01:05:43,0
site16_642_grid_1_1,-1.0,-1.0,0.0,0,none,0.0,2026-05-26 01:05:43,0
site16_643_grid_1_0,-1.0,-1.0,0.0,0,none,0.0,2026-05-26 01:05:43,0
site16_643_grid_1_1,-1.0,-1.0,0.0,0,none,0.0,2026-05-26 01:05:43,0
site16_645_grid_0_0,-1.0,-1.0,0.0,0,none,0.0,2026-05-26 01:05:43,0
site16_64_grid_0_1,-1.0,-1.0,0.0,0,none,0.0,2026-05-26 01:05:43,0
site16_64_grid_1_1,-1.0,-1.0,0.0,0,none,0.0,2026-05-26 01:05:43,0
site16_653_grid_0_0,-1.0,-1.0,0.0,0,none,0.0,2026-05-26 01:05:43,0
site16_655_grid_1_1,-1.0,-1.0,0.0,0,none,0.0,2026-05-26 01:05:43,0
site16_656_grid_1_0,-1.0,-1.0,0.0,0,none,0.0,2026-05-26 01:05:43,0
site16_656_grid_1_1,-1.0,-1.0,0.0,0,none,0.0,2026-05-26 01:05:43,0
site16_660_grid_1_0,-1.0,-1.0,0.0,0,none,0.0,2026-05-26 01:05:43,0
site16_661_grid_1_1,-1.0,-1.0,0.0,0,none,0.0,2026-05-26 01:05:43,0
site16_663_grid_1_0,-1.0,-1.0,0.0,0,none,0.0,2026-05-26 01:05:43,0
site16_664_grid_0_1,-1.0,-1.0,0.0,0,none,0.0,2026-05-26 01:05:43,0
site16_664_grid_1_0,208.02,58.92,8.4698,1,Construction and demolition materials,0.3363,2026-05-26 01:05:43,1
site16_664_grid_1_1,-1.0,-1.0,0.0,0,none,0.0,2026-05-26 01:05:43,0
site16_665_grid_0_0,-1.0,-1.0,0.0,0,none,0.0,2026-05-26 01:05:43,0
site16_665_grid_1_1,-1.0,-1.0,0.0,0,none,0.0,2026-05-26 01:05:43,0
site16_666_grid_0_0,-1.0,-1.0,0.0,0,none,0.0,2026-05-26 01:05:43,0
site16_667_grid_1_1,267.26,213.19,27.0111,3,Mixed items,0.5711,2026-05-26 01:05:43,1
site16_668_grid_0_0,254.26,135.23,45.3415,2,Rubble,0.5866,2026-05-26 01:05:43,1
site16_668_grid_1_1,246.53,151.64,26.2623,3,Rubble,0.5697,2026-05-26 01:05:43,1
site16_669_grid_0_0,-1.0,-1.0,0.0,0,none,0.0,2026-05-26 01:05:43,0
site16_669_grid_0_1,-1.0,-1.0,0.0,0,none,0.0,2026-05-26 01:05:43,0
site16_66_grid_1_0,-1.0,-1.0,0.0,0,none,0.0,2026-05-26 01:05:43,0
site16_670_grid_0_0,-1.0,-1.0,0.0,0,none,0.0,2026-05-26 01:05:43,0
site16_670_grid_1_1,-1.0,-1.0,0.0,0,none,0.0,2026-05-26 01:05:43,0
site16_671_grid_1_0,-1.0,-1.0,0.0,0,none,0.0,2026-05-26 01:05:43,0
site16_672_grid_0_0,-1.0,-1.0,0.0,0,none,0.0,2026-05-26 01:05:43,0
site16_672_grid_1_1,-1.0,-1.0,0.0,0,none,0.0,2026-05-26 01:05:43,0
site16_673_grid_0_0,-1.0,-1.0,0.0,0,none,0.0,2026-05-26 01:05:43,0
site16_682_grid_0_1,-1.0,-1.0,0.0,0,none,0.0,2026-05-26 01:05:43,0
site16_683_grid_1_1,-1.0,-1.0,0.0,0,none,0.0,2026-05-26 01:05:43,0
site16_684_grid_1_0,-1.0,-1.0,0.0,0,none,0.0,2026-05-26 01:05:43,0
site16_684_grid_1_1,-1.0,-1.0,0.0,0,none,0.0,2026-05-26 01:05:43,0
site16_685_grid_0_1,-1.0,-1.0,0.0,0,none,0.0,2026-05-26 01:05:43,0
site16_686_grid_0_0,-1.0,-1.0,0.0,0,none,0.0,2026-05-26 01:05:43,0
site16_686_grid_1_0,-1.0,-1.0,0.0,0,none,0.0,2026-05-26 01:05:43,0
site16_687_grid_1_0,-1.0,-1.0,0.0,0,none,0.0,2026-05-26 01:05:43,0
site16_688_grid_1_1,-1.0,-1.0,0.0,0,none,0.0,2026-05-26 01:05:43,0
site16_689_grid_0_0,-1.0,-1.0,0.0,0,none,0.0,2026-05-26 01:05:43,0
site16_689_grid_0_1,-1.0,-1.0,0.0,0,none,0.0,2026-05-26 01:05:43,0
site16_689_grid_1_1,442.75,201.17,13.6036,1,Rubble,0.3923,2026-05-26 01:05:43,1
site16_68_grid_0_0,-1.0,-1.0,0.0,0,none,0.0,2026-05-26 01:05:43,0
site16_691_grid_0_1,-1.0,-1.0,0.0,0,none,0.0,2026-05-26 01:05:43,0
site16_692_grid_1_0,-1.0,-1.0,0.0,0,none,0.0,2026-05-26 01:05:43,0
site16_693_grid_0_0,398.62,252.39,9.2239,7,Asbestos,0.4662,2026-05-26 01:05:43,1
site16_696_grid_1_0,397.81,257.73,11.7226,2,Plastic,0.7803,2026-05-26 01:05:43,1
site16_696_grid_1_1,333.86,297.21,17.4919,4,Scrap,0.6517,2026-05-26 01:05:43,1
site16_697_grid_0_0,270.53,377.75,0.3784,1,Tyres,0.2814,2026-05-26 01:05:43,1
site16_697_grid_1_1,142.46,249.72,0.3754,1,Tyres,0.3423,2026-05-26 01:05:43,1
site16_698_grid_0_0,97.22,270.77,2.7321,1,Plastic,0.4106,2026-05-26 01:05:43,1
site16_69_grid_0_1,-1.0,-1.0,0.0,0,none,0.0,2026-05-26 01:05:43,0
site16_69_grid_1_0,-1.0,-1.0,0.0,0,none,0.0,2026-05-26 01:05:43,0
site16_6_grid_1_1,-1.0,-1.0,0.0,0,none,0.0,2026-05-26 01:05:43,0
site16_704_grid_0_1,-1.0,-1.0,0.0,0,none,0.0,2026-05-26 01:05:43,0
site16_707_grid_0_0,-1.0,-1.0,0.0,0,none,0.0,2026-05-26 01:05:43,0
site16_707_grid_1_1,-1.0,-1.0,0.0,0,none,0.0,2026-05-26 01:05:43,0
site16_709_grid_1_1,-1.0,-1.0,0.0,0,none,0.0,2026-05-26 01:05:43,0
site16_710_grid_0_1,-1.0,-1.0,0.0,0,none,0.0,2026-05-26 01:05:43,0
site16_711_grid_1_0,-1.0,-1.0,0.0,0,none,0.0,2026-05-26 01:05:43,0
site16_714_grid_0_1,-1.0,-1.0,0.0,0,none,0.0,2026-05-26 01:05:43,0
site16_718_grid_0_1,-1.0,-1.0,0.0,0,none,0.0,2026-05-26 01:05:43,0
site16_719_grid_1_1,352.33,360.17,29.5387,3,Rubble,0.5766,2026-05-26 01:05:43,1
site16_71_grid_0_0,-1.0,-1.0,0.0,0,none,0.0,2026-05-26 01:05:43,0
site16_720_grid_0_0,225.53,194.35,25.045,7,Scrap,0.4084,2026-05-26 01:05:43,1
site16_723_grid_0_0,-1.0,-1.0,0.0,0,none,0.0,2026-05-26 01:05:43,0
site16_723_grid_1_1,444.71,99.17,4.261,2,Plastic,0.3773,2026-05-26 01:05:43,1
site16_72_grid_1_1,-1.0,-1.0,0.0,0,none,0.0,2026-05-26 01:05:43,0
site16_730_grid_0_0,-1.0,-1.0,0.0,0,none,0.0,2026-05-26 01:05:43,0
site16_731_grid_0_0,-1.0,-1.0,0.0,0,none,0.0,2026-05-26 01:05:43,0
site16_732_grid_0_0,-1.0,-1.0,0.0,0,none,0.0,2026-05-26 01:05:43,0
site16_733_grid_0_0,-1.0,-1.0,0.0,0,none,0.0,2026-05-26 01:05:43,0
site16_734_grid_1_0,-1.0,-1.0,0.0,0,none,0.0,2026-05-26 01:05:43,0
site16_736_grid_1_0,-1.0,-1.0,0.0,0,none,0.0,2026-05-26 01:05:43,0
site16_737_grid_0_0,-1.0,-1.0,0.0,0,none,0.0,2026-05-26 01:05:43,0
site16_737_grid_1_1,-1.0,-1.0,0.0,0,none,0.0,2026-05-26 01:05:43,0
site16_739_grid_1_1,-1.0,-1.0,0.0,0,none,0.0,2026-05-26 01:05:43,0
site16_73_grid_0_0,-1.0,-1.0,0.0,0,none,0.0,2026-05-26 01:05:43,0
site16_73_grid_1_0,-1.0,-1.0,0.0,0,none,0.0,2026-05-26 01:05:43,0
site16_740_grid_0_0,-1.0,-1.0,0.0,0,none,0.0,2026-05-26 01:05:43,0
site16_740_grid_1_1,-1.0,-1.0,0.0,0,none,0.0,2026-05-26 01:05:43,0
site16_741_grid_0_0,-1.0,-1.0,0.0,0,none,0.0,2026-05-26 01:05:43,0
site16_742_grid_1_0,-1.0,-1.0,0.0,0,none,0.0,2026-05-26 01:05:43,0
site16_745_grid_0_1,45.82,74.14,4.9973,1,Wood,0.4703,2026-05-26 01:05:43,1
site16_745_grid_1_1,-1.0,-1.0,0.0,0,none,0.0,2026-05-26 01:05:43,0
site16_746_grid_0_0,361.36,81.14,17.4564,2,Asbestos,0.6386,2026-05-26 01:05:43,1
site16_748_grid_0_0,-1.0,-1.0,0.0,0,none,0.0,2026-05-26 01:05:43,0
site16_749_grid_0_1,135.43,445.32,2.2438,1,Plastic,0.3909,2026-05-26 01:05:43,1
site16_749_grid_1_0,263.98,316.83,2.1732,1,Plastic,0.3378,2026-05-26 01:05:43,1
site16_74_grid_0_0,-1.0,-1.0,0.0,0,none,0.0,2026-05-26 01:05:43,0
site16_74_grid_1_0,-1.0,-1.0,0.0,0,none,0.0,2026-05-26 01:05:43,0
site16_750_grid_0_0,296.19,132.82,30.5161,2,Vehicles,0.4505,2026-05-26 01:05:43,1
site16_750_grid_1_0,-1.0,-1.0,0.0,0,none,0.0,2026-05-26 01:05:43,0
site16_755_grid_1_0,-1.0,-1.0,0.0,0,none,0.0,2026-05-26 01:05:43,0
site16_756_grid_1_0,-1.0,-1.0,0.0,0,none,0.0,2026-05-26 01:05:43,0
site16_756_grid_1_1,-1.0,-1.0,0.0,0,none,0.0,2026-05-26 01:05:43,0
site16_757_grid_0_0,-1.0,-1.0,0.0,0,none,0.0,2026-05-26 01:05:43,0
site16_758_grid_0_0,-1.0,-1.0,0.0,0,none,0.0,2026-05-26 01:05:43,0
site16_759_grid_1_1,-1.0,-1.0,0.0,0,none,0.0,2026-05-26 01:05:43,0
site16_75_grid_0_0,-1.0,-1.0,0.0,0,none,0.0,2026-05-26 01:05:43,0
site16_761_grid_0_0,-1.0,-1.0,0.0,0,none,0.0,2026-05-26 01:05:43,0
site16_763_grid_0_0,-1.0,-1.0,0.0,0,none,0.0,2026-05-26 01:05:43,0
site16_763_grid_1_0,-1.0,-1.0,0.0,0,none,0.0,2026-05-26 01:05:43,0
site16_765_grid_1_0,-1.0,-1.0,0.0,0,none,0.0,2026-05-26 01:05:43,0
site16_766_grid_0_0,-1.0,-1.0,0.0,0,none,0.0,2026-05-26 01:05:43,0
site16_767_grid_1_1,59.88,85.74,7.6942,1,Excavation materials,0.3815,2026-05-26 01:05:43,1
site16_768_grid_0_0,-1.0,-1.0,0.0,0,none,0.0,2026-05-26 01:05:43,0
site16_769_grid_1_0,-1.0,-1.0,0.0,0,none,0.0,2026-05-26 01:05:43,0
site16_770_grid_0_0,-1.0,-1.0,0.0,0,none,0.0,2026-05-26 01:05:43,0
site16_770_grid_1_1,-1.0,-1.0,0.0,0,none,0.0,2026-05-26 01:05:43,0
site16_773_grid_0_1,-1.0,-1.0,0.0,0,none,0.0,2026-05-26 01:05:43,0
site16_773_grid_1_0,-1.0,-1.0,0.0,0,none,0.0,2026-05-26 01:05:43,0
site16_773_grid_1_1,-1.0,-1.0,0.0,0,none,0.0,2026-05-26 01:05:43,0
site16_775_grid_0_0,-1.0,-1.0,0.0,0,none,0.0,2026-05-26 01:05:43,0
site16_781_grid_0_1,-1.0,-1.0,0.0,0,none,0.0,2026-05-26 01:05:43,0
site16_782_grid_0_0,-1.0,-1.0,0.0,0,none,0.0,2026-05-26 01:05:43,0
site16_783_grid_1_0,-1.0,-1.0,0.0,0,none,0.0,2026-05-26 01:05:43,0
site16_783_grid_1_1,-1.0,-1.0,0.0,0,none,0.0,2026-05-26 01:05:43,0
site16_784_grid_0_0,-1.0,-1.0,0.0,0,none,0.0,2026-05-26 01:05:43,0
site16_784_grid_0_1,-1.0,-1.0,0.0,0,none,0.0,2026-05-26 01:05:43,0
site16_785_grid_0_0,-1.0,-1.0,0.0,0,none,0.0,2026-05-26 01:05:43,0
site16_786_grid_0_1,-1.0,-1.0,0.0,0,none,0.0,2026-05-26 01:05:43,0
site16_786_grid_1_1,-1.0,-1.0,0.0,0,none,0.0,2026-05-26 01:05:43,0
site16_787_grid_0_0,-1.0,-1.0,0.0,0,none,0.0,2026-05-26 01:05:43,0
site16_787_grid_0_1,-1.0,-1.0,0.0,0,none,0.0,2026-05-26 01:05:43,0
site16_788_grid_0_0,-1.0,-1.0,0.0,0,none,0.0,2026-05-26 01:05:43,0
site16_789_grid_1_1,-1.0,-1.0,0.0,0,none,0.0,2026-05-26 01:05:43,0
site16_790_grid_1_0,-1.0,-1.0,0.0,0,none,0.0,2026-05-26 01:05:43,0
site16_791_grid_1_0,-1.0,-1.0,0.0,0,none,0.0,2026-05-26 01:05:43,0
site16_794_grid_1_1,-1.0,-1.0,0.0,0,none,0.0,2026-05-26 01:05:43,0
site16_795_grid_1_1,-1.0,-1.0,0.0,0,none,0.0,2026-05-26 01:05:43,0
site16_796_grid_0_1,-1.0,-1.0,0.0,0,none,0.0,2026-05-26 01:05:43,0
site16_796_grid_1_0,-1.0,-1.0,0.0,0,none,0.0,2026-05-26 01:05:43,0
site16_796_grid_1_1,-1.0,-1.0,0.0,0,none,0.0,2026-05-26 01:05:43,0
site16_797_grid_0_1,-1.0,-1.0,0.0,0,none,0.0,2026-05-26 01:05:43,0
site16_797_grid_1_0,-1.0,-1.0,0.0,0,none,0.0,2026-05-26 01:05:43,0
site16_800_grid_0_0,-1.0,-1.0,0.0,0,none,0.0,2026-05-26 01:05:43,0
site16_800_grid_1_0,-1.0,-1.0,0.0,0,none,0.0,2026-05-26 01:05:43,0
site16_800_grid_1_1,-1.0,-1.0,0.0,0,none,0.0,2026-05-26 01:05:43,0
site16_810_grid_0_1,-1.0,-1.0,0.0,0,none,0.0,2026-05-26 01:05:43,0
site16_811_grid_1_0,-1.0,-1.0,0.0,0,none,0.0,2026-05-26 01:05:43,0
site16_813_grid_1_1,-1.0,-1.0,0.0,0,none,0.0,2026-05-26 01:05:43,0
site16_815_grid_0_0,-1.0,-1.0,0.0,0,none,0.0,2026-05-26 01:05:43,0
site16_817_grid_0_0,-1.0,-1.0,0.0,0,none,0.0,2026-05-26 01:05:43,0
site16_817_grid_0_1,-1.0,-1.0,0.0,0,none,0.0,2026-05-26 01:05:43,0
site16_821_grid_1_0,-1.0,-1.0,0.0,0,none,0.0,2026-05-26 01:05:43,0
site16_824_grid_1_0,-1.0,-1.0,0.0,0,none,0.0,2026-05-26 01:05:43,0
site16_825_grid_0_0,-1.0,-1.0,0.0,0,none,0.0,2026-05-26 01:05:43,0
site16_826_grid_0_0,-1.0,-1.0,0.0,0,none,0.0,2026-05-26 01:05:43,0
site16_826_grid_0_1,-1.0,-1.0,0.0,0,none,0.0,2026-05-26 01:05:43,0
site16_827_grid_0_1,-1.0,-1.0,0.0,0,none,0.0,2026-05-26 01:05:43,0
site16_827_grid_1_1,-1.0,-1.0,0.0,0,none,0.0,2026-05-26 01:05:43,0
site16_834_grid_0_1,-1.0,-1.0,0.0,0,none,0.0,2026-05-26 01:05:43,0
site16_837_grid_0_0,-1.0,-1.0,0.0,0,none,0.0,2026-05-26 01:05:43,0
site16_838_grid_1_1,-1.0,-1.0,0.0,0,none,0.0,2026-05-26 01:05:43,0
site16_840_grid_1_1,-1.0,-1.0,0.0,0,none,0.0,2026-05-26 01:05:43,0
site16_841_grid_1_0,-1.0,-1.0,0.0,0,none,0.0,2026-05-26 01:05:43,0
site16_843_grid_0_1,-1.0,-1.0,0.0,0,none,0.0,2026-05-26 01:05:43,0
site16_844_grid_0_1,-1.0,-1.0,0.0,0,none,0.0,2026-05-26 01:05:43,0
site16_845_grid_0_0,-1.0,-1.0,0.0,0,none,0.0,2026-05-26 01:05:43,0
site16_846_grid_0_1,-1.0,-1.0,0.0,0,none,0.0,2026-05-26 01:05:43,0
site16_848_grid_0_0,-1.0,-1.0,0.0,0,none,0.0,2026-05-26 01:05:43,0
site16_848_grid_1_0,-1.0,-1.0,0.0,0,none,0.0,2026-05-26 01:05:43,0
site16_849_grid_0_0,455.0,91.33,8.5861,1,Construction and demolition materials,0.3708,2026-05-26 01:05:43,1
site16_849_grid_0_1,-1.0,-1.0,0.0,0,none,0.0,2026-05-26 01:05:43,0
site16_850_grid_1_1,-1.0,-1.0,0.0,0,none,0.0,2026-05-26 01:05:43,0
site16_852_grid_0_0,-1.0,-1.0,0.0,0,none,0.0,2026-05-26 01:05:43,0
site16_853_grid_0_1,-1.0,-1.0,0.0,0,none,0.0,2026-05-26 01:05:43,0
site16_859_grid_1_0,-1.0,-1.0,0.0,0,none,0.0,2026-05-26 01:05:43,0
site16_859_grid_1_1,-1.0,-1.0,0.0,0,none,0.0,2026-05-26 01:05:43,0
site16_862_grid_0_0,-1.0,-1.0,0.0,0,none,0.0,2026-05-26 01:05:43,0
site16_862_grid_1_0,-1.0,-1.0,0.0,0,none,0.0,2026-05-26 01:05:43,0
site16_862_grid_1_1,-1.0,-1.0,0.0,0,none,0.0,2026-05-26 01:05:43,0
site16_863_grid_1_0,-1.0,-1.0,0.0,0,none,0.0,2026-05-26 01:05:43,0
site16_865_grid_1_1,-1.0,-1.0,0.0,0,none,0.0,2026-05-26 01:05:43,0
site16_867_grid_1_0,-1.0,-1.0,0.0,0,none,0.0,2026-05-26 01:05:43,0
site16_869_grid_0_0,-1.0,-1.0,0.0,0,none,0.0,2026-05-26 01:05:43,0
site16_869_grid_0_1,-1.0,-1.0,0.0,0,none,0.0,2026-05-26 01:05:43,0
site16_86_grid_1_0,-1.0,-1.0,0.0,0,none,0.0,2026-05-26 01:05:43,0
site16_86_grid_1_1,-1.0,-1.0,0.0,0,none,0.0,2026-05-26 01:05:43,0
site16_871_grid_0_0,-1.0,-1.0,0.0,0,none,0.0,2026-05-26 01:05:43,0
site16_872_grid_0_0,-1.0,-1.0,0.0,0,none,0.0,2026-05-26 01:05:43,0
site16_874_grid_0_1,-1.0,-1.0,0.0,0,none,0.0,2026-05-26 01:05:43,0
site16_875_grid_1_0,-1.0,-1.0,0.0,0,none,0.0,2026-05-26 01:05:43,0
site16_877_grid_1_0,205.4,15.51,1.6731,2,Rubble,0.3328,2026-05-26 01:05:43,1
site16_878_grid_0_0,-1.0,-1.0,0.0,0,none,0.0,2026-05-26 01:05:43,0
site16_878_grid_0_1,-1.0,-1.0,0.0,0,none,0.0,2026-05-26 01:05:43,0
site16_879_grid_0_0,-1.0,-1.0,0.0,0,none,0.0,2026-05-26 01:05:43,0
site16_886_grid_0_0,-1.0,-1.0,0.0,0,none,0.0,2026-05-26 01:05:43,0
site16_886_grid_0_1,-1.0,-1.0,0.0,0,none,0.0,2026-05-26 01:05:43,0
site16_886_grid_1_1,-1.0,-1.0,0.0,0,none,0.0,2026-05-26 01:05:43,0
site16_888_grid_0_0,-1.0,-1.0,0.0,0,none,0.0,2026-05-26 01:05:43,0
site16_889_grid_1_0,-1.0,-1.0,0.0,0,none,0.0,2026-05-26 01:05:43,0
site16_890_grid_1_0,-1.0,-1.0,0.0,0,none,0.0,2026-05-26 01:05:43,0
site16_891_grid_0_0,-1.0,-1.0,0.0,0,none,0.0,2026-05-26 01:05:43,0
site16_891_grid_1_0,-1.0,-1.0,0.0,0,none,0.0,2026-05-26 01:05:43,0
site16_892_grid_0_0,-1.0,-1.0,0.0,0,none,0.0,2026-05-26 01:05:43,0
site16_892_grid_0_1,-1.0,-1.0,0.0,0,none,0.0,2026-05-26 01:05:43,0
site16_892_grid_1_0,-1.0,-1.0,0.0,0,none,0.0,2026-05-26 01:05:43,0
site16_893_grid_1_1,-1.0,-1.0,0.0,0,none,0.0,2026-05-26 01:05:43,0
site16_897_grid_1_1,-1.0,-1.0,0.0,0,none,0.0,2026-05-26 01:05:43,0
site16_898_grid_0_1,-1.0,-1.0,0.0,0,none,0.0,2026-05-26 01:05:43,0
site16_899_grid_1_0,-1.0,-1.0,0.0,0,none,0.0,2026-05-26 01:05:43,0
site16_89_grid_0_1,-1.0,-1.0,0.0,0,none,0.0,2026-05-26 01:05:43,0
site16_90_grid_1_1,-1.0,-1.0,0.0,0,none,0.0,2026-05-26 01:05:43,0
site16_912_grid_0_0,-1.0,-1.0,0.0,0,none,0.0,2026-05-26 01:05:43,0
site16_912_grid_1_0,-1.0,-1.0,0.0,0,none,0.0,2026-05-26 01:05:43,0
site16_913_grid_1_0,-1.0,-1.0,0.0,0,none,0.0,2026-05-26 01:05:43,0
site16_914_grid_0_0,-1.0,-1.0,0.0,0,none,0.0,2026-05-26 01:05:43,0
site16_914_grid_1_0,-1.0,-1.0,0.0,0,none,0.0,2026-05-26 01:05:43,0
site16_915_grid_0_1,-1.0,-1.0,0.0,0,none,0.0,2026-05-26 01:05:43,0
site16_916_grid_0_1,-1.0,-1.0,0.0,0,none,0.0,2026-05-26 01:05:43,0
site16_916_grid_1_0,-1.0,-1.0,0.0,0,none,0.0,2026-05-26 01:05:43,0
site16_916_grid_1_1,-1.0,-1.0,0.0,0,none,0.0,2026-05-26 01:05:43,0
site16_918_grid_1_1,-1.0,-1.0,0.0,0,none,0.0,2026-05-26 01:05:43,0
site16_919_grid_0_0,-1.0,-1.0,0.0,0,none,0.0,2026-05-26 01:05:43,0
site16_922_grid_0_1,-1.0,-1.0,0.0,0,none,0.0,2026-05-26 01:05:43,0
site16_923_grid_0_1,-1.0,-1.0,0.0,0,none,0.0,2026-05-26 01:05:43,0
site16_926_grid_1_0,-1.0,-1.0,0.0,0,none,0.0,2026-05-26 01:05:43,0
site16_928_grid_0_1,-1.0,-1.0,0.0,0,none,0.0,2026-05-26 01:05:43,0
site16_928_grid_1_1,-1.0,-1.0,0.0,0,none,0.0,2026-05-26 01:05:43,0
site16_929_grid_0_1,-1.0,-1.0,0.0,0,none,0.0,2026-05-26 01:05:43,0
site16_930_grid_1_0,-1.0,-1.0,0.0,0,none,0.0,2026-05-26 01:05:43,0
site16_940_grid_0_1,-1.0,-1.0,0.0,0,none,0.0,2026-05-26 01:05:43,0
site16_941_grid_0_0,-1.0,-1.0,0.0,0,none,0.0,2026-05-26 01:05:43,0
site16_942_grid_1_0,-1.0,-1.0,0.0,0,none,0.0,2026-05-26 01:05:43,0
site16_942_grid_1_1,-1.0,-1.0,0.0,0,none,0.0,2026-05-26 01:05:43,0
site16_945_grid_0_1,-1.0,-1.0,0.0,0,none,0.0,2026-05-26 01:05:43,0
site16_945_grid_1_1,-1.0,-1.0,0.0,0,none,0.0,2026-05-26 01:05:43,0
site16_946_grid_1_1,-1.0,-1.0,0.0,0,none,0.0,2026-05-26 01:05:43,0
site16_947_grid_1_0,-1.0,-1.0,0.0,0,none,0.0,2026-05-26 01:05:43,0
site16_947_grid_1_1,-1.0,-1.0,0.0,0,none,0.0,2026-05-26 01:05:43,0
site16_948_grid_0_0,-1.0,-1.0,0.0,0,none,0.0,2026-05-26 01:05:43,0
site16_948_grid_1_0,-1.0,-1.0,0.0,0,none,0.0,2026-05-26 01:05:43,0
site16_949_grid_1_0,-1.0,-1.0,0.0,0,none,0.0,2026-05-26 01:05:43,0
site16_94_grid_0_0,-1.0,-1.0,0.0,0,none,0.0,2026-05-26 01:05:43,0
site16_950_grid_0_0,-1.0,-1.0,0.0,0,none,0.0,2026-05-26 01:05:43,0
site16_950_grid_1_0,-1.0,-1.0,0.0,0,none,0.0,2026-05-26 01:05:43,0
site16_950_grid_1_1,-1.0,-1.0,0.0,0,none,0.0,2026-05-26 01:05:43,0
site16_951_grid_0_0,-1.0,-1.0,0.0,0,none,0.0,2026-05-26 01:05:43,0
site16_952_grid_0_0,-1.0,-1.0,0.0,0,none,0.0,2026-05-26 01:05:43,0
site16_952_grid_1_1,-1.0,-1.0,0.0,0,none,0.0,2026-05-26 01:05:43,0
site16_955_grid_1_1,-1.0,-1.0,0.0,0,none,0.0,2026-05-26 01:05:43,0
site16_966_grid_1_0,-1.0,-1.0,0.0,0,none,0.0,2026-05-26 01:05:43,0
site16_968_grid_1_0,-1.0,-1.0,0.0,0,none,0.0,2026-05-26 01:05:43,0
site16_970_grid_1_1,-1.0,-1.0,0.0,0,none,0.0,2026-05-26 01:05:43,0
site16_971_grid_0_1,-1.0,-1.0,0.0,0,none,0.0,2026-05-26 01:05:43,0
site16_971_grid_1_0,-1.0,-1.0,0.0,0,none,0.0,2026-05-26 01:05:43,0
site16_973_grid_0_0,-1.0,-1.0,0.0,0,none,0.0,2026-05-26 01:05:43,0
site16_973_grid_1_1,-1.0,-1.0,0.0,0,none,0.0,2026-05-26 01:05:43,0
site16_977_grid_1_0,-1.0,-1.0,0.0,0,none,0.0,2026-05-26 01:05:43,0
site16_979_grid_0_0,-1.0,-1.0,0.0,0,none,0.0,2026-05-26 01:05:43,0
site16_979_grid_0_1,-1.0,-1.0,0.0,0,none,0.0,2026-05-26 01:05:43,0
site16_979_grid_1_1,-1.0,-1.0,0.0,0,none,0.0,2026-05-26 01:05:43,0
site16_97_grid_0_0,-1.0,-1.0,0.0,0,none,0.0,2026-05-26 01:05:43,0
site16_97_grid_0_1,-1.0,-1.0,0.0,0,none,0.0,2026-05-26 01:05:43,0
site16_97_grid_1_1,-1.0,-1.0,0.0,0,none,0.0,2026-05-26 01:05:43,0
site16_980_grid_0_0,-1.0,-1.0,0.0,0,none,0.0,2026-05-26 01:05:43,0
site16_981_grid_1_0,-1.0,-1.0,0.0,0,none,0.0,2026-05-26 01:05:43,0
site16_982_grid_0_0,-1.0,-1.0,0.0,0,none,0.0,2026-05-26 01:05:43,0
site16_991_grid_1_0,-1.0,-1.0,0.0,0,none,0.0,2026-05-26 01:05:43,0
site16_992_grid_0_1,-1.0,-1.0,0.0,0,none,0.0,2026-05-26 01:05:43,0
site16_992_grid_1_0,-1.0,-1.0,0.0,0,none,0.0,2026-05-26 01:05:43,0
site16_993_grid_1_0,-1.0,-1.0,0.0,0,none,0.0,2026-05-26 01:05:43,0
site16_994_grid_0_0,-1.0,-1.0,0.0,0,none,0.0,2026-05-26 01:05:43,0
site16_996_grid_1_0,-1.0,-1.0,0.0,0,none,0.0,2026-05-26 01:05:43,0
site16_996_grid_1_1,-1.0,-1.0,0.0,0,none,0.0,2026-05-26 01:05:43,0
site16_997_grid_1_0,-1.0,-1.0,0.0,0,none,0.0,2026-05-26 01:05:43,0
site16_998_grid_0_0,-1.0,-1.0,0.0,0,none,0.0,2026-05-26 01:05:43,0
site16_998_grid_0_1,-1.0,-1.0,0.0,0,none,0.0,2026-05-26 01:05:43,0
site16_998_grid_1_0,-1.0,-1.0,0.0,0,none,0.0,2026-05-26 01:05:43,0
site16_99_grid_1_1,-1.0,-1.0,0.0,0,none,0.0,2026-05-26 01:05:43,0
site17_10_grid_0_0,256.34,264.54,90.3851,40,Construction and demolition materials,0.6806,2026-05-26 01:05:43,1
site17_11_grid_0_0,255.88,273.49,81.3316,55,Construction and demolition materials,0.6354,2026-05-26 01:05:43,1
site17_11_grid_1_0,247.66,276.94,85.1177,47,Construction and demolition materials,0.6617,2026-05-26 01:05:43,1
site17_15_grid_1_0,-1.0,-1.0,0.0,0,none,0.0,2026-05-26 01:05:43,0
site17_17_grid_0_1,-1.0,-1.0,0.0,0,none,0.0,2026-05-26 01:05:43,0
site17_18_grid_1_1,-1.0,-1.0,0.0,0,none,0.0,2026-05-26 01:05:43,0
site17_19_grid_0_0,259.23,167.56,28.2677,5,Construction and demolition materials,0.5178,2026-05-26 01:05:43,1
site17_21_grid_0_0,283.63,289.71,21.4737,5,Construction and demolition materials,0.6754,2026-05-26 01:05:43,1
site17_22_grid_1_0,278.86,137.44,14.2731,9,Construction and demolition materials,0.5852,2026-05-26 01:05:43,1
site17_22_grid_1_1,192.45,29.26,7.1972,7,Construction and demolition materials,0.5888,2026-05-26 01:05:43,1
site17_23_grid_0_0,310.69,193.21,49.0871,17,Construction and demolition materials,0.5582,2026-05-26 01:05:43,1
site17_24_grid_0_0,256.74,196.88,66.9437,17,Construction and demolition materials,0.5837,2026-05-26 01:05:43,1
site17_24_grid_1_1,226.52,132.46,20.0546,4,Construction and demolition materials,0.7562,2026-05-26 01:05:43,1
site17_25_grid_1_0,184.76,158.85,21.8056,6,Construction and demolition materials,0.5979,2026-05-26 01:05:43,1
site17_28_grid_1_1,-1.0,-1.0,0.0,0,none,0.0,2026-05-26 01:05:43,0
site17_29_grid_0_0,-1.0,-1.0,0.0,0,none,0.0,2026-05-26 01:05:43,0
site17_29_grid_1_0,274.04,404.07,14.5985,5,Construction and demolition materials,0.5029,2026-05-26 01:05:43,1
site17_2_grid_0_0,427.84,347.62,19.7182,1,Construction and demolition materials,0.8168,2026-05-26 01:05:43,1
site17_31_grid_0_0,252.24,283.95,38.6818,2,Rubble,0.6607,2026-05-26 01:05:43,1
site17_33_grid_1_0,-1.0,-1.0,0.0,0,none,0.0,2026-05-26 01:05:43,0
site17_33_grid_1_1,137.05,466.55,9.7805,1,Rubble,0.3396,2026-05-26 01:05:43,1
site17_35_grid_1_0,-1.0,-1.0,0.0,0,none,0.0,2026-05-26 01:05:43,0
site17_36_grid_1_0,115.81,128.28,10.0025,1,Rubble,0.4759,2026-05-26 01:05:43,1
site17_43_grid_0_0,415.03,460.85,8.1966,1,Construction and demolition materials,0.5687,2026-05-26 01:05:43,1
site17_43_grid_0_1,372.44,438.52,16.9876,1,Construction and demolition materials,0.642,2026-05-26 01:05:43,1
site17_43_grid_1_0,-1.0,-1.0,0.0,0,none,0.0,2026-05-26 01:05:43,0
site17_45_grid_0_0,-1.0,-1.0,0.0,0,none,0.0,2026-05-26 01:05:43,0
site17_45_grid_0_1,15.4,452.72,0.1675,1,Plastic packaging,0.2787,2026-05-26 01:05:43,1
site17_46_grid_0_0,230.21,88.18,28.1982,1,Rubble,0.4835,2026-05-26 01:05:43,1
site17_47_grid_0_1,87.74,439.0,10.4008,1,Excavation materials,0.6733,2026-05-26 01:05:43,1
site17_48_grid_0_1,-1.0,-1.0,0.0,0,none,0.0,2026-05-26 01:05:43,0
site17_49_grid_1_1,-1.0,-1.0,0.0,0,none,0.0,2026-05-26 01:05:43,0
site17_55_grid_0_0,259.12,270.12,43.0336,2,Construction and demolition materials,0.451,2026-05-26 01:05:43,1
site17_56_grid_1_0,261.5,235.87,67.0982,2,Construction and demolition materials,0.477,2026-05-26 01:05:43,1
site17_57_grid_0_1,-1.0,-1.0,0.0,0,none,0.0,2026-05-26 01:05:43,0
site17_57_grid_1_0,264.9,252.0,91.4299,2,Construction and demolition materials,0.4577,2026-05-26 01:05:43,1
site17_58_grid_1_1,-1.0,-1.0,0.0,0,none,0.0,2026-05-26 01:05:43,0
site17_62_grid_0_1,-1.0,-1.0,0.0,0,none,0.0,2026-05-26 01:05:43,0
site17_66_grid_1_1,-1.0,-1.0,0.0,0,none,0.0,2026-05-26 01:05:43,0
site17_67_grid_1_1,-1.0,-1.0,0.0,0,none,0.0,2026-05-26 01:05:43,0
site17_69_grid_0_1,-1.0,-1.0,0.0,0,none,0.0,2026-05-26 01:05:43,0
site17_71_grid_1_1,183.68,302.58,38.8935,2,Construction and demolition materials,0.4695,2026-05-26 01:05:43,1
site17_74_grid_0_0,-1.0,-1.0,0.0,0,none,0.0,2026-05-26 01:05:43,0
site17_74_grid_1_1,381.9,119.55,24.6033,1,Excavation materials,0.2873,2026-05-26 01:05:43,1
site17_75_grid_0_1,336.79,304.26,34.3166,4,Construction and demolition materials,0.4587,2026-05-26 01:05:43,1
site17_81_grid_1_0,-1.0,-1.0,0.0,0,none,0.0,2026-05-26 01:05:43,0
site17_82_grid_0_1,-1.0,-1.0,0.0,0,none,0.0,2026-05-26 01:05:43,0
site17_82_grid_1_0,-1.0,-1.0,0.0,0,none,0.0,2026-05-26 01:05:43,0
site17_83_grid_0_0,-1.0,-1.0,0.0,0,none,0.0,2026-05-26 01:05:43,0
site17_83_grid_1_0,-1.0,-1.0,0.0,0,none,0.0,2026-05-26 01:05:43,0
site17_84_grid_1_0,193.85,48.92,14.9227,1,Construction and demolition materials,0.5667,2026-05-26 01:05:43,1
site17_87_grid_0_0,-1.0,-1.0,0.0,0,none,0.0,2026-05-26 01:05:43,0
site17_87_grid_1_1,-1.0,-1.0,0.0,0,none,0.0,2026-05-26 01:05:43,0
site17_88_grid_0_0,-1.0,-1.0,0.0,0,none,0.0,2026-05-26 01:05:43,0
site17_88_grid_1_1,-1.0,-1.0,0.0,0,none,0.0,2026-05-26 01:05:43,0
site17_8_grid_1_0,253.62,247.52,66.9186,38,Construction and demolition materials,0.5468,2026-05-26 01:05:43,1
site1_100_grid_0_0,-1.0,-1.0,0.0,0,none,0.0,2026-05-26 01:05:43,0
site1_101_grid_0_0,-1.0,-1.0,0.0,0,none,0.0,2026-05-26 01:05:43,0
site1_103_grid_1_1,-1.0,-1.0,0.0,0,none,0.0,2026-05-26 01:05:43,0
site1_107_grid_0_0,-1.0,-1.0,0.0,0,none,0.0,2026-05-26 01:05:43,0
site1_107_grid_1_1,-1.0,-1.0,0.0,0,none,0.0,2026-05-26 01:05:43,0
site1_108_grid_0_1,-1.0,-1.0,0.0,0,none,0.0,2026-05-26 01:05:43,0
site1_108_grid_1_1,-1.0,-1.0,0.0,0,none,0.0,2026-05-26 01:05:43,0
site1_109_grid_0_0,196.54,109.04,16.4909,2,Construction and demolition materials,0.7658,2026-05-26 01:05:43,1
site1_109_grid_1_1,357.22,330.29,12.0953,2,Construction and demolition materials,0.6242,2026-05-26 01:05:43,1
site1_111_grid_0_0,-1.0,-1.0,0.0,0,none,0.0,2026-05-26 01:05:43,0
site1_111_grid_1_0,-1.0,-1.0,0.0,0,none,0.0,2026-05-26 01:05:43,0
site1_112_grid_1_1,-1.0,-1.0,0.0,0,none,0.0,2026-05-26 01:05:43,0
site1_113_grid_0_1,-1.0,-1.0,0.0,0,none,0.0,2026-05-26 01:05:43,0
site1_113_grid_1_0,-1.0,-1.0,0.0,0,none,0.0,2026-05-26 01:05:43,0
site1_114_grid_0_0,-1.0,-1.0,0.0,0,none,0.0,2026-05-26 01:05:43,0
site1_114_grid_1_0,-1.0,-1.0,0.0,0,none,0.0,2026-05-26 01:05:43,0
site1_116_grid_1_1,-1.0,-1.0,0.0,0,none,0.0,2026-05-26 01:05:43,0
site1_11_grid_0_1,-1.0,-1.0,0.0,0,none,0.0,2026-05-26 01:05:43,0
site1_11_grid_1_1,-1.0,-1.0,0.0,0,none,0.0,2026-05-26 01:05:43,0
site1_120_grid_1_0,-1.0,-1.0,0.0,0,none,0.0,2026-05-26 01:05:43,0
site1_122_grid_0_0,-1.0,-1.0,0.0,0,none,0.0,2026-05-26 01:05:43,0
site1_122_grid_1_0,-1.0,-1.0,0.0,0,none,0.0,2026-05-26 01:05:43,0
site1_126_grid_1_0,-1.0,-1.0,0.0,0,none,0.0,2026-05-26 01:05:43,0
site1_127_grid_0_0,-1.0,-1.0,0.0,0,none,0.0,2026-05-26 01:05:43,0
site1_127_grid_0_1,-1.0,-1.0,0.0,0,none,0.0,2026-05-26 01:05:43,0
site1_127_grid_1_0,-1.0,-1.0,0.0,0,none,0.0,2026-05-26 01:05:43,0
site1_128_grid_1_1,-1.0,-1.0,0.0,0,none,0.0,2026-05-26 01:05:43,0
site1_133_grid_0_1,-1.0,-1.0,0.0,0,none,0.0,2026-05-26 01:05:43,0
site1_134_grid_1_0,-1.0,-1.0,0.0,0,none,0.0,2026-05-26 01:05:43,0
site1_135_grid_1_0,-1.0,-1.0,0.0,0,none,0.0,2026-05-26 01:05:43,0
site1_136_grid_1_1,-1.0,-1.0,0.0,0,none,0.0,2026-05-26 01:05:43,0
site1_137_grid_0_1,-1.0,-1.0,0.0,0,none,0.0,2026-05-26 01:05:43,0
site1_139_grid_0_0,-1.0,-1.0,0.0,0,none,0.0,2026-05-26 01:05:43,0
site1_139_grid_1_0,-1.0,-1.0,0.0,0,none,0.0,2026-05-26 01:05:43,0
site1_139_grid_1_1,-1.0,-1.0,0.0,0,none,0.0,2026-05-26 01:05:43,0
site1_140_grid_0_1,-1.0,-1.0,0.0,0,none,0.0,2026-05-26 01:05:43,0
site1_14_grid_1_0,-1.0,-1.0,0.0,0,none,0.0,2026-05-26 01:05:43,0
site1_15_grid_1_0,378.03,246.86,0.2281,1,Plastic packaging,0.3265,2026-05-26 01:05:43,1
site1_16_grid_1_1,-1.0,-1.0,0.0,0,none,0.0,2026-05-26 01:05:43,0
site1_18_grid_0_1,-1.0,-1.0,0.0,0,none,0.0,2026-05-26 01:05:43,0
site1_19_grid_0_1,-1.0,-1.0,0.0,0,none,0.0,2026-05-26 01:05:43,0
site1_19_grid_1_0,-1.0,-1.0,0.0,0,none,0.0,2026-05-26 01:05:43,0
site1_20_grid_0_0,-1.0,-1.0,0.0,0,none,0.0,2026-05-26 01:05:43,0
site1_20_grid_1_1,-1.0,-1.0,0.0,0,none,0.0,2026-05-26 01:05:43,0
site1_23_grid_1_0,-1.0,-1.0,0.0,0,none,0.0,2026-05-26 01:05:43,0
site1_24_grid_1_1,-1.0,-1.0,0.0,0,none,0.0,2026-05-26 01:05:43,0
site1_28_grid_0_0,-1.0,-1.0,0.0,0,none,0.0,2026-05-26 01:05:43,0
site1_28_grid_1_0,-1.0,-1.0,0.0,0,none,0.0,2026-05-26 01:05:43,0
site1_28_grid_1_1,-1.0,-1.0,0.0,0,none,0.0,2026-05-26 01:05:43,0
site1_29_grid_0_1,-1.0,-1.0,0.0,0,none,0.0,2026-05-26 01:05:43,0
site1_33_grid_1_1,-1.0,-1.0,0.0,0,none,0.0,2026-05-26 01:05:43,0
site1_34_grid_0_0,53.1,440.64,5.1117,1,Mixed items,0.3853,2026-05-26 01:05:43,1
site1_35_grid_1_0,-1.0,-1.0,0.0,0,none,0.0,2026-05-26 01:05:43,0
site1_36_grid_1_0,-1.0,-1.0,0.0,0,none,0.0,2026-05-26 01:05:43,0
site1_38_grid_0_0,-1.0,-1.0,0.0,0,none,0.0,2026-05-26 01:05:43,0
site1_38_grid_1_1,-1.0,-1.0,0.0,0,none,0.0,2026-05-26 01:05:43,0
site1_42_grid_0_0,264.16,436.07,9.9186,5,Mixed items,0.3127,2026-05-26 01:05:43,1
site1_43_grid_0_1,-1.0,-1.0,0.0,0,none,0.0,2026-05-26 01:05:43,0
site1_43_grid_1_1,-1.0,-1.0,0.0,0,none,0.0,2026-05-26 01:05:43,0
site1_44_grid_0_0,283.09,270.75,9.182,1,Rubble,0.4464,2026-05-26 01:05:43,1
site1_44_grid_0_1,154.61,270.81,8.9634,1,Rubble,0.5433,2026-05-26 01:05:43,1
site1_4_grid_0_0,-1.0,-1.0,0.0,0,none,0.0,2026-05-26 01:05:43,0
site1_4_grid_1_0,-1.0,-1.0,0.0,0,none,0.0,2026-05-26 01:05:43,0
site1_50_grid_1_0,-1.0,-1.0,0.0,0,none,0.0,2026-05-26 01:05:43,0
site1_50_grid_1_1,-1.0,-1.0,0.0,0,none,0.0,2026-05-26 01:05:43,0
site1_54_grid_0_1,-1.0,-1.0,0.0,0,none,0.0,2026-05-26 01:05:43,0
site1_55_grid_1_0,-1.0,-1.0,0.0,0,none,0.0,2026-05-26 01:05:43,0
site1_55_grid_1_1,-1.0,-1.0,0.0,0,none,0.0,2026-05-26 01:05:43,0
site1_56_grid_0_0,100.84,463.06,7.9185,1,Mixed items,0.4587,2026-05-26 01:05:43,1
site1_57_grid_0_0,-1.0,-1.0,0.0,0,none,0.0,2026-05-26 01:05:43,0
site1_57_grid_0_1,-1.0,-1.0,0.0,0,none,0.0,2026-05-26 01:05:43,0
site1_57_grid_1_0,-1.0,-1.0,0.0,0,none,0.0,2026-05-26 01:05:43,0
site1_59_grid_0_0,-1.0,-1.0,0.0,0,none,0.0,2026-05-26 01:05:43,0
site1_59_grid_0_1,-1.0,-1.0,0.0,0,none,0.0,2026-05-26 01:05:43,0
site1_59_grid_1_0,-1.0,-1.0,0.0,0,none,0.0,2026-05-26 01:05:43,0
site1_5_grid_1_1,-1.0,-1.0,0.0,0,none,0.0,2026-05-26 01:05:43,0
site1_61_grid_0_1,-1.0,-1.0,0.0,0,none,0.0,2026-05-26 01:05:43,0
site1_62_grid_0_0,-1.0,-1.0,0.0,0,none,0.0,2026-05-26 01:05:43,0
site1_63_grid_0_0,-1.0,-1.0,0.0,0,none,0.0,2026-05-26 01:05:43,0
site1_63_grid_0_1,-1.0,-1.0,0.0,0,none,0.0,2026-05-26 01:05:43,0
site1_64_grid_1_1,-1.0,-1.0,0.0,0,none,0.0,2026-05-26 01:05:43,0
site1_68_grid_1_1,68.84,46.93,5.0533,1,Mixed items,0.5639,2026-05-26 01:05:43,1
site1_69_grid_0_1,87.43,84.82,8.7433,2,Excavation materials,0.5811,2026-05-26 01:05:43,1
site1_71_grid_1_1,324.13,97.56,0.3365,1,Plastic packaging,0.2522,2026-05-26 01:05:43,1
site1_73_grid_1_0,-1.0,-1.0,0.0,0,none,0.0,2026-05-26 01:05:43,0
site1_75_grid_0_0,-1.0,-1.0,0.0,0,none,0.0,2026-05-26 01:05:43,0
site1_76_grid_0_0,-1.0,-1.0,0.0,0,none,0.0,2026-05-26 01:05:43,0
site1_76_grid_0_1,-1.0,-1.0,0.0,0,none,0.0,2026-05-26 01:05:43,0
site1_7_grid_1_1,-1.0,-1.0,0.0,0,none,0.0,2026-05-26 01:05:43,0
site1_80_grid_1_0,-1.0,-1.0,0.0,0,none,0.0,2026-05-26 01:05:43,0
site1_82_grid_0_0,-1.0,-1.0,0.0,0,none,0.0,2026-05-26 01:05:43,0
site1_84_grid_1_0,-1.0,-1.0,0.0,0,none,0.0,2026-05-26 01:05:43,0
site1_85_grid_0_0,-1.0,-1.0,0.0,0,none,0.0,2026-05-26 01:05:43,0
site1_85_grid_1_1,71.08,262.24,19.9585,1,Mixed items,0.3683,2026-05-26 01:05:43,1
site1_86_grid_0_1,-1.0,-1.0,0.0,0,none,0.0,2026-05-26 01:05:43,0
site1_88_grid_1_1,-1.0,-1.0,0.0,0,none,0.0,2026-05-26 01:05:43,0
site1_89_grid_0_0,-1.0,-1.0,0.0,0,none,0.0,2026-05-26 01:05:43,0
site1_8_grid_1_1,-1.0,-1.0,0.0,0,none,0.0,2026-05-26 01:05:43,0
site1_94_grid_1_0,-1.0,-1.0,0.0,0,none,0.0,2026-05-26 01:05:43,0
site1_95_grid_0_1,-1.0,-1.0,0.0,0,none,0.0,2026-05-26 01:05:43,0
site1_97_grid_1_1,286.31,296.13,20.2744,6,Construction and demolition materials,0.4858,2026-05-26 01:05:43,1
site1_98_grid_0_1,280.66,338.33,58.6655,1,Construction and demolition materials,0.5282,2026-05-26 01:05:43,1
site1_99_grid_0_1,94.86,178.04,21.6183,2,Mixed items,0.7329,2026-05-26 01:05:43,1
site2_101_grid_0_1,-1.0,-1.0,0.0,0,none,0.0,2026-05-26 01:05:43,0
site2_102_grid_1_0,-1.0,-1.0,0.0,0,none,0.0,2026-05-26 01:05:43,0
site2_103_grid_0_1,-1.0,-1.0,0.0,0,none,0.0,2026-05-26 01:05:43,0
site2_103_grid_1_0,-1.0,-1.0,0.0,0,none,0.0,2026-05-26 01:05:43,0
site2_106_grid_1_0,-1.0,-1.0,0.0,0,none,0.0,2026-05-26 01:05:43,0
site2_108_grid_1_0,416.16,325.79,7.819,1,Construction and demolition materials,0.2533,2026-05-26 01:05:43,1
site2_108_grid_1_1,288.0,326.0,7.5024,1,Construction and demolition materials,0.2901,2026-05-26 01:05:43,1
site2_109_grid_1_0,-1.0,-1.0,0.0,0,none,0.0,2026-05-26 01:05:43,0
site2_109_grid_1_1,-1.0,-1.0,0.0,0,none,0.0,2026-05-26 01:05:43,0
site2_110_grid_1_0,-1.0,-1.0,0.0,0,none,0.0,2026-05-26 01:05:43,0
site2_116_grid_1_0,-1.0,-1.0,0.0,0,none,0.0,2026-05-26 01:05:43,0
site2_117_grid_0_1,269.28,356.82,13.8279,6,Construction and demolition materials,0.6054,2026-05-26 01:05:43,1
site2_118_grid_1_0,152.55,324.36,14.5439,4,Rubble,0.5288,2026-05-26 01:05:43,1
site2_119_grid_0_0,-1.0,-1.0,0.0,0,none,0.0,2026-05-26 01:05:43,0
site2_119_grid_1_0,-1.0,-1.0,0.0,0,none,0.0,2026-05-26 01:05:43,0
site2_120_grid_1_0,-1.0,-1.0,0.0,0,none,0.0,2026-05-26 01:05:43,0
site2_123_grid_0_1,-1.0,-1.0,0.0,0,none,0.0,2026-05-26 01:05:43,0
site2_123_grid_1_0,-1.0,-1.0,0.0,0,none,0.0,2026-05-26 01:05:43,0
site2_124_grid_0_0,-1.0,-1.0,0.0,0,none,0.0,2026-05-26 01:05:43,0
site2_124_grid_1_0,-1.0,-1.0,0.0,0,none,0.0,2026-05-26 01:05:43,0
site2_129_grid_1_0,-1.0,-1.0,0.0,0,none,0.0,2026-05-26 01:05:43,0
site2_130_grid_0_0,-1.0,-1.0,0.0,0,none,0.0,2026-05-26 01:05:43,0
site2_130_grid_1_0,-1.0,-1.0,0.0,0,none,0.0,2026-05-26 01:05:43,0
site2_131_grid_0_1,-1.0,-1.0,0.0,0,none,0.0,2026-05-26 01:05:43,0
site2_134_grid_0_1,-1.0,-1.0,0.0,0,none,0.0,2026-05-26 01:05:43,0
site2_135_grid_0_1,-1.0,-1.0,0.0,0,none,0.0,2026-05-26 01:05:43,0
site2_135_grid_1_0,-1.0,-1.0,0.0,0,none,0.0,2026-05-26 01:05:43,0
site2_136_grid_0_0,-1.0,-1.0,0.0,0,none,0.0,2026-05-26 01:05:43,0
site2_136_grid_1_1,-1.0,-1.0,0.0,0,none,0.0,2026-05-26 01:05:43,0
site2_138_grid_0_0,-1.0,-1.0,0.0,0,none,0.0,2026-05-26 01:05:43,0
site2_142_grid_1_1,-1.0,-1.0,0.0,0,none,0.0,2026-05-26 01:05:43,0
site2_143_grid_1_0,-1.0,-1.0,0.0,0,none,0.0,2026-05-26 01:05:43,0
site2_145_grid_1_0,-1.0,-1.0,0.0,0,none,0.0,2026-05-26 01:05:43,0
site2_151_grid_1_0,-1.0,-1.0,0.0,0,none,0.0,2026-05-26 01:05:43,0
site2_152_grid_0_1,-1.0,-1.0,0.0,0,none,0.0,2026-05-26 01:05:43,0
site2_152_grid_1_1,-1.0,-1.0,0.0,0,none,0.0,2026-05-26 01:05:43,0
site2_157_grid_1_1,-1.0,-1.0,0.0,0,none,0.0,2026-05-26 01:05:43,0
site2_158_grid_0_1,-1.0,-1.0,0.0,0,none,0.0,2026-05-26 01:05:43,0
site2_160_grid_1_1,-1.0,-1.0,0.0,0,none,0.0,2026-05-26 01:05:43,0
site2_161_grid_1_0,-1.0,-1.0,0.0,0,none,0.0,2026-05-26 01:05:43,0
site2_161_grid_1_1,-1.0,-1.0,0.0,0,none,0.0,2026-05-26 01:05:43,0
site2_162_grid_1_1,-1.0,-1.0,0.0,0,none,0.0,2026-05-26 01:05:43,0
site2_164_grid_1_1,84.57,164.4,2.0683,1,Asbestos,0.3132,2026-05-26 01:05:43,1
site2_165_grid_1_1,248.88,146.07,7.2865,1,Construction and demolition materials,0.3883,2026-05-26 01:05:43,1
site2_174_grid_0_0,-1.0,-1.0,0.0,0,none,0.0,2026-05-26 01:05:43,0
site2_174_grid_1_0,-1.0,-1.0,0.0,0,none,0.0,2026-05-26 01:05:43,0
site2_175_grid_0_1,-1.0,-1.0,0.0,0,none,0.0,2026-05-26 01:05:43,0
site2_176_grid_0_1,-1.0,-1.0,0.0,0,none,0.0,2026-05-26 01:05:43,0
site2_176_grid_1_1,-1.0,-1.0,0.0,0,none,0.0,2026-05-26 01:05:43,0
site2_177_grid_1_0,-1.0,-1.0,0.0,0,none,0.0,2026-05-26 01:05:43,0
site2_177_grid_1_1,-1.0,-1.0,0.0,0,none,0.0,2026-05-26 01:05:43,0
site2_179_grid_1_0,-1.0,-1.0,0.0,0,none,0.0,2026-05-26 01:05:43,0
site2_18_grid_0_0,-1.0,-1.0,0.0,0,none,0.0,2026-05-26 01:05:43,0
site2_18_grid_0_1,-1.0,-1.0,0.0,0,none,0.0,2026-05-26 01:05:43,0
site2_19_grid_0_0,-1.0,-1.0,0.0,0,none,0.0,2026-05-26 01:05:43,0
site2_19_grid_1_0,-1.0,-1.0,0.0,0,none,0.0,2026-05-26 01:05:43,0
site2_21_grid_0_0,-1.0,-1.0,0.0,0,none,0.0,2026-05-26 01:05:43,0
site2_21_grid_1_0,-1.0,-1.0,0.0,0,none,0.0,2026-05-26 01:05:43,0
site2_23_grid_0_1,-1.0,-1.0,0.0,0,none,0.0,2026-05-26 01:05:43,0
site2_23_grid_1_0,-1.0,-1.0,0.0,0,none,0.0,2026-05-26 01:05:43,0
site2_31_grid_0_1,-1.0,-1.0,0.0,0,none,0.0,2026-05-26 01:05:43,0
site2_31_grid_1_1,-1.0,-1.0,0.0,0,none,0.0,2026-05-26 01:05:43,0
site2_35_grid_1_0,-1.0,-1.0,0.0,0,none,0.0,2026-05-26 01:05:43,0
site2_36_grid_0_1,420.22,419.06,0.6184,2,Plastic packaging,0.5877,2026-05-26 01:05:43,1
site2_38_grid_0_1,-1.0,-1.0,0.0,0,none,0.0,2026-05-26 01:05:43,0
site2_38_grid_1_1,-1.0,-1.0,0.0,0,none,0.0,2026-05-26 01:05:43,0
site2_40_grid_0_0,-1.0,-1.0,0.0,0,none,0.0,2026-05-26 01:05:43,0
site2_40_grid_0_1,-1.0,-1.0,0.0,0,none,0.0,2026-05-26 01:05:43,0
site2_51_grid_0_1,-1.0,-1.0,0.0,0,none,0.0,2026-05-26 01:05:43,0
site2_52_grid_0_1,-1.0,-1.0,0.0,0,none,0.0,2026-05-26 01:05:43,0
site2_53_grid_0_0,-1.0,-1.0,0.0,0,none,0.0,2026-05-26 01:05:43,0
site2_55_grid_0_1,-1.0,-1.0,0.0,0,none,0.0,2026-05-26 01:05:43,0
site2_55_grid_1_0,-1.0,-1.0,0.0,0,none,0.0,2026-05-26 01:05:43,0
site2_59_grid_1_1,-1.0,-1.0,0.0,0,none,0.0,2026-05-26 01:05:43,0
site2_5_grid_1_0,-1.0,-1.0,0.0,0,none,0.0,2026-05-26 01:05:43,0
site2_63_grid_0_1,327.24,68.36,14.3433,2,Scrap,0.443,2026-05-26 01:05:43,1
site2_64_grid_0_0,351.39,352.03,23.5706,3,Mixed items,0.3728,2026-05-26 01:05:43,1
site2_64_grid_0_1,385.18,325.78,39.4409,1,Scrap,0.6288,2026-05-26 01:05:43,1
site2_64_grid_1_1,-1.0,-1.0,0.0,0,none,0.0,2026-05-26 01:05:43,0
site2_66_grid_1_0,-1.0,-1.0,0.0,0,none,0.0,2026-05-26 01:05:43,0
site2_67_grid_1_1,-1.0,-1.0,0.0,0,none,0.0,2026-05-26 01:05:43,0
site2_68_grid_1_0,-1.0,-1.0,0.0,0,none,0.0,2026-05-26 01:05:43,0
site2_68_grid_1_1,-1.0,-1.0,0.0,0,none,0.0,2026-05-26 01:05:43,0
site2_6_grid_0_0,-1.0,-1.0,0.0,0,none,0.0,2026-05-26 01:05:43,0
site2_6_grid_0_1,-1.0,-1.0,0.0,0,none,0.0,2026-05-26 01:05:43,0
site2_72_grid_1_1,-1.0,-1.0,0.0,0,none,0.0,2026-05-26 01:05:43,0
site2_75_grid_1_0,-1.0,-1.0,0.0,0,none,0.0,2026-05-26 01:05:43,0
site2_78_grid_1_1,-1.0,-1.0,0.0,0,none,0.0,2026-05-26 01:05:43,0
site2_79_grid_0_1,30.93,263.08,2.7164,2,Construction and demolition materials,0.3005,2026-05-26 01:05:43,1
site2_79_grid_1_1,39.75,242.61,2.0168,1,Construction and demolition materials,0.3175,2026-05-26 01:05:43,1
site2_7_grid_1_1,-1.0,-1.0,0.0,0,none,0.0,2026-05-26 01:05:43,0
site2_80_grid_1_1,-1.0,-1.0,0.0,0,none,0.0,2026-05-26 01:05:43,0
site2_81_grid_0_1,-1.0,-1.0,0.0,0,none,0.0,2026-05-26 01:05:43,0
site2_82_grid_1_0,-1.0,-1.0,0.0,0,none,0.0,2026-05-26 01:05:43,0
site2_86_grid_1_1,-1.0,-1.0,0.0,0,none,0.0,2026-05-26 01:05:43,0
site2_87_grid_0_0,-1.0,-1.0,0.0,0,none,0.0,2026-05-26 01:05:43,0
site2_88_grid_0_1,-1.0,-1.0,0.0,0,none,0.0,2026-05-26 01:05:43,0
site2_89_grid_1_1,-1.0,-1.0,0.0,0,none,0.0,2026-05-26 01:05:43,0
site2_90_grid_1_0,-1.0,-1.0,0.0,0,none,0.0,2026-05-26 01:05:43,0
site2_91_grid_0_1,-1.0,-1.0,0.0,0,none,0.0,2026-05-26 01:05:43,0
site2_91_grid_1_1,-1.0,-1.0,0.0,0,none,0.0,2026-05-26 01:05:43,0
site2_92_grid_1_0,-1.0,-1.0,0.0,0,none,0.0,2026-05-26 01:05:43,0
site2_93_grid_1_0,-1.0,-1.0,0.0,0,none,0.0,2026-05-26 01:05:43,0
site2_95_grid_0_1,-1.0,-1.0,0.0,0,none,0.0,2026-05-26 01:05:43,0
site2_97_grid_1_1,-1.0,-1.0,0.0,0,none,0.0,2026-05-26 01:05:43,0
site3_100_grid_0_0,-1.0,-1.0,0.0,0,none,0.0,2026-05-26 01:05:43,0
site3_100_grid_0_1,-1.0,-1.0,0.0,0,none,0.0,2026-05-26 01:05:43,0
site3_102_grid_1_0,-1.0,-1.0,0.0,0,none,0.0,2026-05-26 01:05:43,0
site3_102_grid_1_1,-1.0,-1.0,0.0,0,none,0.0,2026-05-26 01:05:43,0
site3_103_grid_0_1,-1.0,-1.0,0.0,0,none,0.0,2026-05-26 01:05:43,0
site3_104_grid_0_0,-1.0,-1.0,0.0,0,none,0.0,2026-05-26 01:05:43,0
site3_106_grid_0_0,-1.0,-1.0,0.0,0,none,0.0,2026-05-26 01:05:43,0
site3_107_grid_0_0,-1.0,-1.0,0.0,0,none,0.0,2026-05-26 01:05:43,0
site3_107_grid_0_1,-1.0,-1.0,0.0,0,none,0.0,2026-05-26 01:05:43,0
site3_108_grid_1_0,-1.0,-1.0,0.0,0,none,0.0,2026-05-26 01:05:43,0
site3_110_grid_0_1,-1.0,-1.0,0.0,0,none,0.0,2026-05-26 01:05:43,0
site3_114_grid_0_1,-1.0,-1.0,0.0,0,none,0.0,2026-05-26 01:05:43,0
site3_115_grid_0_0,-1.0,-1.0,0.0,0,none,0.0,2026-05-26 01:05:43,0
site3_119_grid_0_1,-1.0,-1.0,0.0,0,none,0.0,2026-05-26 01:05:43,0
site3_122_grid_1_1,-1.0,-1.0,0.0,0,none,0.0,2026-05-26 01:05:43,0
site3_127_grid_0_1,-1.0,-1.0,0.0,0,none,0.0,2026-05-26 01:05:43,0
site3_128_grid_0_0,-1.0,-1.0,0.0,0,none,0.0,2026-05-26 01:05:43,0
site3_12_grid_0_0,-1.0,-1.0,0.0,0,none,0.0,2026-05-26 01:05:43,0
site3_12_grid_0_1,-1.0,-1.0,0.0,0,none,0.0,2026-05-26 01:05:43,0
site3_130_grid_1_0,-1.0,-1.0,0.0,0,none,0.0,2026-05-26 01:05:43,0
site3_131_grid_1_1,-1.0,-1.0,0.0,0,none,0.0,2026-05-26 01:05:43,0
site3_132_grid_0_0,-1.0,-1.0,0.0,0,none,0.0,2026-05-26 01:05:43,0
site3_132_grid_0_1,-1.0,-1.0,0.0,0,none,0.0,2026-05-26 01:05:43,0
site3_132_grid_1_1,-1.0,-1.0,0.0,0,none,0.0,2026-05-26 01:05:43,0
site3_133_grid_1_0,-1.0,-1.0,0.0,0,none,0.0,2026-05-26 01:05:43,0
site3_134_grid_0_1,-1.0,-1.0,0.0,0,none,0.0,2026-05-26 01:05:43,0
site3_134_grid_1_1,-1.0,-1.0,0.0,0,none,0.0,2026-05-26 01:05:43,0
site3_136_grid_0_0,-1.0,-1.0,0.0,0,none,0.0,2026-05-26 01:05:43,0
site3_137_grid_0_1,-1.0,-1.0,0.0,0,none,0.0,2026-05-26 01:05:43,0
site3_138_grid_0_1,-1.0,-1.0,0.0,0,none,0.0,2026-05-26 01:05:43,0
site3_13_grid_1_0,-1.0,-1.0,0.0,0,none,0.0,2026-05-26 01:05:43,0
site3_140_grid_0_0,-1.0,-1.0,0.0,0,none,0.0,2026-05-26 01:05:43,0
site3_140_grid_1_1,-1.0,-1.0,0.0,0,none,0.0,2026-05-26 01:05:43,0
site3_142_grid_0_1,-1.0,-1.0,0.0,0,none,0.0,2026-05-26 01:05:43,0
site3_142_grid_1_0,-1.0,-1.0,0.0,0,none,0.0,2026-05-26 01:05:43,0
site3_144_grid_0_1,404.79,38.43,4.2854,1,Mixed items,0.2643,2026-05-26 01:05:43,1
site3_145_grid_1_1,-1.0,-1.0,0.0,0,none,0.0,2026-05-26 01:05:43,0
site3_146_grid_1_1,-1.0,-1.0,0.0,0,none,0.0,2026-05-26 01:05:43,0
site3_148_grid_0_1,-1.0,-1.0,0.0,0,none,0.0,2026-05-26 01:05:43,0
site3_149_grid_1_0,-1.0,-1.0,0.0,0,none,0.0,2026-05-26 01:05:43,0
site3_14_grid_1_0,-1.0,-1.0,0.0,0,none,0.0,2026-05-26 01:05:43,0
site3_151_grid_0_1,-1.0,-1.0,0.0,0,none,0.0,2026-05-26 01:05:43,0
site3_151_grid_1_1,-1.0,-1.0,0.0,0,none,0.0,2026-05-26 01:05:43,0
site3_154_grid_0_0,-1.0,-1.0,0.0,0,none,0.0,2026-05-26 01:05:43,0
site3_154_grid_1_0,-1.0,-1.0,0.0,0,none,0.0,2026-05-26 01:05:43,0
site3_157_grid_0_0,-1.0,-1.0,0.0,0,none,0.0,2026-05-26 01:05:43,0
site3_15_grid_0_1,-1.0,-1.0,0.0,0,none,0.0,2026-05-26 01:05:43,0
site3_161_grid_0_0,-1.0,-1.0,0.0,0,none,0.0,2026-05-26 01:05:43,0
site3_162_grid_1_0,-1.0,-1.0,0.0,0,none,0.0,2026-05-26 01:05:43,0
site3_163_grid_1_1,-1.0,-1.0,0.0,0,none,0.0,2026-05-26 01:05:43,0
site3_165_grid_0_0,-1.0,-1.0,0.0,0,none,0.0,2026-05-26 01:05:43,0
site3_165_grid_0_1,-1.0,-1.0,0.0,0,none,0.0,2026-05-26 01:05:43,0
site3_166_grid_1_0,-1.0,-1.0,0.0,0,none,0.0,2026-05-26 01:05:43,0
site3_168_grid_0_1,-1.0,-1.0,0.0,0,none,0.0,2026-05-26 01:05:43,0
site3_168_grid_1_0,-1.0,-1.0,0.0,0,none,0.0,2026-05-26 01:05:43,0
site3_16_grid_1_0,-1.0,-1.0,0.0,0,none,0.0,2026-05-26 01:05:43,0
site3_170_grid_1_0,-1.0,-1.0,0.0,0,none,0.0,2026-05-26 01:05:43,0
site3_171_grid_0_1,-1.0,-1.0,0.0,0,none,0.0,2026-05-26 01:05:43,0
site3_173_grid_0_0,-1.0,-1.0,0.0,0,none,0.0,2026-05-26 01:05:43,0
site3_176_grid_0_0,-1.0,-1.0,0.0,0,none,0.0,2026-05-26 01:05:43,0
site3_177_grid_1_1,-1.0,-1.0,0.0,0,none,0.0,2026-05-26 01:05:43,0
site3_178_grid_0_1,-1.0,-1.0,0.0,0,none,0.0,2026-05-26 01:05:43,0
site3_179_grid_0_0,-1.0,-1.0,0.0,0,none,0.0,2026-05-26 01:05:43,0
site3_179_grid_1_0,-1.0,-1.0,0.0,0,none,0.0,2026-05-26 01:05:43,0
site3_17_grid_1_1,-1.0,-1.0,0.0,0,none,0.0,2026-05-26 01:05:43,0
site3_181_grid_0_0,-1.0,-1.0,0.0,0,none,0.0,2026-05-26 01:05:43,0
site3_183_grid_0_0,-1.0,-1.0,0.0,0,none,0.0,2026-05-26 01:05:43,0
site3_184_grid_0_0,-1.0,-1.0,0.0,0,none,0.0,2026-05-26 01:05:43,0
site3_185_grid_0_1,-1.0,-1.0,0.0,0,none,0.0,2026-05-26 01:05:43,0
site3_188_grid_1_1,-1.0,-1.0,0.0,0,none,0.0,2026-05-26 01:05:43,0
site3_189_grid_1_1,-1.0,-1.0,0.0,0,none,0.0,2026-05-26 01:05:43,0
site3_18_grid_1_0,-1.0,-1.0,0.0,0,none,0.0,2026-05-26 01:05:43,0
site3_190_grid_0_0,-1.0,-1.0,0.0,0,none,0.0,2026-05-26 01:05:43,0
site3_190_grid_1_0,-1.0,-1.0,0.0,0,none,0.0,2026-05-26 01:05:43,0
site3_190_grid_1_1,-1.0,-1.0,0.0,0,none,0.0,2026-05-26 01:05:43,0
site3_191_grid_0_1,-1.0,-1.0,0.0,0,none,0.0,2026-05-26 01:05:43,0
site3_193_grid_1_1,-1.0,-1.0,0.0,0,none,0.0,2026-05-26 01:05:43,0
site3_194_grid_1_0,-1.0,-1.0,0.0,0,none,0.0,2026-05-26 01:05:43,0
site3_194_grid_1_1,-1.0,-1.0,0.0,0,none,0.0,2026-05-26 01:05:43,0
site3_195_grid_0_1,-1.0,-1.0,0.0,0,none,0.0,2026-05-26 01:05:43,0
site3_195_grid_1_0,-1.0,-1.0,0.0,0,none,0.0,2026-05-26 01:05:43,0
site3_196_grid_0_0,-1.0,-1.0,0.0,0,none,0.0,2026-05-26 01:05:43,0
site3_197_grid_0_0,-1.0,-1.0,0.0,0,none,0.0,2026-05-26 01:05:43,0
site3_197_grid_0_1,-1.0,-1.0,0.0,0,none,0.0,2026-05-26 01:05:43,0
site3_199_grid_0_0,-1.0,-1.0,0.0,0,none,0.0,2026-05-26 01:05:43,0
site3_19_grid_0_0,-1.0,-1.0,0.0,0,none,0.0,2026-05-26 01:05:43,0
site3_201_grid_0_0,-1.0,-1.0,0.0,0,none,0.0,2026-05-26 01:05:43,0
site3_203_grid_0_1,-1.0,-1.0,0.0,0,none,0.0,2026-05-26 01:05:43,0
site3_203_grid_1_1,-1.0,-1.0,0.0,0,none,0.0,2026-05-26 01:05:43,0
site3_209_grid_1_0,-1.0,-1.0,0.0,0,none,0.0,2026-05-26 01:05:43,0
site3_20_grid_0_1,-1.0,-1.0,0.0,0,none,0.0,2026-05-26 01:05:43,0
site3_211_grid_0_1,-1.0,-1.0,0.0,0,none,0.0,2026-05-26 01:05:43,0
site3_211_grid_1_0,-1.0,-1.0,0.0,0,none,0.0,2026-05-26 01:05:43,0
site3_212_grid_0_1,-1.0,-1.0,0.0,0,none,0.0,2026-05-26 01:05:43,0
site3_213_grid_0_1,-1.0,-1.0,0.0,0,none,0.0,2026-05-26 01:05:43,0
site3_214_grid_0_1,-1.0,-1.0,0.0,0,none,0.0,2026-05-26 01:05:43,0
site3_215_grid_1_0,-1.0,-1.0,0.0,0,none,0.0,2026-05-26 01:05:43,0
site3_21_grid_1_0,-1.0,-1.0,0.0,0,none,0.0,2026-05-26 01:05:43,0
site3_221_grid_0_0,-1.0,-1.0,0.0,0,none,0.0,2026-05-26 01:05:43,0
site3_223_grid_0_1,-1.0,-1.0,0.0,0,none,0.0,2026-05-26 01:05:43,0
site3_225_grid_1_0,-1.0,-1.0,0.0,0,none,0.0,2026-05-26 01:05:43,0
site3_227_grid_0_0,-1.0,-1.0,0.0,0,none,0.0,2026-05-26 01:05:43,0
site3_227_grid_1_1,-1.0,-1.0,0.0,0,none,0.0,2026-05-26 01:05:43,0
site3_233_grid_1_1,-1.0,-1.0,0.0,0,none,0.0,2026-05-26 01:05:43,0
site3_235_grid_0_0,-1.0,-1.0,0.0,0,none,0.0,2026-05-26 01:05:43,0
site3_236_grid_0_1,80.11,303.55,3.7308,1,Construction and demolition materials,0.3647,2026-05-26 01:05:43,1
site3_237_grid_0_1,236.48,235.23,16.5298,2,Mixed items,0.6669,2026-05-26 01:05:43,1
site3_23_grid_0_0,-1.0,-1.0,0.0,0,none,0.0,2026-05-26 01:05:43,0
site3_242_grid_0_0,-1.0,-1.0,0.0,0,none,0.0,2026-05-26 01:05:43,0
site3_242_grid_0_1,-1.0,-1.0,0.0,0,none,0.0,2026-05-26 01:05:43,0
site3_245_grid_1_0,-1.0,-1.0,0.0,0,none,0.0,2026-05-26 01:05:43,0
site3_246_grid_0_0,-1.0,-1.0,0.0,0,none,0.0,2026-05-26 01:05:43,0
site3_247_grid_1_0,-1.0,-1.0,0.0,0,none,0.0,2026-05-26 01:05:43,0
site3_24_grid_0_1,-1.0,-1.0,0.0,0,none,0.0,2026-05-26 01:05:43,0
site3_250_grid_0_0,-1.0,-1.0,0.0,0,none,0.0,2026-05-26 01:05:43,0
site3_251_grid_1_0,-1.0,-1.0,0.0,0,none,0.0,2026-05-26 01:05:43,0
site3_251_grid_1_1,-1.0,-1.0,0.0,0,none,0.0,2026-05-26 01:05:43,0
site3_252_grid_0_0,-1.0,-1.0,0.0,0,none,0.0,2026-05-26 01:05:43,0
site3_252_grid_1_1,-1.0,-1.0,0.0,0,none,0.0,2026-05-26 01:05:43,0
site3_254_grid_0_0,-1.0,-1.0,0.0,0,none,0.0,2026-05-26 01:05:43,0
site3_255_grid_0_0,-1.0,-1.0,0.0,0,none,0.0,2026-05-26 01:05:43,0
site3_256_grid_0_1,-1.0,-1.0,0.0,0,none,0.0,2026-05-26 01:05:43,0
site3_257_grid_0_0,-1.0,-1.0,0.0,0,none,0.0,2026-05-26 01:05:43,0
site3_259_grid_0_1,-1.0,-1.0,0.0,0,none,0.0,2026-05-26 01:05:43,0
site3_260_grid_0_0,-1.0,-1.0,0.0,0,none,0.0,2026-05-26 01:05:43,0
site3_262_grid_0_0,-1.0,-1.0,0.0,0,none,0.0,2026-05-26 01:05:43,0
site3_262_grid_1_0,-1.0,-1.0,0.0,0,none,0.0,2026-05-26 01:05:43,0
site3_264_grid_0_0,-1.0,-1.0,0.0,0,none,0.0,2026-05-26 01:05:43,0
site3_264_grid_1_1,-1.0,-1.0,0.0,0,none,0.0,2026-05-26 01:05:43,0
site3_265_grid_1_1,-1.0,-1.0,0.0,0,none,0.0,2026-05-26 01:05:43,0
site3_266_grid_0_1,493.36,319.51,1.3027,1,Construction and demolition materials,0.4332,2026-05-26 01:05:43,1
site3_268_grid_0_0,279.81,20.23,0.9541,1,Wood,0.3874,2026-05-26 01:05:43,1
site3_268_grid_0_1,151.75,20.63,0.9716,1,Wood,0.4436,2026-05-26 01:05:43,1
site3_270_grid_0_1,-1.0,-1.0,0.0,0,none,0.0,2026-05-26 01:05:43,0
site3_271_grid_1_0,-1.0,-1.0,0.0,0,none,0.0,2026-05-26 01:05:43,0
site3_272_grid_1_0,-1.0,-1.0,0.0,0,none,0.0,2026-05-26 01:05:43,0
site3_272_grid_1_1,-1.0,-1.0,0.0,0,none,0.0,2026-05-26 01:05:43,0
site3_273_grid_0_0,-1.0,-1.0,0.0,0,none,0.0,2026-05-26 01:05:43,0
site3_273_grid_0_1,-1.0,-1.0,0.0,0,none,0.0,2026-05-26 01:05:43,0
site3_274_grid_0_1,-1.0,-1.0,0.0,0,none,0.0,2026-05-26 01:05:43,0
site3_274_grid_1_1,-1.0,-1.0,0.0,0,none,0.0,2026-05-26 01:05:43,0
site3_275_grid_1_0,-1.0,-1.0,0.0,0,none,0.0,2026-05-26 01:05:43,0
site3_276_grid_0_0,-1.0,-1.0,0.0,0,none,0.0,2026-05-26 01:05:43,0
site3_278_grid_1_1,-1.0,-1.0,0.0,0,none,0.0,2026-05-26 01:05:43,0
site3_280_grid_0_1,-1.0,-1.0,0.0,0,none,0.0,2026-05-26 01:05:43,0
site3_281_grid_0_0,-1.0,-1.0,0.0,0,none,0.0,2026-05-26 01:05:43,0
site3_283_grid_1_0,-1.0,-1.0,0.0,0,none,0.0,2026-05-26 01:05:43,0
site3_285_grid_0_1,-1.0,-1.0,0.0,0,none,0.0,2026-05-26 01:05:43,0
site3_285_grid_1_1,-1.0,-1.0,0.0,0,none,0.0,2026-05-26 01:05:43,0
site3_286_grid_0_0,-1.0,-1.0,0.0,0,none,0.0,2026-05-26 01:05:43,0
site3_288_grid_0_1,-1.0,-1.0,0.0,0,none,0.0,2026-05-26 01:05:43,0
site3_291_grid_0_0,-1.0,-1.0,0.0,0,none,0.0,2026-05-26 01:05:43,0
site3_291_grid_1_0,-1.0,-1.0,0.0,0,none,0.0,2026-05-26 01:05:43,0
site3_293_grid_1_0,-1.0,-1.0,0.0,0,none,0.0,2026-05-26 01:05:43,0
site3_294_grid_0_1,-1.0,-1.0,0.0,0,none,0.0,2026-05-26 01:05:43,0
site3_297_grid_0_0,-1.0,-1.0,0.0,0,none,0.0,2026-05-26 01:05:43,0
site3_298_grid_1_0,182.75,185.75,18.0412,7,Construction and demolition materials,0.3328,2026-05-26 01:05:43,1
site3_298_grid_1_1,228.11,243.25,20.6497,5,Construction and demolition materials,0.3817,2026-05-26 01:05:43,1
site3_299_grid_0_0,189.35,249.6,6.4125,3,Construction and demolition materials,0.3191,2026-05-26 01:05:43,1
site3_300_grid_0_0,-1.0,-1.0,0.0,0,none,0.0,2026-05-26 01:05:43,0
site3_302_grid_1_1,-1.0,-1.0,0.0,0,none,0.0,2026-05-26 01:05:43,0
site3_303_grid_0_1,-1.0,-1.0,0.0,0,none,0.0,2026-05-26 01:05:43,0
site3_305_grid_0_0,-1.0,-1.0,0.0,0,none,0.0,2026-05-26 01:05:43,0
site3_306_grid_0_1,-1.0,-1.0,0.0,0,none,0.0,2026-05-26 01:05:43,0
site3_306_grid_1_0,-1.0,-1.0,0.0,0,none,0.0,2026-05-26 01:05:43,0
site3_307_grid_0_0,-1.0,-1.0,0.0,0,none,0.0,2026-05-26 01:05:43,0
site3_307_grid_1_1,-1.0,-1.0,0.0,0,none,0.0,2026-05-26 01:05:43,0
site3_311_grid_1_1,-1.0,-1.0,0.0,0,none,0.0,2026-05-26 01:05:43,0
site3_313_grid_1_0,-1.0,-1.0,0.0,0,none,0.0,2026-05-26 01:05:43,0
site3_315_grid_1_1,-1.0,-1.0,0.0,0,none,0.0,2026-05-26 01:05:43,0
site3_316_grid_0_1,-1.0,-1.0,0.0,0,none,0.0,2026-05-26 01:05:43,0
site3_317_grid_0_0,-1.0,-1.0,0.0,0,none,0.0,2026-05-26 01:05:43,0
site3_317_grid_1_1,-1.0,-1.0,0.0,0,none,0.0,2026-05-26 01:05:43,0
site3_320_grid_0_0,457.72,198.48,5.9563,2,Construction and demolition materials,0.3466,2026-05-26 01:05:43,1
site3_320_grid_0_1,343.7,204.65,7.3624,2,Construction and demolition materials,0.3492,2026-05-26 01:05:43,1
site3_321_grid_1_1,263.01,265.1,18.705,4,Construction and demolition materials,0.6538,2026-05-26 01:05:43,1
site3_322_grid_0_0,121.69,283.55,21.6896,1,Construction and demolition materials,0.4218,2026-05-26 01:05:43,1
site3_323_grid_0_0,-1.0,-1.0,0.0,0,none,0.0,2026-05-26 01:05:43,0
site3_324_grid_0_1,102.04,385.83,10.0525,1,Construction and demolition materials,0.8241,2026-05-26 01:05:43,1
site3_325_grid_1_1,-1.0,-1.0,0.0,0,none,0.0,2026-05-26 01:05:43,0
site3_327_grid_1_1,-1.0,-1.0,0.0,0,none,0.0,2026-05-26 01:05:43,0
site3_328_grid_1_0,-1.0,-1.0,0.0,0,none,0.0,2026-05-26 01:05:43,0
site3_330_grid_0_1,183.11,41.81,4.0962,1,Wood,0.6941,2026-05-26 01:05:43,1
site3_331_grid_1_0,-1.0,-1.0,0.0,0,none,0.0,2026-05-26 01:05:43,0
site3_332_grid_1_1,-1.0,-1.0,0.0,0,none,0.0,2026-05-26 01:05:43,0
site3_333_grid_0_0,-1.0,-1.0,0.0,0,none,0.0,2026-05-26 01:05:43,0
site3_334_grid_0_0,-1.0,-1.0,0.0,0,none,0.0,2026-05-26 01:05:43,0
site3_334_grid_0_1,-1.0,-1.0,0.0,0,none,0.0,2026-05-26 01:05:43,0
site3_335_grid_1_0,-1.0,-1.0,0.0,0,none,0.0,2026-05-26 01:05:43,0
site3_336_grid_0_0,-1.0,-1.0,0.0,0,none,0.0,2026-05-26 01:05:43,0
site3_337_grid_0_0,-1.0,-1.0,0.0,0,none,0.0,2026-05-26 01:05:43,0
site3_338_grid_0_0,-1.0,-1.0,0.0,0,none,0.0,2026-05-26 01:05:43,0
site3_344_grid_0_1,-1.0,-1.0,0.0,0,none,0.0,2026-05-26 01:05:43,0
site3_345_grid_1_0,-1.0,-1.0,0.0,0,none,0.0,2026-05-26 01:05:43,0
site3_347_grid_1_1,-1.0,-1.0,0.0,0,none,0.0,2026-05-26 01:05:43,0
site3_348_grid_0_1,-1.0,-1.0,0.0,0,none,0.0,2026-05-26 01:05:43,0
site3_348_grid_1_0,-1.0,-1.0,0.0,0,none,0.0,2026-05-26 01:05:43,0
site3_349_grid_1_1,-1.0,-1.0,0.0,0,none,0.0,2026-05-26 01:05:43,0
site3_351_grid_1_1,171.26,247.02,3.4214,1,Construction and demolition materials,0.5086,2026-05-26 01:05:43,1
site3_352_grid_0_1,171.85,265.69,27.5185,2,Construction and demolition materials,0.7163,2026-05-26 01:05:43,1
site3_352_grid_1_1,201.41,206.52,24.5525,3,Construction and demolition materials,0.5593,2026-05-26 01:05:43,1
site3_353_grid_1_1,113.18,139.95,10.3798,1,Construction and demolition materials,0.6023,2026-05-26 01:05:43,1
site3_356_grid_0_0,-1.0,-1.0,0.0,0,none,0.0,2026-05-26 01:05:43,0
site3_359_grid_0_0,-1.0,-1.0,0.0,0,none,0.0,2026-05-26 01:05:43,0
site3_359_grid_0_1,-1.0,-1.0,0.0,0,none,0.0,2026-05-26 01:05:43,0
site3_35_grid_1_0,-1.0,-1.0,0.0,0,none,0.0,2026-05-26 01:05:43,0
site3_360_grid_0_1,436.99,123.35,9.5783,2,Wood,0.4346,2026-05-26 01:05:43,1
site3_361_grid_0_1,194.94,286.23,24.1524,2,Wood,0.792,2026-05-26 01:05:43,1
site3_363_grid_0_0,-1.0,-1.0,0.0,0,none,0.0,2026-05-26 01:05:43,0
site3_363_grid_0_1,-1.0,-1.0,0.0,0,none,0.0,2026-05-26 01:05:43,0
site3_364_grid_1_0,-1.0,-1.0,0.0,0,none,0.0,2026-05-26 01:05:43,0
site3_366_grid_0_0,-1.0,-1.0,0.0,0,none,0.0,2026-05-26 01:05:43,0
site3_366_grid_0_1,-1.0,-1.0,0.0,0,none,0.0,2026-05-26 01:05:43,0
site3_368_grid_0_0,-1.0,-1.0,0.0,0,none,0.0,2026-05-26 01:05:43,0
site3_369_grid_0_0,-1.0,-1.0,0.0,0,none,0.0,2026-05-26 01:05:43,0
site3_369_grid_0_1,-1.0,-1.0,0.0,0,none,0.0,2026-05-26 01:05:43,0
site3_36_grid_0_0,-1.0,-1.0,0.0,0,none,0.0,2026-05-26 01:05:43,0
site3_370_grid_0_0,-1.0,-1.0,0.0,0,none,0.0,2026-05-26 01:05:43,0
site3_371_grid_0_1,-1.0,-1.0,0.0,0,none,0.0,2026-05-26 01:05:43,0
site3_371_grid_1_0,-1.0,-1.0,0.0,0,none,0.0,2026-05-26 01:05:43,0
site3_375_grid_0_0,-1.0,-1.0,0.0,0,none,0.0,2026-05-26 01:05:43,0
site3_375_grid_0_1,-1.0,-1.0,0.0,0,none,0.0,2026-05-26 01:05:43,0
site3_376_grid_1_1,-1.0,-1.0,0.0,0,none,0.0,2026-05-26 01:05:43,0
site3_377_grid_1_0,-1.0,-1.0,0.0,0,none,0.0,2026-05-26 01:05:43,0
site3_378_grid_0_1,-1.0,-1.0,0.0,0,none,0.0,2026-05-26 01:05:43,0
site3_379_grid_1_0,-1.0,-1.0,0.0,0,none,0.0,2026-05-26 01:05:43,0
site3_381_grid_1_0,-1.0,-1.0,0.0,0,none,0.0,2026-05-26 01:05:43,0
site3_382_grid_0_1,-1.0,-1.0,0.0,0,none,0.0,2026-05-26 01:05:43,0
site3_383_grid_0_1,378.33,328.0,16.9197,3,Construction and demolition materials,0.5826,2026-05-26 01:05:43,1
site3_384_grid_0_1,-1.0,-1.0,0.0,0,none,0.0,2026-05-26 01:05:43,0
site3_385_grid_1_0,203.8,450.55,9.2049,1,Wood,0.6202,2026-05-26 01:05:43,1
site3_385_grid_1_1,94.23,446.49,7.864,1,Wood,0.5517,2026-05-26 01:05:43,1
site3_386_grid_0_1,-1.0,-1.0,0.0,0,none,0.0,2026-05-26 01:05:43,0
site3_386_grid_1_1,-1.0,-1.0,0.0,0,none,0.0,2026-05-26 01:05:43,0
site3_388_grid_0_1,-1.0,-1.0,0.0,0,none,0.0,2026-05-26 01:05:43,0
site3_390_grid_1_0,477.66,440.78,3.5984,1,Construction and demolition materials,0.3234,2026-05-26 01:05:43,1
site3_391_grid_1_1,325.93,424.84,14.78,2,Wood,0.6308,2026-05-26 01:05:43,1
site3_392_grid_0_1,358.96,231.41,9.2068,1,Wood,0.7652,2026-05-26 01:05:43,1
site3_393_grid_1_1,73.39,136.99,8.4438,1,Construction and demolition materials,0.3855,2026-05-26 01:05:43,1
site3_394_grid_0_0,-1.0,-1.0,0.0,0,none,0.0,2026-05-26 01:05:43,0
site3_395_grid_1_1,-1.0,-1.0,0.0,0,none,0.0,2026-05-26 01:05:43,0
site3_396_grid_0_0,-1.0,-1.0,0.0,0,none,0.0,2026-05-26 01:05:43,0
site3_396_grid_1_1,-1.0,-1.0,0.0,0,none,0.0,2026-05-26 01:05:43,0
site3_398_grid_0_1,-1.0,-1.0,0.0,0,none,0.0,2026-05-26 01:05:43,0
site3_399_grid_1_1,-1.0,-1.0,0.0,0,none,0.0,2026-05-26 01:05:43,0
site3_39_grid_0_0,-1.0,-1.0,0.0,0,none,0.0,2026-05-26 01:05:43,0
site3_401_grid_0_1,-1.0,-1.0,0.0,0,none,0.0,2026-05-26 01:05:43,0
site3_40_grid_1_0,-1.0,-1.0,0.0,0,none,0.0,2026-05-26 01:05:43,0
site3_410_grid_0_0,-1.0,-1.0,0.0,0,none,0.0,2026-05-26 01:05:43,0
site3_410_grid_1_1,-1.0,-1.0,0.0,0,none,0.0,2026-05-26 01:05:43,0
site3_412_grid_0_1,-1.0,-1.0,0.0,0,none,0.0,2026-05-26 01:05:43,0
site3_414_grid_1_0,-1.0,-1.0,0.0,0,none,0.0,2026-05-26 01:05:43,0
site3_415_grid_1_0,-1.0,-1.0,0.0,0,none,0.0,2026-05-26 01:05:43,0
site3_415_grid_1_1,-1.0,-1.0,0.0,0,none,0.0,2026-05-26 01:05:43,0
site3_416_grid_1_1,124.16,245.37,19.6587,2,Wood,0.6738,2026-05-26 01:05:43,1
site3_417_grid_0_0,-1.0,-1.0,0.0,0,none,0.0,2026-05-26 01:05:43,0
site3_418_grid_0_1,-1.0,-1.0,0.0,0,none,0.0,2026-05-26 01:05:43,0
site3_41_grid_0_1,-1.0,-1.0,0.0,0,none,0.0,2026-05-26 01:05:43,0
site3_420_grid_1_0,-1.0,-1.0,0.0,0,none,0.0,2026-05-26 01:05:43,0
site3_421_grid_0_0,-1.0,-1.0,0.0,0,none,0.0,2026-05-26 01:05:43,0
site3_421_grid_0_1,417.7,29.74,4.1298,1,Construction and demolition materials,0.2898,2026-05-26 01:05:43,1
site3_421_grid_1_1,-1.0,-1.0,0.0,0,none,0.0,2026-05-26 01:05:43,0
site3_422_grid_0_0,-1.0,-1.0,0.0,0,none,0.0,2026-05-26 01:05:43,0
site3_422_grid_1_0,419.76,145.75,20.3823,1,Mixed items,0.4775,2026-05-26 01:05:43,1
site3_422_grid_1_1,323.68,143.26,27.7946,1,Mixed items,0.4858,2026-05-26 01:05:43,1
site3_423_grid_1_0,16.99,474.92,1.0296,1,Construction and demolition materials,0.2542,2026-05-26 01:05:43,1
site3_425_grid_0_0,-1.0,-1.0,0.0,0,none,0.0,2026-05-26 01:05:43,0
site3_426_grid_1_1,-1.0,-1.0,0.0,0,none,0.0,2026-05-26 01:05:43,0
site3_427_grid_0_1,-1.0,-1.0,0.0,0,none,0.0,2026-05-26 01:05:43,0
site3_427_grid_1_1,-1.0,-1.0,0.0,0,none,0.0,2026-05-26 01:05:43,0
site3_429_grid_0_1,-1.0,-1.0,0.0,0,none,0.0,2026-05-26 01:05:43,0
site3_42_grid_0_1,-1.0,-1.0,0.0,0,none,0.0,2026-05-26 01:05:43,0
site3_430_grid_0_1,-1.0,-1.0,0.0,0,none,0.0,2026-05-26 01:05:43,0
site3_431_grid_0_0,-1.0,-1.0,0.0,0,none,0.0,2026-05-26 01:05:43,0
site3_432_grid_0_0,-1.0,-1.0,0.0,0,none,0.0,2026-05-26 01:05:43,0
site3_432_grid_1_1,-1.0,-1.0,0.0,0,none,0.0,2026-05-26 01:05:43,0
site3_437_grid_0_0,-1.0,-1.0,0.0,0,none,0.0,2026-05-26 01:05:43,0
site3_438_grid_1_0,-1.0,-1.0,0.0,0,none,0.0,2026-05-26 01:05:43,0
site3_439_grid_0_1,-1.0,-1.0,0.0,0,none,0.0,2026-05-26 01:05:43,0
site3_441_grid_0_1,-1.0,-1.0,0.0,0,none,0.0,2026-05-26 01:05:43,0
site3_443_grid_0_1,-1.0,-1.0,0.0,0,none,0.0,2026-05-26 01:05:43,0
site3_443_grid_1_1,-1.0,-1.0,0.0,0,none,0.0,2026-05-26 01:05:43,0
site3_445_grid_0_1,487.88,199.88,4.8351,1,Construction and demolition materials,0.4112,2026-05-26 01:05:43,1
site3_446_grid_0_1,19.3,261.58,1.4744,1,Construction and demolition materials,0.3922,2026-05-26 01:05:43,1
site3_447_grid_0_1,136.78,303.06,28.3897,5,Mixed items,0.5139,2026-05-26 01:05:43,1
site3_447_grid_1_0,276.23,285.37,30.5767,5,Mixed items,0.5408,2026-05-26 01:05:43,1
site3_447_grid_1_1,154.19,289.52,29.1958,4,Mixed items,0.5794,2026-05-26 01:05:43,1
site3_448_grid_0_0,-1.0,-1.0,0.0,0,none,0.0,2026-05-26 01:05:43,0
site3_451_grid_0_0,-1.0,-1.0,0.0,0,none,0.0,2026-05-26 01:05:43,0
site3_451_grid_0_1,-1.0,-1.0,0.0,0,none,0.0,2026-05-26 01:05:43,0
site3_452_grid_0_1,-1.0,-1.0,0.0,0,none,0.0,2026-05-26 01:05:43,0
site3_453_grid_0_1,-1.0,-1.0,0.0,0,none,0.0,2026-05-26 01:05:43,0
site3_454_grid_0_1,-1.0,-1.0,0.0,0,none,0.0,2026-05-26 01:05:43,0
site3_454_grid_1_0,468.8,201.83,3.6434,1,Construction and demolition materials,0.2885,2026-05-26 01:05:43,1
site3_454_grid_1_1,-1.0,-1.0,0.0,0,none,0.0,2026-05-26 01:05:43,0
site3_455_grid_1_1,-1.0,-1.0,0.0,0,none,0.0,2026-05-26 01:05:43,0
site3_458_grid_1_0,-1.0,-1.0,0.0,0,none,0.0,2026-05-26 01:05:43,0
site3_45_grid_0_1,-1.0,-1.0,0.0,0,none,0.0,2026-05-26 01:05:43,0
site3_460_grid_0_0,-1.0,-1.0,0.0,0,none,0.0,2026-05-26 01:05:43,0
site3_463_grid_1_0,-1.0,-1.0,0.0,0,none,0.0,2026-05-26 01:05:43,0
site3_463_grid_1_1,-1.0,-1.0,0.0,0,none,0.0,2026-05-26 01:05:43,0
site3_46_grid_0_0,-1.0,-1.0,0.0,0,none,0.0,2026-05-26 01:05:43,0
site3_471_grid_0_0,-1.0,-1.0,0.0,0,none,0.0,2026-05-26 01:05:43,0
site3_471_grid_1_0,-1.0,-1.0,0.0,0,none,0.0,2026-05-26 01:05:43,0
site3_472_grid_1_1,-1.0,-1.0,0.0,0,none,0.0,2026-05-26 01:05:43,0
site3_473_grid_0_1,-1.0,-1.0,0.0,0,none,0.0,2026-05-26 01:05:43,0
site3_474_grid_1_1,-1.0,-1.0,0.0,0,none,0.0,2026-05-26 01:05:43,0
site3_476_grid_1_0,-1.0,-1.0,0.0,0,none,0.0,2026-05-26 01:05:43,0
site3_477_grid_0_1,-1.0,-1.0,0.0,0,none,0.0,2026-05-26 01:05:43,0
site3_478_grid_0_1,230.25,296.61,16.7957,2,Scrap,0.415,2026-05-26 01:05:43,1
site3_478_grid_1_1,241.71,342.13,7.5424,3,Scrap,0.4218,2026-05-26 01:05:43,1
site3_479_grid_0_1,-1.0,-1.0,0.0,0,none,0.0,2026-05-26 01:05:43,0
site3_47_grid_0_0,-1.0,-1.0,0.0,0,none,0.0,2026-05-26 01:05:43,0
site3_480_grid_0_0,-1.0,-1.0,0.0,0,none,0.0,2026-05-26 01:05:43,0
site3_482_grid_1_0,-1.0,-1.0,0.0,0,none,0.0,2026-05-26 01:05:43,0
site3_483_grid_1_0,-1.0,-1.0,0.0,0,none,0.0,2026-05-26 01:05:43,0
site3_485_grid_1_1,-1.0,-1.0,0.0,0,none,0.0,2026-05-26 01:05:43,0
site3_488_grid_0_1,-1.0,-1.0,0.0,0,none,0.0,2026-05-26 01:05:43,0
site3_48_grid_1_0,-1.0,-1.0,0.0,0,none,0.0,2026-05-26 01:05:43,0
site3_48_grid_1_1,-1.0,-1.0,0.0,0,none,0.0,2026-05-26 01:05:43,0
site3_490_grid_0_1,-1.0,-1.0,0.0,0,none,0.0,2026-05-26 01:05:43,0
site3_491_grid_1_0,-1.0,-1.0,0.0,0,none,0.0,2026-05-26 01:05:43,0
site3_491_grid_1_1,-1.0,-1.0,0.0,0,none,0.0,2026-05-26 01:05:43,0
site3_493_grid_0_1,-1.0,-1.0,0.0,0,none,0.0,2026-05-26 01:05:43,0
site3_493_grid_1_0,-1.0,-1.0,0.0,0,none,0.0,2026-05-26 01:05:43,0
site3_494_grid_1_0,-1.0,-1.0,0.0,0,none,0.0,2026-05-26 01:05:43,0
site3_498_grid_1_1,-1.0,-1.0,0.0,0,none,0.0,2026-05-26 01:05:43,0
site3_4_grid_1_0,-1.0,-1.0,0.0,0,none,0.0,2026-05-26 01:05:43,0
site3_500_grid_0_1,-1.0,-1.0,0.0,0,none,0.0,2026-05-26 01:05:43,0
site3_500_grid_1_1,-1.0,-1.0,0.0,0,none,0.0,2026-05-26 01:05:43,0
site3_501_grid_1_1,-1.0,-1.0,0.0,0,none,0.0,2026-05-26 01:05:43,0
site3_502_grid_1_1,-1.0,-1.0,0.0,0,none,0.0,2026-05-26 01:05:43,0
site3_503_grid_1_1,-1.0,-1.0,0.0,0,none,0.0,2026-05-26 01:05:43,0
site3_507_grid_0_1,-1.0,-1.0,0.0,0,none,0.0,2026-05-26 01:05:43,0
site3_507_grid_1_0,-1.0,-1.0,0.0,0,none,0.0,2026-05-26 01:05:43,0
site3_509_grid_1_1,236.06,137.67,5.3856,5,Plastic packaging,0.3858,2026-05-26 01:05:43,1
site3_512_grid_0_0,-1.0,-1.0,0.0,0,none,0.0,2026-05-26 01:05:43,0
site3_515_grid_1_1,-1.0,-1.0,0.0,0,none,0.0,2026-05-26 01:05:43,0
site3_517_grid_0_0,389.81,259.13,14.8117,1,Vehicles,0.404,2026-05-26 01:05:43,1
site3_518_grid_1_1,-1.0,-1.0,0.0,0,none,0.0,2026-05-26 01:05:43,0
site3_521_grid_0_1,-1.0,-1.0,0.0,0,none,0.0,2026-05-26 01:05:43,0
site3_521_grid_1_1,-1.0,-1.0,0.0,0,none,0.0,2026-05-26 01:05:43,0
site3_522_grid_1_0,-1.0,-1.0,0.0,0,none,0.0,2026-05-26 01:05:43,0
site3_523_grid_0_0,-1.0,-1.0,0.0,0,none,0.0,2026-05-26 01:05:43,0
site3_524_grid_0_0,-1.0,-1.0,0.0,0,none,0.0,2026-05-26 01:05:43,0
site3_525_grid_1_0,-1.0,-1.0,0.0,0,none,0.0,2026-05-26 01:05:43,0
site3_525_grid_1_1,-1.0,-1.0,0.0,0,none,0.0,2026-05-26 01:05:43,0
site3_526_grid_0_0,-1.0,-1.0,0.0,0,none,0.0,2026-05-26 01:05:43,0
site3_526_grid_1_1,-1.0,-1.0,0.0,0,none,0.0,2026-05-26 01:05:43,0
site3_530_grid_0_1,-1.0,-1.0,0.0,0,none,0.0,2026-05-26 01:05:43,0
site3_535_grid_1_1,-1.0,-1.0,0.0,0,none,0.0,2026-05-26 01:05:43,0
site3_536_grid_1_1,-1.0,-1.0,0.0,0,none,0.0,2026-05-26 01:05:43,0
site3_537_grid_0_0,-1.0,-1.0,0.0,0,none,0.0,2026-05-26 01:05:43,0
site3_539_grid_1_0,391.5,120.3,18.6165,3,Mixed items,0.2791,2026-05-26 01:05:43,1
site3_540_grid_0_0,29.34,265.27,3.9318,1,Mixed items,0.2996,2026-05-26 01:05:43,1
site3_540_grid_0_1,384.62,91.68,3.9726,2,Wood,0.4607,2026-05-26 01:05:43,1
site3_542_grid_0_0,-1.0,-1.0,0.0,0,none,0.0,2026-05-26 01:05:43,0
site3_543_grid_1_1,-1.0,-1.0,0.0,0,none,0.0,2026-05-26 01:05:43,0
site3_545_grid_1_1,-1.0,-1.0,0.0,0,none,0.0,2026-05-26 01:05:43,0
site3_548_grid_1_0,-1.0,-1.0,0.0,0,none,0.0,2026-05-26 01:05:43,0
site3_549_grid_0_0,370.11,318.41,3.4111,1,Construction and demolition materials,0.2618,2026-05-26 01:05:43,1
site3_549_grid_1_0,-1.0,-1.0,0.0,0,none,0.0,2026-05-26 01:05:43,0
site3_54_grid_0_0,-1.0,-1.0,0.0,0,none,0.0,2026-05-26 01:05:43,0
site3_54_grid_0_1,-1.0,-1.0,0.0,0,none,0.0,2026-05-26 01:05:43,0
site3_550_grid_1_0,237.23,145.46,1.9222,1,Wood,0.6532,2026-05-26 01:05:43,1
site3_551_grid_1_0,-1.0,-1.0,0.0,0,none,0.0,2026-05-26 01:05:43,0
site3_553_grid_0_0,-1.0,-1.0,0.0,0,none,0.0,2026-05-26 01:05:43,0
site3_553_grid_1_1,-1.0,-1.0,0.0,0,none,0.0,2026-05-26 01:05:43,0
site3_554_grid_1_1,-1.0,-1.0,0.0,0,none,0.0,2026-05-26 01:05:43,0
site3_556_grid_0_0,-1.0,-1.0,0.0,0,none,0.0,2026-05-26 01:05:43,0
site3_556_grid_0_1,-1.0,-1.0,0.0,0,none,0.0,2026-05-26 01:05:43,0
site3_556_grid_1_1,-1.0,-1.0,0.0,0,none,0.0,2026-05-26 01:05:43,0
site3_55_grid_0_1,-1.0,-1.0,0.0,0,none,0.0,2026-05-26 01:05:43,0
site3_55_grid_1_1,-1.0,-1.0,0.0,0,none,0.0,2026-05-26 01:05:43,0
site3_561_grid_0_0,-1.0,-1.0,0.0,0,none,0.0,2026-05-26 01:05:43,0
site3_561_grid_1_1,-1.0,-1.0,0.0,0,none,0.0,2026-05-26 01:05:43,0
site3_562_grid_0_1,-1.0,-1.0,0.0,0,none,0.0,2026-05-26 01:05:43,0
site3_564_grid_0_0,-1.0,-1.0,0.0,0,none,0.0,2026-05-26 01:05:43,0
site3_564_grid_1_0,-1.0,-1.0,0.0,0,none,0.0,2026-05-26 01:05:43,0
site3_565_grid_0_0,-1.0,-1.0,0.0,0,none,0.0,2026-05-26 01:05:43,0
site3_567_grid_0_0,-1.0,-1.0,0.0,0,none,0.0,2026-05-26 01:05:43,0
site3_569_grid_0_0,-1.0,-1.0,0.0,0,none,0.0,2026-05-26 01:05:43,0
site3_569_grid_1_0,-1.0,-1.0,0.0,0,none,0.0,2026-05-26 01:05:43,0
site3_56_grid_1_0,-1.0,-1.0,0.0,0,none,0.0,2026-05-26 01:05:43,0
site3_570_grid_0_1,438.88,437.17,8.1078,1,Construction and demolition materials,0.6936,2026-05-26 01:05:43,1
site3_570_grid_1_1,407.36,355.07,12.0747,2,Construction and demolition materials,0.4893,2026-05-26 01:05:43,1
site3_572_grid_0_0,289.72,476.6,1.6838,1,Plastic,0.2888,2026-05-26 01:05:43,1
site3_574_grid_0_1,468.23,496.05,1.1009,1,Plastic,0.5476,2026-05-26 01:05:43,1
site3_576_grid_1_0,392.33,259.27,2.3254,1,Plastic,0.6297,2026-05-26 01:05:43,1
site3_579_grid_1_1,220.48,257.23,15.329,4,Plastic,0.5324,2026-05-26 01:05:43,1
site3_580_grid_1_0,-1.0,-1.0,0.0,0,none,0.0,2026-05-26 01:05:43,0
site3_580_grid_1_1,-1.0,-1.0,0.0,0,none,0.0,2026-05-26 01:05:43,0
site3_581_grid_0_0,-1.0,-1.0,0.0,0,none,0.0,2026-05-26 01:05:43,0
site3_583_grid_0_1,-1.0,-1.0,0.0,0,none,0.0,2026-05-26 01:05:43,0
site3_583_grid_1_1,-1.0,-1.0,0.0,0,none,0.0,2026-05-26 01:05:43,0
site3_587_grid_0_1,-1.0,-1.0,0.0,0,none,0.0,2026-05-26 01:05:43,0
site3_587_grid_1_0,-1.0,-1.0,0.0,0,none,0.0,2026-05-26 01:05:43,0
site3_588_grid_1_0,-1.0,-1.0,0.0,0,none,0.0,2026-05-26 01:05:43,0
site3_58_grid_1_0,-1.0,-1.0,0.0,0,none,0.0,2026-05-26 01:05:43,0
site3_592_grid_0_0,-1.0,-1.0,0.0,0,none,0.0,2026-05-26 01:05:43,0
site3_592_grid_0_1,-1.0,-1.0,0.0,0,none,0.0,2026-05-26 01:05:43,0
site3_592_grid_1_0,-1.0,-1.0,0.0,0,none,0.0,2026-05-26 01:05:43,0
site3_593_grid_0_1,-1.0,-1.0,0.0,0,none,0.0,2026-05-26 01:05:43,0
site3_594_grid_0_1,-1.0,-1.0,0.0,0,none,0.0,2026-05-26 01:05:43,0
site3_595_grid_0_0,-1.0,-1.0,0.0,0,none,0.0,2026-05-26 01:05:43,0
site3_595_grid_0_1,-1.0,-1.0,0.0,0,none,0.0,2026-05-26 01:05:43,0
site3_597_grid_0_0,-1.0,-1.0,0.0,0,none,0.0,2026-05-26 01:05:43,0
site3_599_grid_0_0,-1.0,-1.0,0.0,0,none,0.0,2026-05-26 01:05:43,0
site3_599_grid_1_1,-1.0,-1.0,0.0,0,none,0.0,2026-05-26 01:05:43,0
site3_602_grid_0_1,267.64,162.18,8.7246,1,Plastic,0.7841,2026-05-26 01:05:43,1
site3_603_grid_0_1,155.65,101.48,7.6195,4,Plastic,0.5058,2026-05-26 01:05:43,1
site3_604_grid_0_1,205.41,56.61,2.5166,1,Plastic,0.6684,2026-05-26 01:05:43,1
site3_605_grid_0_1,-1.0,-1.0,0.0,0,none,0.0,2026-05-26 01:05:43,0
site3_607_grid_0_0,-1.0,-1.0,0.0,0,none,0.0,2026-05-26 01:05:43,0
site3_608_grid_0_0,266.27,479.56,2.6882,1,Plastic,0.3304,2026-05-26 01:05:43,1
site3_60_grid_0_1,-1.0,-1.0,0.0,0,none,0.0,2026-05-26 01:05:43,0
site3_610_grid_1_0,-1.0,-1.0,0.0,0,none,0.0,2026-05-26 01:05:43,0
site3_613_grid_1_0,-1.0,-1.0,0.0,0,none,0.0,2026-05-26 01:05:43,0
site3_616_grid_0_1,-1.0,-1.0,0.0,0,none,0.0,2026-05-26 01:05:43,0
site3_616_grid_1_1,-1.0,-1.0,0.0,0,none,0.0,2026-05-26 01:05:43,0
site3_617_grid_0_0,-1.0,-1.0,0.0,0,none,0.0,2026-05-26 01:05:43,0
site3_618_grid_0_0,-1.0,-1.0,0.0,0,none,0.0,2026-05-26 01:05:43,0
site3_618_grid_1_1,-1.0,-1.0,0.0,0,none,0.0,2026-05-26 01:05:43,0
site3_61_grid_0_0,-1.0,-1.0,0.0,0,none,0.0,2026-05-26 01:05:43,0
site3_628_grid_0_0,-1.0,-1.0,0.0,0,none,0.0,2026-05-26 01:05:43,0
site3_630_grid_0_0,-1.0,-1.0,0.0,0,none,0.0,2026-05-26 01:05:43,0
site3_631_grid_0_0,241.13,206.09,5.4016,1,Construction and demolition materials,0.278,2026-05-26 01:05:43,1
site3_631_grid_1_1,-1.0,-1.0,0.0,0,none,0.0,2026-05-26 01:05:43,0
site3_635_grid_1_1,-1.0,-1.0,0.0,0,none,0.0,2026-05-26 01:05:43,0
site3_636_grid_0_0,-1.0,-1.0,0.0,0,none,0.0,2026-05-26 01:05:43,0
site3_636_grid_1_0,-1.0,-1.0,0.0,0,none,0.0,2026-05-26 01:05:43,0
site3_637_grid_1_0,-1.0,-1.0,0.0,0,none,0.0,2026-05-26 01:05:43,0
site3_639_grid_0_0,127.65,337.69,2.9354,2,Wood,0.3022,2026-05-26 01:05:43,1
site3_639_grid_0_1,-1.0,-1.0,0.0,0,none,0.0,2026-05-26 01:05:43,0
site3_640_grid_0_0,251.68,40.84,2.4067,1,Wood,0.4893,2026-05-26 01:05:43,1
site3_640_grid_1_1,-1.0,-1.0,0.0,0,none,0.0,2026-05-26 01:05:43,0
site3_643_grid_0_1,-1.0,-1.0,0.0,0,none,0.0,2026-05-26 01:05:43,0
site3_644_grid_1_0,34.39,196.33,9.0942,1,Scrap,0.3865,2026-05-26 01:05:43,1
site3_645_grid_1_0,-1.0,-1.0,0.0,0,none,0.0,2026-05-26 01:05:43,0
site3_648_grid_0_0,-1.0,-1.0,0.0,0,none,0.0,2026-05-26 01:05:43,0
site3_649_grid_0_0,-1.0,-1.0,0.0,0,none,0.0,2026-05-26 01:05:43,0
site3_656_grid_0_1,-1.0,-1.0,0.0,0,none,0.0,2026-05-26 01:05:43,0
site3_656_grid_1_0,-1.0,-1.0,0.0,0,none,0.0,2026-05-26 01:05:43,0
site3_657_grid_0_1,-1.0,-1.0,0.0,0,none,0.0,2026-05-26 01:05:43,0
site3_658_grid_0_1,-1.0,-1.0,0.0,0,none,0.0,2026-05-26 01:05:43,0
site3_658_grid_1_1,-1.0,-1.0,0.0,0,none,0.0,2026-05-26 01:05:43,0
site3_659_grid_0_0,-1.0,-1.0,0.0,0,none,0.0,2026-05-26 01:05:43,0
site3_659_grid_1_0,-1.0,-1.0,0.0,0,none,0.0,2026-05-26 01:05:43,0
site3_65_grid_1_0,-1.0,-1.0,0.0,0,none,0.0,2026-05-26 01:05:43,0
site3_661_grid_1_0,-1.0,-1.0,0.0,0,none,0.0,2026-05-26 01:05:43,0
site3_662_grid_0_1,-1.0,-1.0,0.0,0,none,0.0,2026-05-26 01:05:43,0
site3_664_grid_1_0,-1.0,-1.0,0.0,0,none,0.0,2026-05-26 01:05:43,0
site3_665_grid_1_1,-1.0,-1.0,0.0,0,none,0.0,2026-05-26 01:05:43,0
site3_667_grid_0_0,476.78,203.63,1.1208,1,Pallets,0.4608,2026-05-26 01:05:43,1
site3_667_grid_1_0,477.2,75.66,1.1482,1,Pallets,0.4631,2026-05-26 01:05:43,1
site3_670_grid_1_0,-1.0,-1.0,0.0,0,none,0.0,2026-05-26 01:05:43,0
site3_671_grid_0_0,-1.0,-1.0,0.0,0,none,0.0,2026-05-26 01:05:43,0
site3_673_grid_1_1,-1.0,-1.0,0.0,0,none,0.0,2026-05-26 01:05:43,0
site3_677_grid_0_0,-1.0,-1.0,0.0,0,none,0.0,2026-05-26 01:05:43,0
site3_677_grid_0_1,-1.0,-1.0,0.0,0,none,0.0,2026-05-26 01:05:43,0
site3_677_grid_1_1,-1.0,-1.0,0.0,0,none,0.0,2026-05-26 01:05:43,0
site3_678_grid_0_0,-1.0,-1.0,0.0,0,none,0.0,2026-05-26 01:05:43,0
site3_679_grid_1_0,-1.0,-1.0,0.0,0,none,0.0,2026-05-26 01:05:43,0
site3_680_grid_1_0,-1.0,-1.0,0.0,0,none,0.0,2026-05-26 01:05:43,0
site3_687_grid_1_1,-1.0,-1.0,0.0,0,none,0.0,2026-05-26 01:05:43,0
site3_688_grid_0_0,-1.0,-1.0,0.0,0,none,0.0,2026-05-26 01:05:43,0
site3_688_grid_1_0,-1.0,-1.0,0.0,0,none,0.0,2026-05-26 01:05:43,0
site3_688_grid_1_1,-1.0,-1.0,0.0,0,none,0.0,2026-05-26 01:05:43,0
site3_68_grid_0_1,-1.0,-1.0,0.0,0,none,0.0,2026-05-26 01:05:43,0
site3_690_grid_0_0,-1.0,-1.0,0.0,0,none,0.0,2026-05-26 01:05:43,0
site3_690_grid_1_0,-1.0,-1.0,0.0,0,none,0.0,2026-05-26 01:05:43,0
site3_692_grid_1_0,-1.0,-1.0,0.0,0,none,0.0,2026-05-26 01:05:43,0
site3_693_grid_0_1,337.25,393.27,5.8495,1,Scrap,0.2698,2026-05-26 01:05:43,1
site3_695_grid_1_0,-1.0,-1.0,0.0,0,none,0.0,2026-05-26 01:05:43,0
site3_697_grid_1_1,-1.0,-1.0,0.0,0,none,0.0,2026-05-26 01:05:43,0
site3_698_grid_1_1,-1.0,-1.0,0.0,0,none,0.0,2026-05-26 01:05:43,0
site3_69_grid_0_1,-1.0,-1.0,0.0,0,none,0.0,2026-05-26 01:05:43,0
site3_69_grid_1_1,-1.0,-1.0,0.0,0,none,0.0,2026-05-26 01:05:43,0
site3_700_grid_1_1,-1.0,-1.0,0.0,0,none,0.0,2026-05-26 01:05:43,0
site3_702_grid_1_1,-1.0,-1.0,0.0,0,none,0.0,2026-05-26 01:05:43,0
site3_703_grid_1_1,-1.0,-1.0,0.0,0,none,0.0,2026-05-26 01:05:43,0
site3_704_grid_0_1,-1.0,-1.0,0.0,0,none,0.0,2026-05-26 01:05:43,0
site3_704_grid_1_0,-1.0,-1.0,0.0,0,none,0.0,2026-05-26 01:05:43,0
site3_705_grid_1_1,-1.0,-1.0,0.0,0,none,0.0,2026-05-26 01:05:43,0
site3_706_grid_0_1,-1.0,-1.0,0.0,0,none,0.0,2026-05-26 01:05:43,0
site3_708_grid_0_0,-1.0,-1.0,0.0,0,none,0.0,2026-05-26 01:05:43,0
site3_710_grid_1_0,-1.0,-1.0,0.0,0,none,0.0,2026-05-26 01:05:43,0
site3_710_grid_1_1,-1.0,-1.0,0.0,0,none,0.0,2026-05-26 01:05:43,0
site3_711_grid_0_0,-1.0,-1.0,0.0,0,none,0.0,2026-05-26 01:05:43,0
site3_721_grid_0_1,-1.0,-1.0,0.0,0,none,0.0,2026-05-26 01:05:43,0
site3_722_grid_0_0,-1.0,-1.0,0.0,0,none,0.0,2026-05-26 01:05:43,0
site3_722_grid_1_0,-1.0,-1.0,0.0,0,none,0.0,2026-05-26 01:05:43,0
site3_722_grid_1_1,-1.0,-1.0,0.0,0,none,0.0,2026-05-26 01:05:43,0
site3_723_grid_1_1,-1.0,-1.0,0.0,0,none,0.0,2026-05-26 01:05:43,0
site3_724_grid_1_1,-1.0,-1.0,0.0,0,none,0.0,2026-05-26 01:05:43,0
site3_725_grid_0_0,-1.0,-1.0,0.0,0,none,0.0,2026-05-26 01:05:43,0
site3_725_grid_1_0,-1.0,-1.0,0.0,0,none,0.0,2026-05-26 01:05:43,0
site3_726_grid_1_0,-1.0,-1.0,0.0,0,none,0.0,2026-05-26 01:05:43,0
site3_726_grid_1_1,-1.0,-1.0,0.0,0,none,0.0,2026-05-26 01:05:43,0
site3_728_grid_0_1,-1.0,-1.0,0.0,0,none,0.0,2026-05-26 01:05:43,0
site3_728_grid_1_1,-1.0,-1.0,0.0,0,none,0.0,2026-05-26 01:05:43,0
site3_729_grid_1_0,-1.0,-1.0,0.0,0,none,0.0,2026-05-26 01:05:43,0
site3_730_grid_0_0,-1.0,-1.0,0.0,0,none,0.0,2026-05-26 01:05:43,0
site3_730_grid_0_1,-1.0,-1.0,0.0,0,none,0.0,2026-05-26 01:05:43,0
site3_730_grid_1_0,-1.0,-1.0,0.0,0,none,0.0,2026-05-26 01:05:43,0
site3_730_grid_1_1,-1.0,-1.0,0.0,0,none,0.0,2026-05-26 01:05:43,0
site3_732_grid_0_0,-1.0,-1.0,0.0,0,none,0.0,2026-05-26 01:05:43,0
site3_738_grid_1_1,-1.0,-1.0,0.0,0,none,0.0,2026-05-26 01:05:43,0
site3_739_grid_0_0,-1.0,-1.0,0.0,0,none,0.0,2026-05-26 01:05:43,0
site3_739_grid_1_0,-1.0,-1.0,0.0,0,none,0.0,2026-05-26 01:05:43,0
site3_740_grid_0_0,-1.0,-1.0,0.0,0,none,0.0,2026-05-26 01:05:43,0
site3_740_grid_0_1,-1.0,-1.0,0.0,0,none,0.0,2026-05-26 01:05:43,0
site3_741_grid_1_0,-1.0,-1.0,0.0,0,none,0.0,2026-05-26 01:05:43,0
site3_742_grid_0_1,-1.0,-1.0,0.0,0,none,0.0,2026-05-26 01:05:43,0
site3_74_grid_0_0,-1.0,-1.0,0.0,0,none,0.0,2026-05-26 01:05:43,0
site3_74_grid_1_0,-1.0,-1.0,0.0,0,none,0.0,2026-05-26 01:05:43,0
site3_757_grid_1_1,-1.0,-1.0,0.0,0,none,0.0,2026-05-26 01:05:43,0
site3_758_grid_0_1,-1.0,-1.0,0.0,0,none,0.0,2026-05-26 01:05:43,0
site3_758_grid_1_0,-1.0,-1.0,0.0,0,none,0.0,2026-05-26 01:05:43,0
site3_759_grid_1_0,-1.0,-1.0,0.0,0,none,0.0,2026-05-26 01:05:43,0
site3_760_grid_1_0,-1.0,-1.0,0.0,0,none,0.0,2026-05-26 01:05:43,0
site3_761_grid_0_1,-1.0,-1.0,0.0,0,none,0.0,2026-05-26 01:05:43,0
site3_762_grid_0_1,-1.0,-1.0,0.0,0,none,0.0,2026-05-26 01:05:43,0
site3_763_grid_0_1,-1.0,-1.0,0.0,0,none,0.0,2026-05-26 01:05:43,0
site3_764_grid_1_0,-1.0,-1.0,0.0,0,none,0.0,2026-05-26 01:05:43,0
site3_765_grid_0_1,-1.0,-1.0,0.0,0,none,0.0,2026-05-26 01:05:43,0
site3_765_grid_1_1,-1.0,-1.0,0.0,0,none,0.0,2026-05-26 01:05:43,0
site3_767_grid_0_0,-1.0,-1.0,0.0,0,none,0.0,2026-05-26 01:05:43,0
site3_767_grid_0_1,-1.0,-1.0,0.0,0,none,0.0,2026-05-26 01:05:43,0
site3_769_grid_0_0,-1.0,-1.0,0.0,0,none,0.0,2026-05-26 01:05:43,0
site3_769_grid_1_1,-1.0,-1.0,0.0,0,none,0.0,2026-05-26 01:05:43,0
site3_771_grid_0_1,-1.0,-1.0,0.0,0,none,0.0,2026-05-26 01:05:43,0
site3_771_grid_1_0,-1.0,-1.0,0.0,0,none,0.0,2026-05-26 01:05:43,0
site3_772_grid_0_1,-1.0,-1.0,0.0,0,none,0.0,2026-05-26 01:05:43,0
site3_77_grid_1_0,-1.0,-1.0,0.0,0,none,0.0,2026-05-26 01:05:43,0
site3_78_grid_1_0,-1.0,-1.0,0.0,0,none,0.0,2026-05-26 01:05:43,0
site3_792_grid_1_0,-1.0,-1.0,0.0,0,none,0.0,2026-05-26 01:05:43,0
site3_796_grid_0_1,-1.0,-1.0,0.0,0,none,0.0,2026-05-26 01:05:43,0
site3_799_grid_0_0,-1.0,-1.0,0.0,0,none,0.0,2026-05-26 01:05:43,0
site3_799_grid_0_1,-1.0,-1.0,0.0,0,none,0.0,2026-05-26 01:05:43,0
site3_7_grid_0_1,-1.0,-1.0,0.0,0,none,0.0,2026-05-26 01:05:43,0
site3_800_grid_1_0,-1.0,-1.0,0.0,0,none,0.0,2026-05-26 01:05:43,0
site3_803_grid_0_0,-1.0,-1.0,0.0,0,none,0.0,2026-05-26 01:05:43,0
site3_803_grid_1_1,-1.0,-1.0,0.0,0,none,0.0,2026-05-26 01:05:43,0
site3_80_grid_1_0,-1.0,-1.0,0.0,0,none,0.0,2026-05-26 01:05:43,0
site3_81_grid_0_1,-1.0,-1.0,0.0,0,none,0.0,2026-05-26 01:05:43,0
site3_81_grid_1_0,-1.0,-1.0,0.0,0,none,0.0,2026-05-26 01:05:43,0
site3_82_grid_0_1,92.59,482.96,1.6544,1,Construction and demolition materials,0.5637,2026-05-26 01:05:43,1
site3_83_grid_0_1,-1.0,-1.0,0.0,0,none,0.0,2026-05-26 01:05:43,0
site3_84_grid_0_1,-1.0,-1.0,0.0,0,none,0.0,2026-05-26 01:05:43,0
site3_84_grid_1_0,-1.0,-1.0,0.0,0,none,0.0,2026-05-26 01:05:43,0
site3_85_grid_1_1,-1.0,-1.0,0.0,0,none,0.0,2026-05-26 01:05:43,0
site3_86_grid_1_1,285.71,381.06,16.7988,1,Rubble,0.2732,2026-05-26 01:05:43,1
site3_87_grid_1_1,-1.0,-1.0,0.0,0,none,0.0,2026-05-26 01:05:43,0
site3_89_grid_1_0,-1.0,-1.0,0.0,0,none,0.0,2026-05-26 01:05:43,0
site3_8_grid_0_1,-1.0,-1.0,0.0,0,none,0.0,2026-05-26 01:05:43,0
site3_90_grid_1_1,-1.0,-1.0,0.0,0,none,0.0,2026-05-26 01:05:43,0
site3_96_grid_1_0,-1.0,-1.0,0.0,0,none,0.0,2026-05-26 01:05:43,0
site4_100_grid_1_0,-1.0,-1.0,0.0,0,none,0.0,2026-05-26 01:05:43,0
site4_100_grid_1_1,-1.0,-1.0,0.0,0,none,0.0,2026-05-26 01:05:43,0
site4_102_grid_0_1,-1.0,-1.0,0.0,0,none,0.0,2026-05-26 01:05:43,0
site4_103_grid_1_0,-1.0,-1.0,0.0,0,none,0.0,2026-05-26 01:05:43,0
site4_104_grid_1_0,-1.0,-1.0,0.0,0,none,0.0,2026-05-26 01:05:43,0
site4_107_grid_1_1,-1.0,-1.0,0.0,0,none,0.0,2026-05-26 01:05:43,0
site4_109_grid_1_0,-1.0,-1.0,0.0,0,none,0.0,2026-05-26 01:05:43,0
site4_109_grid_1_1,-1.0,-1.0,0.0,0,none,0.0,2026-05-26 01:05:43,0
site4_111_grid_0_0,-1.0,-1.0,0.0,0,none,0.0,2026-05-26 01:05:43,0
site4_111_grid_1_1,-1.0,-1.0,0.0,0,none,0.0,2026-05-26 01:05:43,0
site4_114_grid_0_0,-1.0,-1.0,0.0,0,none,0.0,2026-05-26 01:05:43,0
site4_114_grid_1_1,293.65,427.77,4.7924,6,Textile,0.848,2026-05-26 01:05:43,1
site4_115_grid_0_0,330.12,43.05,10.582,12,Textile,0.8539,2026-05-26 01:05:43,1
site4_117_grid_1_1,150.84,80.65,10.9585,17,Textile,0.7855,2026-05-26 01:05:43,1
site4_118_grid_1_0,275.36,163.63,30.1399,98,Textile,0.7668,2026-05-26 01:05:43,1
site4_121_grid_1_1,-1.0,-1.0,0.0,0,none,0.0,2026-05-26 01:05:43,0
site4_122_grid_1_0,-1.0,-1.0,0.0,0,none,0.0,2026-05-26 01:05:43,0
site4_123_grid_1_0,-1.0,-1.0,0.0,0,none,0.0,2026-05-26 01:05:43,0
site4_127_grid_1_0,-1.0,-1.0,0.0,0,none,0.0,2026-05-26 01:05:43,0
site4_129_grid_0_1,-1.0,-1.0,0.0,0,none,0.0,2026-05-26 01:05:43,0
site4_129_grid_1_0,-1.0,-1.0,0.0,0,none,0.0,2026-05-26 01:05:43,0
site4_131_grid_0_0,408.84,448.57,5.3188,2,Mixed items,0.4379,2026-05-26 01:05:43,1
site4_132_grid_1_1,181.18,129.42,12.0613,17,Textile,0.7338,2026-05-26 01:05:43,1
site4_135_grid_0_1,-1.0,-1.0,0.0,0,none,0.0,2026-05-26 01:05:43,0
site4_136_grid_0_1,-1.0,-1.0,0.0,0,none,0.0,2026-05-26 01:05:43,0
site4_136_grid_1_0,-1.0,-1.0,0.0,0,none,0.0,2026-05-26 01:05:43,0
site4_137_grid_0_0,-1.0,-1.0,0.0,0,none,0.0,2026-05-26 01:05:43,0
site4_137_grid_1_0,-1.0,-1.0,0.0,0,none,0.0,2026-05-26 01:05:43,0
site4_138_grid_1_1,-1.0,-1.0,0.0,0,none,0.0,2026-05-26 01:05:43,0
site4_139_grid_1_0,-1.0,-1.0,0.0,0,none,0.0,2026-05-26 01:05:43,0
site4_140_grid_1_1,374.33,356.13,8.6246,4,Scrap,0.6985,2026-05-26 01:05:43,1
site4_141_grid_1_0,325.67,273.06,65.2992,2,Rubble,0.7277,2026-05-26 01:05:43,1
site4_141_grid_1_1,-1.0,-1.0,0.0,0,none,0.0,2026-05-26 01:05:43,0
site4_145_grid_0_0,-1.0,-1.0,0.0,0,none,0.0,2026-05-26 01:05:43,0
site4_146_grid_0_0,-1.0,-1.0,0.0,0,none,0.0,2026-05-26 01:05:43,0
site4_148_grid_0_1,280.24,196.84,36.24,3,Scrap,0.641,2026-05-26 01:05:43,1
site4_149_grid_0_1,246.48,37.56,3.4828,1,Mixed items,0.499,2026-05-26 01:05:43,1
site4_149_grid_1_0,-1.0,-1.0,0.0,0,none,0.0,2026-05-26 01:05:43,0
site4_149_grid_1_1,-1.0,-1.0,0.0,0,none,0.0,2026-05-26 01:05:43,0
site4_150_grid_0_0,-1.0,-1.0,0.0,0,none,0.0,2026-05-26 01:05:43,0
site4_152_grid_0_0,-1.0,-1.0,0.0,0,none,0.0,2026-05-26 01:05:43,0
site4_152_grid_1_0,-1.0,-1.0,0.0,0,none,0.0,2026-05-26 01:05:43,0
site4_153_grid_0_0,-1.0,-1.0,0.0,0,none,0.0,2026-05-26 01:05:43,0
site4_154_grid_0_1,-1.0,-1.0,0.0,0,none,0.0,2026-05-26 01:05:43,0
site4_155_grid_0_0,-1.0,-1.0,0.0,0,none,0.0,2026-05-26 01:05:43,0
site4_155_grid_0_1,-1.0,-1.0,0.0,0,none,0.0,2026-05-26 01:05:43,0
site4_159_grid_1_0,296.48,240.4,79.5315,2,Rubble,0.5369,2026-05-26 01:05:43,1
site4_159_grid_1_1,-1.0,-1.0,0.0,0,none,0.0,2026-05-26 01:05:43,0
site4_161_grid_0_0,-1.0,-1.0,0.0,0,none,0.0,2026-05-26 01:05:43,0
site4_163_grid_0_0,-1.0,-1.0,0.0,0,none,0.0,2026-05-26 01:05:43,0
site4_167_grid_0_0,-1.0,-1.0,0.0,0,none,0.0,2026-05-26 01:05:43,0
site4_171_grid_0_1,-1.0,-1.0,0.0,0,none,0.0,2026-05-26 01:05:43,0
site4_171_grid_1_0,-1.0,-1.0,0.0,0,none,0.0,2026-05-26 01:05:43,0
site4_174_grid_0_1,368.35,267.59,8.3103,5,Scrap,0.4506,2026-05-26 01:05:43,1
site4_176_grid_0_1,337.27,361.01,39.6057,3,Rubble,0.7202,2026-05-26 01:05:43,1
site4_177_grid_1_0,-1.0,-1.0,0.0,0,none,0.0,2026-05-26 01:05:43,0
site4_178_grid_0_0,-1.0,-1.0,0.0,0,none,0.0,2026-05-26 01:05:43,0
site4_179_grid_1_1,-1.0,-1.0,0.0,0,none,0.0,2026-05-26 01:05:43,0
site4_184_grid_0_1,68.7,472.81,3.994,1,Mixed items,0.4563,2026-05-26 01:05:43,1
site4_184_grid_1_1,70.97,407.87,10.9135,2,Mixed items,0.427,2026-05-26 01:05:43,1
site4_185_grid_1_1,-1.0,-1.0,0.0,0,none,0.0,2026-05-26 01:05:43,0
site4_186_grid_1_0,-1.0,-1.0,0.0,0,none,0.0,2026-05-26 01:05:43,0
site4_188_grid_0_0,-1.0,-1.0,0.0,0,none,0.0,2026-05-26 01:05:43,0
site4_188_grid_0_1,-1.0,-1.0,0.0,0,none,0.0,2026-05-26 01:05:43,0
site4_191_grid_1_0,-1.0,-1.0,0.0,0,none,0.0,2026-05-26 01:05:43,0
site4_191_grid_1_1,-1.0,-1.0,0.0,0,none,0.0,2026-05-26 01:05:43,0
site4_192_grid_1_0,-1.0,-1.0,0.0,0,none,0.0,2026-05-26 01:05:43,0
site4_193_grid_0_0,207.38,201.95,23.151,2,Scrap,0.6137,2026-05-26 01:05:43,1
site4_194_grid_0_0,218.18,287.26,2.269,1,Plastic,0.2818,2026-05-26 01:05:43,1
site4_194_grid_0_1,89.85,287.32,2.2724,1,Plastic,0.2971,2026-05-26 01:05:43,1
site4_195_grid_0_1,-1.0,-1.0,0.0,0,none,0.0,2026-05-26 01:05:43,0
site4_195_grid_1_1,-1.0,-1.0,0.0,0,none,0.0,2026-05-26 01:05:43,0
site4_197_grid_0_0,-1.0,-1.0,0.0,0,none,0.0,2026-05-26 01:05:43,0
site4_202_grid_1_0,-1.0,-1.0,0.0,0,none,0.0,2026-05-26 01:05:43,0
site4_204_grid_1_1,-1.0,-1.0,0.0,0,none,0.0,2026-05-26 01:05:43,0
site4_207_grid_1_0,-1.0,-1.0,0.0,0,none,0.0,2026-05-26 01:05:43,0
site4_208_grid_1_1,-1.0,-1.0,0.0,0,none,0.0,2026-05-26 01:05:43,0
site4_209_grid_1_0,-1.0,-1.0,0.0,0,none,0.0,2026-05-26 01:05:43,0
site4_20_grid_0_1,-1.0,-1.0,0.0,0,none,0.0,2026-05-26 01:05:43,0
site4_20_grid_1_0,-1.0,-1.0,0.0,0,none,0.0,2026-05-26 01:05:43,0
site4_212_grid_1_1,-1.0,-1.0,0.0,0,none,0.0,2026-05-26 01:05:43,0
site4_214_grid_0_1,-1.0,-1.0,0.0,0,none,0.0,2026-05-26 01:05:43,0
site4_21_grid_0_0,-1.0,-1.0,0.0,0,none,0.0,2026-05-26 01:05:43,0
site4_23_grid_1_1,-1.0,-1.0,0.0,0,none,0.0,2026-05-26 01:05:43,0
site4_24_grid_0_0,-1.0,-1.0,0.0,0,none,0.0,2026-05-26 01:05:43,0
site4_24_grid_0_1,-1.0,-1.0,0.0,0,none,0.0,2026-05-26 01:05:43,0
site4_24_grid_1_0,-1.0,-1.0,0.0,0,none,0.0,2026-05-26 01:05:43,0
site4_24_grid_1_1,-1.0,-1.0,0.0,0,none,0.0,2026-05-26 01:05:43,0
site4_25_grid_0_0,-1.0,-1.0,0.0,0,none,0.0,2026-05-26 01:05:43,0
site4_25_grid_0_1,-1.0,-1.0,0.0,0,none,0.0,2026-05-26 01:05:43,0
site4_26_grid_1_1,-1.0,-1.0,0.0,0,none,0.0,2026-05-26 01:05:43,0
site4_27_grid_0_0,-1.0,-1.0,0.0,0,none,0.0,2026-05-26 01:05:43,0
site4_30_grid_1_1,-1.0,-1.0,0.0,0,none,0.0,2026-05-26 01:05:43,0
site4_31_grid_1_1,-1.0,-1.0,0.0,0,none,0.0,2026-05-26 01:05:43,0
site4_32_grid_1_0,-1.0,-1.0,0.0,0,none,0.0,2026-05-26 01:05:43,0
site4_33_grid_0_0,-1.0,-1.0,0.0,0,none,0.0,2026-05-26 01:05:43,0
site4_38_grid_1_0,-1.0,-1.0,0.0,0,none,0.0,2026-05-26 01:05:43,0
site4_3_grid_0_0,-1.0,-1.0,0.0,0,none,0.0,2026-05-26 01:05:43,0
site4_40_grid_0_1,-1.0,-1.0,0.0,0,none,0.0,2026-05-26 01:05:43,0
site4_40_grid_1_0,-1.0,-1.0,0.0,0,none,0.0,2026-05-26 01:05:43,0
site4_41_grid_0_1,-1.0,-1.0,0.0,0,none,0.0,2026-05-26 01:05:43,0
site4_43_grid_0_1,-1.0,-1.0,0.0,0,none,0.0,2026-05-26 01:05:43,0
site4_44_grid_0_1,-1.0,-1.0,0.0,0,none,0.0,2026-05-26 01:05:43,0
site4_44_grid_1_1,-1.0,-1.0,0.0,0,none,0.0,2026-05-26 01:05:43,0
site4_46_grid_0_1,-1.0,-1.0,0.0,0,none,0.0,2026-05-26 01:05:43,0
site4_47_grid_0_1,-1.0,-1.0,0.0,0,none,0.0,2026-05-26 01:05:43,0
site4_49_grid_0_0,-1.0,-1.0,0.0,0,none,0.0,2026-05-26 01:05:43,0
site4_4_grid_1_1,-1.0,-1.0,0.0,0,none,0.0,2026-05-26 01:05:43,0
site4_52_grid_0_0,-1.0,-1.0,0.0,0,none,0.0,2026-05-26 01:05:43,0
site4_52_grid_1_0,-1.0,-1.0,0.0,0,none,0.0,2026-05-26 01:05:43,0
site4_57_grid_1_0,-1.0,-1.0,0.0,0,none,0.0,2026-05-26 01:05:43,0
site4_58_grid_0_0,-1.0,-1.0,0.0,0,none,0.0,2026-05-26 01:05:43,0
site4_58_grid_1_0,-1.0,-1.0,0.0,0,none,0.0,2026-05-26 01:05:43,0
site4_5_grid_0_0,-1.0,-1.0,0.0,0,none,0.0,2026-05-26 01:05:43,0
site4_60_grid_0_0,-1.0,-1.0,0.0,0,none,0.0,2026-05-26 01:05:43,0
site4_60_grid_1_0,241.66,477.57,4.7894,1,Mixed items,0.4305,2026-05-26 01:05:43,1
site4_61_grid_1_1,-1.0,-1.0,0.0,0,none,0.0,2026-05-26 01:05:43,0
site4_62_grid_0_0,-1.0,-1.0,0.0,0,none,0.0,2026-05-26 01:05:43,0
site4_63_grid_1_0,-1.0,-1.0,0.0,0,none,0.0,2026-05-26 01:05:43,0
site4_64_grid_1_1,-1.0,-1.0,0.0,0,none,0.0,2026-05-26 01:05:43,0
site4_67_grid_1_0,-1.0,-1.0,0.0,0,none,0.0,2026-05-26 01:05:43,0
site4_67_grid_1_1,-1.0,-1.0,0.0,0,none,0.0,2026-05-26 01:05:43,0
site4_68_grid_0_0,-1.0,-1.0,0.0,0,none,0.0,2026-05-26 01:05:43,0
site4_6_grid_0_0,-1.0,-1.0,0.0,0,none,0.0,2026-05-26 01:05:43,0
site4_6_grid_1_0,-1.0,-1.0,0.0,0,none,0.0,2026-05-26 01:05:43,0
site4_70_grid_1_0,-1.0,-1.0,0.0,0,none,0.0,2026-05-26 01:05:43,0
site4_71_grid_1_0,-1.0,-1.0,0.0,0,none,0.0,2026-05-26 01:05:43,0
site4_74_grid_0_0,-1.0,-1.0,0.0,0,none,0.0,2026-05-26 01:05:43,0
site4_74_grid_0_1,-1.0,-1.0,0.0,0,none,0.0,2026-05-26 01:05:43,0
site4_74_grid_1_1,-1.0,-1.0,0.0,0,none,0.0,2026-05-26 01:05:43,0
site4_75_grid_0_0,-1.0,-1.0,0.0,0,none,0.0,2026-05-26 01:05:43,0
site4_76_grid_1_1,-1.0,-1.0,0.0,0,none,0.0,2026-05-26 01:05:43,0
site4_7_grid_1_1,-1.0,-1.0,0.0,0,none,0.0,2026-05-26 01:05:43,0
site4_80_grid_0_0,193.7,410.68,31.2775,1,Scrap,0.7213,2026-05-26 01:05:43,1
site4_80_grid_0_1,133.23,419.94,20.2972,2,Mixed items,0.3905,2026-05-26 01:05:43,1
site4_82_grid_1_1,-1.0,-1.0,0.0,0,none,0.0,2026-05-26 01:05:43,0
site4_83_grid_0_1,-1.0,-1.0,0.0,0,none,0.0,2026-05-26 01:05:43,0
site4_83_grid_1_0,-1.0,-1.0,0.0,0,none,0.0,2026-05-26 01:05:43,0
site4_86_grid_0_1,-1.0,-1.0,0.0,0,none,0.0,2026-05-26 01:05:43,0
site4_88_grid_1_1,-1.0,-1.0,0.0,0,none,0.0,2026-05-26 01:05:43,0
site4_89_grid_1_1,-1.0,-1.0,0.0,0,none,0.0,2026-05-26 01:05:43,0
site4_8_grid_1_0,-1.0,-1.0,0.0,0,none,0.0,2026-05-26 01:05:43,0
site4_91_grid_0_1,-1.0,-1.0,0.0,0,none,0.0,2026-05-26 01:05:43,0
site4_92_grid_1_1,-1.0,-1.0,0.0,0,none,0.0,2026-05-26 01:05:43,0
site4_94_grid_0_0,466.82,439.38,0.948,1,Pallets,0.3792,2026-05-26 01:05:43,1
site4_95_grid_0_0,12.28,267.48,0.3571,1,Pallets,0.5516,2026-05-26 01:05:43,1
site4_95_grid_1_1,-1.0,-1.0,0.0,0,none,0.0,2026-05-26 01:05:43,0
site4_96_grid_1_0,-1.0,-1.0,0.0,0,none,0.0,2026-05-26 01:05:43,0
site4_96_grid_1_1,470.23,107.01,1.3855,1,Textile,0.3732,2026-05-26 01:05:43,1
site4_99_grid_1_1,93.91,479.75,4.3674,7,Textile,0.753,2026-05-26 01:05:43,1
site4_9_grid_1_1,-1.0,-1.0,0.0,0,none,0.0,2026-05-26 01:05:43,0
site5_109_grid_0_1,246.76,276.04,88.1302,1,Asbestos,0.3956,2026-05-26 01:05:43,1
site5_110_grid_0_1,-1.0,-1.0,0.0,0,none,0.0,2026-05-26 01:05:43,0
site5_112_grid_0_1,-1.0,-1.0,0.0,0,none,0.0,2026-05-26 01:05:43,0
site5_112_grid_1_1,-1.0,-1.0,0.0,0,none,0.0,2026-05-26 01:05:43,0
site5_113_grid_0_0,-1.0,-1.0,0.0,0,none,0.0,2026-05-26 01:05:43,0
site5_114_grid_1_1,-1.0,-1.0,0.0,0,none,0.0,2026-05-26 01:05:43,0
site5_115_grid_0_1,-1.0,-1.0,0.0,0,none,0.0,2026-05-26 01:05:43,0
site5_115_grid_1_0,-1.0,-1.0,0.0,0,none,0.0,2026-05-26 01:05:43,0
site5_116_grid_1_0,-1.0,-1.0,0.0,0,none,0.0,2026-05-26 01:05:43,0
site5_116_grid_1_1,-1.0,-1.0,0.0,0,none,0.0,2026-05-26 01:05:43,0
site5_117_grid_1_1,-1.0,-1.0,0.0,0,none,0.0,2026-05-26 01:05:43,0
site5_118_grid_1_1,292.48,437.66,25.0576,4,Scrap,0.5478,2026-05-26 01:05:43,1
site5_11_grid_1_1,-1.0,-1.0,0.0,0,none,0.0,2026-05-26 01:05:43,0
site5_120_grid_0_0,101.24,404.12,15.0158,2,Rubble,0.7645,2026-05-26 01:05:43,1
site5_121_grid_0_0,394.31,87.96,14.1155,3,Scrap,0.3825,2026-05-26 01:05:43,1
site5_121_grid_1_0,476.36,28.35,1.3607,2,Plastic,0.4173,2026-05-26 01:05:43,1
site5_122_grid_1_1,-1.0,-1.0,0.0,0,none,0.0,2026-05-26 01:05:43,0
site5_123_grid_0_0,-1.0,-1.0,0.0,0,none,0.0,2026-05-26 01:05:43,0
site5_123_grid_1_1,-1.0,-1.0,0.0,0,none,0.0,2026-05-26 01:05:43,0
site5_128_grid_0_1,42.12,348.56,11.8458,1,Asbestos,0.6711,2026-05-26 01:05:43,1
site5_129_grid_1_0,-1.0,-1.0,0.0,0,none,0.0,2026-05-26 01:05:43,0
site5_129_grid_1_1,-1.0,-1.0,0.0,0,none,0.0,2026-05-26 01:05:43,0
site5_130_grid_0_0,-1.0,-1.0,0.0,0,none,0.0,2026-05-26 01:05:43,0
site5_130_grid_1_1,-1.0,-1.0,0.0,0,none,0.0,2026-05-26 01:05:43,0
site5_132_grid_1_0,55.86,419.23,5.0171,1,Scrap,0.8294,2026-05-26 01:05:43,1
site5_133_grid_1_0,-1.0,-1.0,0.0,0,none,0.0,2026-05-26 01:05:43,0
site5_134_grid_1_1,322.33,265.1,34.9724,4,Scrap,0.6051,2026-05-26 01:05:43,1
site5_136_grid_1_0,-1.0,-1.0,0.0,0,none,0.0,2026-05-26 01:05:43,0
site5_137_grid_0_0,270.1,291.66,21.1403,4,Rubble,0.6052,2026-05-26 01:05:43,1
site5_13_grid_0_0,-1.0,-1.0,0.0,0,none,0.0,2026-05-26 01:05:43,0
site5_13_grid_1_0,-1.0,-1.0,0.0,0,none,0.0,2026-05-26 01:05:43,0
site5_13_grid_1_1,-1.0,-1.0,0.0,0,none,0.0,2026-05-26 01:05:43,0
site5_140_grid_0_0,132.1,450.25,1.2165,1,Plastic packaging,0.2725,2026-05-26 01:05:43,1
site5_141_grid_0_1,-1.0,-1.0,0.0,0,none,0.0,2026-05-26 01:05:43,0
site5_142_grid_1_1,-1.0,-1.0,0.0,0,none,0.0,2026-05-26 01:05:43,0
site5_145_grid_0_1,-1.0,-1.0,0.0,0,none,0.0,2026-05-26 01:05:43,0
site5_147_grid_1_1,-1.0,-1.0,0.0,0,none,0.0,2026-05-26 01:05:43,0
site5_152_grid_0_0,471.13,459.33,3.587,1,Scrap,0.6243,2026-05-26 01:05:43,1
site5_152_grid_1_0,461.03,403.39,8.9294,1,Scrap,0.8732,2026-05-26 01:05:43,1
site5_153_grid_0_0,258.97,378.12,41.0294,2,Scrap,0.4128,2026-05-26 01:05:43,1
site5_153_grid_0_1,252.0,367.57,39.6519,2,Scrap,0.4491,2026-05-26 01:05:43,1
site5_153_grid_1_0,249.77,346.47,62.9707,1,Scrap,0.5908,2026-05-26 01:05:43,1
site5_154_grid_0_0,198.47,263.6,21.4825,2,Scrap,0.6271,2026-05-26 01:05:43,1
site5_154_grid_0_1,152.87,196.87,13.9294,2,Rubble,0.7755,2026-05-26 01:05:43,1
site5_155_grid_0_0,353.53,269.44,56.353,1,Scrap,0.5357,2026-05-26 01:05:43,1
site5_155_grid_0_1,-1.0,-1.0,0.0,0,none,0.0,2026-05-26 01:05:43,0
site5_155_grid_1_1,84.17,451.19,8.2748,1,Rubble,0.5862,2026-05-26 01:05:43,1
site5_156_grid_0_0,-1.0,-1.0,0.0,0,none,0.0,2026-05-26 01:05:43,0
site5_158_grid_0_1,-1.0,-1.0,0.0,0,none,0.0,2026-05-26 01:05:43,0
site5_161_grid_0_0,-1.0,-1.0,0.0,0,none,0.0,2026-05-26 01:05:43,0
site5_164_grid_1_1,-1.0,-1.0,0.0,0,none,0.0,2026-05-26 01:05:43,0
site5_165_grid_0_0,211.96,381.57,4.5876,3,Scrap,0.5803,2026-05-26 01:05:43,1
site5_165_grid_1_0,210.91,253.83,4.6005,3,Scrap,0.6016,2026-05-26 01:05:43,1
site5_165_grid_1_1,275.37,220.32,3.0094,2,Scrap,0.782,2026-05-26 01:05:43,1
site5_167_grid_0_0,333.3,194.77,41.8747,9,Vehicles,0.8503,2026-05-26 01:05:43,1
site5_167_grid_0_1,284.66,228.35,54.8264,11,Vehicles,0.9156,2026-05-26 01:05:43,1
site5_168_grid_1_1,440.7,194.68,19.8074,5,Vehicles,0.947,2026-05-26 01:05:43,1
site5_170_grid_0_0,261.06,285.92,33.717,5,Scrap,0.6544,2026-05-26 01:05:43,1
site5_170_grid_1_1,357.9,330.33,39.3684,2,Scrap,0.6843,2026-05-26 01:05:43,1
site5_172_grid_0_1,-1.0,-1.0,0.0,0,none,0.0,2026-05-26 01:05:43,0
site5_175_grid_1_0,-1.0,-1.0,0.0,0,none,0.0,2026-05-26 01:05:43,0
site5_178_grid_0_0,-1.0,-1.0,0.0,0,none,0.0,2026-05-26 01:05:43,0
site5_179_grid_0_0,-1.0,-1.0,0.0,0,none,0.0,2026-05-26 01:05:43,0
site5_179_grid_0_1,-1.0,-1.0,0.0,0,none,0.0,2026-05-26 01:05:43,0
site5_179_grid_1_1,-1.0,-1.0,0.0,0,none,0.0,2026-05-26 01:05:43,0
site5_182_grid_1_0,319.87,394.49,37.3016,2,Asbestos,0.5802,2026-05-26 01:05:43,1
site5_182_grid_1_1,282.1,396.57,41.9964,1,Asbestos,0.615,2026-05-26 01:05:43,1
site5_183_grid_0_0,52.06,439.04,5.9654,1,Asbestos,0.8035,2026-05-26 01:05:43,1
site5_183_grid_0_1,-1.0,-1.0,0.0,0,none,0.0,2026-05-26 01:05:43,0
site5_184_grid_0_0,-1.0,-1.0,0.0,0,none,0.0,2026-05-26 01:05:43,0
site5_184_grid_1_0,-1.0,-1.0,0.0,0,none,0.0,2026-05-26 01:05:43,0
site5_185_grid_1_0,469.33,16.79,1.083,1,Vehicles,0.4651,2026-05-26 01:05:43,1
site5_186_grid_1_0,126.47,275.42,33.9195,7,Vehicles,0.8516,2026-05-26 01:05:43,1
site5_187_grid_0_1,204.5,282.32,59.7481,6,Scrap,0.683,2026-05-26 01:05:43,1
site5_189_grid_0_1,-1.0,-1.0,0.0,0,none,0.0,2026-05-26 01:05:43,0
site5_190_grid_0_1,-1.0,-1.0,0.0,0,none,0.0,2026-05-26 01:05:43,0
site5_191_grid_1_1,-1.0,-1.0,0.0,0,none,0.0,2026-05-26 01:05:43,0
site5_193_grid_0_1,-1.0,-1.0,0.0,0,none,0.0,2026-05-26 01:05:43,0
site5_194_grid_0_0,-1.0,-1.0,0.0,0,none,0.0,2026-05-26 01:05:43,0
site5_195_grid_0_1,220.74,198.02,67.9329,9,Asbestos,0.5267,2026-05-26 01:05:43,1
site5_196_grid_1_0,68.78,79.59,4.8195,4,Pallets,0.6251,2026-05-26 01:05:43,1
site5_201_grid_1_1,68.57,315.56,17.8436,1,Asbestos,0.5183,2026-05-26 01:05:43,1
site5_202_grid_0_1,166.98,360.11,17.1951,3,Scrap,0.4597,2026-05-26 01:05:43,1
site5_203_grid_0_0,-1.0,-1.0,0.0,0,none,0.0,2026-05-26 01:05:43,0
site5_203_grid_1_1,444.92,42.65,4.1756,1,Scrap,0.5588,2026-05-26 01:05:43,1
site5_206_grid_1_0,378.24,481.44,4.2213,1,Scrap,0.4803,2026-05-26 01:05:43,1
site5_207_grid_1_1,-1.0,-1.0,0.0,0,none,0.0,2026-05-26 01:05:43,0
site5_208_grid_1_0,-1.0,-1.0,0.0,0,none,0.0,2026-05-26 01:05:43,0
site5_209_grid_0_0,-1.0,-1.0,0.0,0,none,0.0,2026-05-26 01:05:43,0
site5_209_grid_0_1,234.85,214.68,78.5053,3,Scrap,0.2916,2026-05-26 01:05:43,1
site5_212_grid_0_0,-1.0,-1.0,0.0,0,none,0.0,2026-05-26 01:05:43,0
site5_213_grid_1_1,219.75,73.26,4.9999,1,Vehicles,0.6975,2026-05-26 01:05:43,1
site5_218_grid_0_1,-1.0,-1.0,0.0,0,none,0.0,2026-05-26 01:05:43,0
site5_220_grid_0_0,338.87,321.5,24.0261,6,Plastic,0.4361,2026-05-26 01:05:43,1
site5_221_grid_0_1,-1.0,-1.0,0.0,0,none,0.0,2026-05-26 01:05:43,0
site5_222_grid_1_0,-1.0,-1.0,0.0,0,none,0.0,2026-05-26 01:05:43,0
site5_225_grid_0_0,269.46,212.85,51.9096,6,Scrap,0.5256,2026-05-26 01:05:43,1
site5_226_grid_1_0,53.19,425.59,3.0579,1,Scrap,0.2666,2026-05-26 01:05:43,1
site5_227_grid_0_0,257.85,294.33,26.8768,3,Scrap,0.6694,2026-05-26 01:05:43,1
site5_227_grid_1_0,381.11,224.34,22.0379,3,Scrap,0.6982,2026-05-26 01:05:43,1
site5_229_grid_1_0,-1.0,-1.0,0.0,0,none,0.0,2026-05-26 01:05:43,0
site5_230_grid_0_0,-1.0,-1.0,0.0,0,none,0.0,2026-05-26 01:05:43,0
site5_231_grid_1_1,-1.0,-1.0,0.0,0,none,0.0,2026-05-26 01:05:43,0
site5_232_grid_1_1,-1.0,-1.0,0.0,0,none,0.0,2026-05-26 01:05:43,0
site5_236_grid_1_1,338.83,205.33,54.5467,2,Asbestos,0.9131,2026-05-26 01:05:43,1
site5_237_grid_1_0,230.89,177.17,63.5807,2,Asbestos,0.7076,2026-05-26 01:05:43,1
site5_239_grid_1_1,85.39,416.14,0.7946,1,Tyres,0.4187,2026-05-26 01:05:43,1
site5_240_grid_0_0,326.95,377.03,16.0149,2,Rubble,0.5658,2026-05-26 01:05:43,1
site5_240_grid_0_1,326.95,348.93,12.3775,2,Scrap,0.7012,2026-05-26 01:05:43,1
site5_242_grid_1_0,29.04,328.91,2.2961,1,Plastic,0.31,2026-05-26 01:05:43,1
site5_247_grid_0_1,274.67,134.93,14.254,4,Mixed items,0.3506,2026-05-26 01:05:43,1
site5_247_grid_1_0,334.03,34.37,2.8484,1,Mixed items,0.3816,2026-05-26 01:05:43,1
site5_249_grid_1_1,-1.0,-1.0,0.0,0,none,0.0,2026-05-26 01:05:43,0
site5_24_grid_0_1,-1.0,-1.0,0.0,0,none,0.0,2026-05-26 01:05:43,0
site5_250_grid_1_0,-1.0,-1.0,0.0,0,none,0.0,2026-05-26 01:05:43,0
site5_255_grid_1_0,284.42,26.55,1.5839,1,Plastic,0.2986,2026-05-26 01:05:43,1
site5_256_grid_0_0,-1.0,-1.0,0.0,0,none,0.0,2026-05-26 01:05:43,0
site5_256_grid_0_1,105.18,30.64,3.08,1,Scrap,0.2734,2026-05-26 01:05:43,1
site5_256_grid_1_1,-1.0,-1.0,0.0,0,none,0.0,2026-05-26 01:05:43,0
site5_258_grid_0_0,-1.0,-1.0,0.0,0,none,0.0,2026-05-26 01:05:43,0
site5_259_grid_0_0,432.78,434.8,9.42,1,Asbestos,0.9053,2026-05-26 01:05:43,1
site5_259_grid_1_0,398.95,382.2,19.347,2,Asbestos,0.6151,2026-05-26 01:05:43,1
site5_259_grid_1_1,349.76,369.06,34.4437,2,Asbestos,0.6172,2026-05-26 01:05:43,1
site5_25_grid_0_0,-1.0,-1.0,0.0,0,none,0.0,2026-05-26 01:05:43,0
site5_260_grid_0_1,275.09,363.74,55.9208,1,Asbestos,0.4809,2026-05-26 01:05:43,1
site5_261_grid_1_0,239.85,265.8,90.2699,1,Asbestos,0.2765,2026-05-26 01:05:43,1
site5_265_grid_0_0,-1.0,-1.0,0.0,0,none,0.0,2026-05-26 01:05:43,0
site5_265_grid_1_1,-1.0,-1.0,0.0,0,none,0.0,2026-05-26 01:05:43,0
site5_26_grid_1_0,421.72,81.65,11.2675,1,Asbestos,0.5853,2026-05-26 01:05:43,1
site5_26_grid_1_1,-1.0,-1.0,0.0,0,none,0.0,2026-05-26 01:05:43,0
site5_275_grid_1_0,-1.0,-1.0,0.0,0,none,0.0,2026-05-26 01:05:43,0
site5_277_grid_0_1,323.16,172.09,44.1372,6,Asbestos,0.4599,2026-05-26 01:05:43,1
site5_278_grid_0_0,-1.0,-1.0,0.0,0,none,0.0,2026-05-26 01:05:43,0
site5_27_grid_0_0,104.03,439.45,3.1685,4,Pallets,0.578,2026-05-26 01:05:43,1
site5_28_grid_0_0,-1.0,-1.0,0.0,0,none,0.0,2026-05-26 01:05:43,0
site5_29_grid_1_1,-1.0,-1.0,0.0,0,none,0.0,2026-05-26 01:05:43,0
site5_32_grid_1_1,-1.0,-1.0,0.0,0,none,0.0,2026-05-26 01:05:43,0
site5_43_grid_0_0,-1.0,-1.0,0.0,0,none,0.0,2026-05-26 01:05:43,0
site5_43_grid_0_1,-1.0,-1.0,0.0,0,none,0.0,2026-05-26 01:05:43,0
site5_45_grid_1_0,-1.0,-1.0,0.0,0,none,0.0,2026-05-26 01:05:43,0
site5_48_grid_1_0,110.06,335.41,30.3223,2,Rubble,0.835,2026-05-26 01:05:43,1
site5_50_grid_0_1,-1.0,-1.0,0.0,0,none,0.0,2026-05-26 01:05:43,0
site5_51_grid_0_0,-1.0,-1.0,0.0,0,none,0.0,2026-05-26 01:05:43,0
site5_51_grid_1_1,-1.0,-1.0,0.0,0,none,0.0,2026-05-26 01:05:43,0
site5_58_grid_0_1,-1.0,-1.0,0.0,0,none,0.0,2026-05-26 01:05:43,0
site5_59_grid_0_0,-1.0,-1.0,0.0,0,none,0.0,2026-05-26 01:05:43,0
site5_62_grid_1_0,278.16,367.59,53.2738,1,Scrap,0.345,2026-05-26 01:05:43,1
site5_63_grid_0_1,309.14,343.0,56.0783,1,Scrap,0.299,2026-05-26 01:05:43,1
site5_64_grid_0_1,-1.0,-1.0,0.0,0,none,0.0,2026-05-26 01:05:43,0
site5_65_grid_1_1,457.92,92.95,5.7064,7,Textile,0.747,2026-05-26 01:05:43,1
site5_67_grid_0_1,-1.0,-1.0,0.0,0,none,0.0,2026-05-26 01:05:43,0
site5_68_grid_0_0,-1.0,-1.0,0.0,0,none,0.0,2026-05-26 01:05:43,0
site5_68_grid_1_1,-1.0,-1.0,0.0,0,none,0.0,2026-05-26 01:05:43,0
site5_74_grid_0_0,-1.0,-1.0,0.0,0,none,0.0,2026-05-26 01:05:43,0
site5_74_grid_1_1,-1.0,-1.0,0.0,0,none,0.0,2026-05-26 01:05:43,0
site5_75_grid_1_0,-1.0,-1.0,0.0,0,none,0.0,2026-05-26 01:05:43,0
site5_77_grid_0_1,-1.0,-1.0,0.0,0,none,0.0,2026-05-26 01:05:43,0
site5_79_grid_0_1,-1.0,-1.0,0.0,0,none,0.0,2026-05-26 01:05:43,0
site5_80_grid_0_1,282.52,157.88,45.1527,2,Scrap,0.2936,2026-05-26 01:05:43,1
site5_81_grid_0_0,190.23,108.72,33.6025,1,Scrap,0.8308,2026-05-26 01:05:43,1
site5_81_grid_1_0,201.78,188.16,19.7174,2,Scrap,0.8888,2026-05-26 01:05:43,1
site5_84_grid_0_0,260.46,119.18,17.617,4,Scrap,0.4798,2026-05-26 01:05:43,1
site5_84_grid_1_1,23.32,172.01,2.4734,1,Scrap,0.3155,2026-05-26 01:05:43,1
site5_85_grid_0_1,-1.0,-1.0,0.0,0,none,0.0,2026-05-26 01:05:43,0
site5_86_grid_1_1,-1.0,-1.0,0.0,0,none,0.0,2026-05-26 01:05:43,0
site5_87_grid_0_1,-1.0,-1.0,0.0,0,none,0.0,2026-05-26 01:05:43,0
site5_91_grid_0_0,-1.0,-1.0,0.0,0,none,0.0,2026-05-26 01:05:43,0
site5_93_grid_1_0,83.75,25.1,1.7281,1,Construction and demolition materials,0.6852,2026-05-26 01:05:43,1
site5_94_grid_0_0,339.63,246.82,12.7171,3,Vehicles,0.3167,2026-05-26 01:05:43,1
site5_95_grid_0_1,291.77,287.21,13.1332,2,Scrap,0.8733,2026-05-26 01:05:43,1
site5_95_grid_1_1,340.93,280.33,21.122,3,Scrap,0.8137,2026-05-26 01:05:43,1
site5_97_grid_0_0,-1.0,-1.0,0.0,0,none,0.0,2026-05-26 01:05:43,0
site5_97_grid_1_0,-1.0,-1.0,0.0,0,none,0.0,2026-05-26 01:05:43,0
site5_98_grid_0_0,-1.0,-1.0,0.0,0,none,0.0,2026-05-26 01:05:43,0
site5_98_grid_0_1,-1.0,-1.0,0.0,0,none,0.0,2026-05-26 01:05:43,0
site5_99_grid_1_1,-1.0,-1.0,0.0,0,none,0.0,2026-05-26 01:05:43,0
site6_1002_grid_0_1,262.04,314.07,50.4829,1,Mixed items,0.5623,2026-05-26 01:05:43,1
site6_1002_grid_1_1,-1.0,-1.0,0.0,0,none,0.0,2026-05-26 01:05:43,0
site6_1003_grid_1_1,-1.0,-1.0,0.0,0,none,0.0,2026-05-26 01:05:43,0
site6_1004_grid_0_0,-1.0,-1.0,0.0,0,none,0.0,2026-05-26 01:05:43,0
site6_100_grid_1_1,-1.0,-1.0,0.0,0,none,0.0,2026-05-26 01:05:43,0
site6_1018_grid_1_0,407.73,395.53,16.9891,3,Mixed items,0.533,2026-05-26 01:05:43,1
site6_1018_grid_1_1,352.91,387.85,29.5326,2,Mixed items,0.3614,2026-05-26 01:05:43,1
site6_1019_grid_1_1,51.05,355.34,11.1416,1,Mixed items,0.5161,2026-05-26 01:05:43,1
site6_101_grid_0_1,-1.0,-1.0,0.0,0,none,0.0,2026-05-26 01:05:43,0
site6_1020_grid_0_1,268.97,153.21,57.4841,1,Rubble,0.5459,2026-05-26 01:05:43,1
site6_1021_grid_0_1,299.14,369.5,33.0082,1,Rubble,0.3421,2026-05-26 01:05:43,1
site6_1021_grid_1_1,-1.0,-1.0,0.0,0,none,0.0,2026-05-26 01:05:43,0
site6_1022_grid_1_0,-1.0,-1.0,0.0,0,none,0.0,2026-05-26 01:05:43,0
site6_1024_grid_0_1,-1.0,-1.0,0.0,0,none,0.0,2026-05-26 01:05:43,0
site6_1025_grid_0_1,-1.0,-1.0,0.0,0,none,0.0,2026-05-26 01:05:43,0
site6_1025_grid_1_1,-1.0,-1.0,0.0,0,none,0.0,2026-05-26 01:05:43,0
site6_1028_grid_0_1,-1.0,-1.0,0.0,0,none,0.0,2026-05-26 01:05:43,0
site6_1029_grid_0_0,-1.0,-1.0,0.0,0,none,0.0,2026-05-26 01:05:43,0
site6_1029_grid_1_0,-1.0,-1.0,0.0,0,none,0.0,2026-05-26 01:05:43,0
site6_102_grid_0_1,-1.0,-1.0,0.0,0,none,0.0,2026-05-26 01:05:43,0
site6_102_grid_1_0,-1.0,-1.0,0.0,0,none,0.0,2026-05-26 01:05:43,0
site6_1033_grid_1_1,-1.0,-1.0,0.0,0,none,0.0,2026-05-26 01:05:43,0
site6_1034_grid_0_0,-1.0,-1.0,0.0,0,none,0.0,2026-05-26 01:05:43,0
site6_1035_grid_0_1,-1.0,-1.0,0.0,0,none,0.0,2026-05-26 01:05:43,0
site6_1039_grid_0_1,-1.0,-1.0,0.0,0,none,0.0,2026-05-26 01:05:43,0
site6_1040_grid_0_0,-1.0,-1.0,0.0,0,none,0.0,2026-05-26 01:05:43,0
site6_1055_grid_0_1,-1.0,-1.0,0.0,0,none,0.0,2026-05-26 01:05:43,0
site6_1055_grid_1_0,-1.0,-1.0,0.0,0,none,0.0,2026-05-26 01:05:43,0
site6_1057_grid_1_0,-1.0,-1.0,0.0,0,none,0.0,2026-05-26 01:05:43,0
site6_1059_grid_0_1,-1.0,-1.0,0.0,0,none,0.0,2026-05-26 01:05:43,0
site6_1060_grid_1_1,-1.0,-1.0,0.0,0,none,0.0,2026-05-26 01:05:43,0
site6_1062_grid_0_0,-1.0,-1.0,0.0,0,none,0.0,2026-05-26 01:05:43,0
site6_1063_grid_0_0,-1.0,-1.0,0.0,0,none,0.0,2026-05-26 01:05:43,0
site6_1063_grid_1_0,-1.0,-1.0,0.0,0,none,0.0,2026-05-26 01:05:43,0
site6_1065_grid_0_1,-1.0,-1.0,0.0,0,none,0.0,2026-05-26 01:05:43,0
site6_1065_grid_1_1,-1.0,-1.0,0.0,0,none,0.0,2026-05-26 01:05:43,0
site6_1066_grid_0_0,-1.0,-1.0,0.0,0,none,0.0,2026-05-26 01:05:43,0
site6_1066_grid_1_0,-1.0,-1.0,0.0,0,none,0.0,2026-05-26 01:05:43,0
site6_1067_grid_1_1,-1.0,-1.0,0.0,0,none,0.0,2026-05-26 01:05:43,0
site6_1069_grid_0_0,-1.0,-1.0,0.0,0,none,0.0,2026-05-26 01:05:43,0
site6_1069_grid_1_1,-1.0,-1.0,0.0,0,none,0.0,2026-05-26 01:05:43,0
site6_1071_grid_1_0,-1.0,-1.0,0.0,0,none,0.0,2026-05-26 01:05:43,0
site6_1072_grid_1_0,-1.0,-1.0,0.0,0,none,0.0,2026-05-26 01:05:43,0
site6_1092_grid_1_1,-1.0,-1.0,0.0,0,none,0.0,2026-05-26 01:05:43,0
site6_1093_grid_1_1,-1.0,-1.0,0.0,0,none,0.0,2026-05-26 01:05:43,0
site6_1094_grid_1_1,-1.0,-1.0,0.0,0,none,0.0,2026-05-26 01:05:43,0
site6_1099_grid_1_0,-1.0,-1.0,0.0,0,none,0.0,2026-05-26 01:05:43,0
site6_1101_grid_0_1,-1.0,-1.0,0.0,0,none,0.0,2026-05-26 01:05:43,0
site6_1104_grid_0_1,-1.0,-1.0,0.0,0,none,0.0,2026-05-26 01:05:43,0
site6_1105_grid_0_1,-1.0,-1.0,0.0,0,none,0.0,2026-05-26 01:05:43,0
site6_1108_grid_0_0,-1.0,-1.0,0.0,0,none,0.0,2026-05-26 01:05:43,0
site6_1129_grid_1_0,-1.0,-1.0,0.0,0,none,0.0,2026-05-26 01:05:43,0
site6_1130_grid_1_1,-1.0,-1.0,0.0,0,none,0.0,2026-05-26 01:05:43,0
site6_1131_grid_1_0,-1.0,-1.0,0.0,0,none,0.0,2026-05-26 01:05:43,0
site6_1131_grid_1_1,-1.0,-1.0,0.0,0,none,0.0,2026-05-26 01:05:43,0
site6_1133_grid_0_0,-1.0,-1.0,0.0,0,none,0.0,2026-05-26 01:05:43,0
site6_1133_grid_0_1,-1.0,-1.0,0.0,0,none,0.0,2026-05-26 01:05:43,0
site6_1135_grid_0_1,-1.0,-1.0,0.0,0,none,0.0,2026-05-26 01:05:43,0
site6_1137_grid_1_1,-1.0,-1.0,0.0,0,none,0.0,2026-05-26 01:05:43,0
site6_1143_grid_0_1,-1.0,-1.0,0.0,0,none,0.0,2026-05-26 01:05:43,0
site6_1143_grid_1_0,-1.0,-1.0,0.0,0,none,0.0,2026-05-26 01:05:43,0
site6_1143_grid_1_1,-1.0,-1.0,0.0,0,none,0.0,2026-05-26 01:05:43,0
site6_1144_grid_1_0,-1.0,-1.0,0.0,0,none,0.0,2026-05-26 01:05:43,0
site6_1168_grid_1_0,-1.0,-1.0,0.0,0,none,0.0,2026-05-26 01:05:43,0
site6_1169_grid_1_1,-1.0,-1.0,0.0,0,none,0.0,2026-05-26 01:05:43,0
site6_1170_grid_0_1,-1.0,-1.0,0.0,0,none,0.0,2026-05-26 01:05:43,0
site6_1170_grid_1_1,-1.0,-1.0,0.0,0,none,0.0,2026-05-26 01:05:43,0
site6_1175_grid_1_1,-1.0,-1.0,0.0,0,none,0.0,2026-05-26 01:05:43,0
site6_1176_grid_1_0,-1.0,-1.0,0.0,0,none,0.0,2026-05-26 01:05:43,0
site6_1177_grid_1_1,-1.0,-1.0,0.0,0,none,0.0,2026-05-26 01:05:43,0
site6_1178_grid_0_1,-1.0,-1.0,0.0,0,none,0.0,2026-05-26 01:05:43,0
site6_1178_grid_1_0,-1.0,-1.0,0.0,0,none,0.0,2026-05-26 01:05:43,0
site6_119_grid_0_0,-1.0,-1.0,0.0,0,none,0.0,2026-05-26 01:05:43,0
site6_1205_grid_1_0,-1.0,-1.0,0.0,0,none,0.0,2026-05-26 01:05:43,0
site6_1207_grid_1_1,-1.0,-1.0,0.0,0,none,0.0,2026-05-26 01:05:43,0
site6_1208_grid_0_1,-1.0,-1.0,0.0,0,none,0.0,2026-05-26 01:05:43,0
site6_1208_grid_1_1,-1.0,-1.0,0.0,0,none,0.0,2026-05-26 01:05:43,0
site6_1212_grid_0_0,-1.0,-1.0,0.0,0,none,0.0,2026-05-26 01:05:43,0
site6_122_grid_0_0,-1.0,-1.0,0.0,0,none,0.0,2026-05-26 01:05:43,0
site6_1242_grid_1_0,-1.0,-1.0,0.0,0,none,0.0,2026-05-26 01:05:43,0
site6_1243_grid_0_1,-1.0,-1.0,0.0,0,none,0.0,2026-05-26 01:05:43,0
site6_1244_grid_0_0,-1.0,-1.0,0.0,0,none,0.0,2026-05-26 01:05:43,0
site6_1245_grid_1_0,-1.0,-1.0,0.0,0,none,0.0,2026-05-26 01:05:43,0
site6_1246_grid_0_1,-1.0,-1.0,0.0,0,none,0.0,2026-05-26 01:05:43,0
site6_125_grid_0_0,-1.0,-1.0,0.0,0,none,0.0,2026-05-26 01:05:43,0
site6_125_grid_0_1,470.69,255.48,1.8242,1,Scrap,0.5793,2026-05-26 01:05:43,1
site6_125_grid_1_0,-1.0,-1.0,0.0,0,none,0.0,2026-05-26 01:05:43,0
site6_125_grid_1_1,470.72,127.49,1.836,1,Scrap,0.6712,2026-05-26 01:05:43,1
site6_126_grid_0_1,-1.0,-1.0,0.0,0,none,0.0,2026-05-26 01:05:43,0
site6_127_grid_0_0,-1.0,-1.0,0.0,0,none,0.0,2026-05-26 01:05:43,0
site6_127_grid_0_1,-1.0,-1.0,0.0,0,none,0.0,2026-05-26 01:05:43,0
site6_128_grid_1_1,-1.0,-1.0,0.0,0,none,0.0,2026-05-26 01:05:43,0
site6_129_grid_1_0,-1.0,-1.0,0.0,0,none,0.0,2026-05-26 01:05:43,0
site6_131_grid_1_0,-1.0,-1.0,0.0,0,none,0.0,2026-05-26 01:05:43,0
site6_132_grid_1_0,-1.0,-1.0,0.0,0,none,0.0,2026-05-26 01:05:43,0
site6_132_grid_1_1,-1.0,-1.0,0.0,0,none,0.0,2026-05-26 01:05:43,0
site6_134_grid_0_0,-1.0,-1.0,0.0,0,none,0.0,2026-05-26 01:05:43,0
site6_135_grid_1_1,-1.0,-1.0,0.0,0,none,0.0,2026-05-26 01:05:43,0
site6_138_grid_1_0,-1.0,-1.0,0.0,0,none,0.0,2026-05-26 01:05:43,0
site6_14_grid_0_1,-1.0,-1.0,0.0,0,none,0.0,2026-05-26 01:05:43,0
site6_152_grid_1_0,-1.0,-1.0,0.0,0,none,0.0,2026-05-26 01:05:43,0
site6_153_grid_1_1,-1.0,-1.0,0.0,0,none,0.0,2026-05-26 01:05:43,0
site6_154_grid_0_0,-1.0,-1.0,0.0,0,none,0.0,2026-05-26 01:05:43,0
site6_155_grid_1_1,-1.0,-1.0,0.0,0,none,0.0,2026-05-26 01:05:43,0
site6_156_grid_0_1,-1.0,-1.0,0.0,0,none,0.0,2026-05-26 01:05:43,0
site6_156_grid_1_1,-1.0,-1.0,0.0,0,none,0.0,2026-05-26 01:05:43,0
site6_157_grid_0_1,-1.0,-1.0,0.0,0,none,0.0,2026-05-26 01:05:43,0
site6_158_grid_1_1,-1.0,-1.0,0.0,0,none,0.0,2026-05-26 01:05:43,0
site6_161_grid_0_1,-1.0,-1.0,0.0,0,none,0.0,2026-05-26 01:05:43,0
site6_162_grid_0_0,-1.0,-1.0,0.0,0,none,0.0,2026-05-26 01:05:43,0
site6_162_grid_0_1,-1.0,-1.0,0.0,0,none,0.0,2026-05-26 01:05:43,0
site6_164_grid_1_0,-1.0,-1.0,0.0,0,none,0.0,2026-05-26 01:05:43,0
site6_166_grid_0_1,-1.0,-1.0,0.0,0,none,0.0,2026-05-26 01:05:43,0
site6_168_grid_0_0,-1.0,-1.0,0.0,0,none,0.0,2026-05-26 01:05:43,0
site6_169_grid_1_0,-1.0,-1.0,0.0,0,none,0.0,2026-05-26 01:05:43,0
site6_172_grid_0_1,-1.0,-1.0,0.0,0,none,0.0,2026-05-26 01:05:43,0
site6_172_grid_1_0,-1.0,-1.0,0.0,0,none,0.0,2026-05-26 01:05:43,0
site6_174_grid_0_1,-1.0,-1.0,0.0,0,none,0.0,2026-05-26 01:05:43,0
site6_174_grid_1_0,-1.0,-1.0,0.0,0,none,0.0,2026-05-26 01:05:43,0
site6_17_grid_1_1,-1.0,-1.0,0.0,0,none,0.0,2026-05-26 01:05:43,0
site6_186_grid_1_0,-1.0,-1.0,0.0,0,none,0.0,2026-05-26 01:05:43,0
site6_188_grid_0_0,-1.0,-1.0,0.0,0,none,0.0,2026-05-26 01:05:43,0
site6_189_grid_0_0,-1.0,-1.0,0.0,0,none,0.0,2026-05-26 01:05:43,0
site6_18_grid_0_0,-1.0,-1.0,0.0,0,none,0.0,2026-05-26 01:05:43,0
site6_18_grid_1_1,-1.0,-1.0,0.0,0,none,0.0,2026-05-26 01:05:43,0
site6_190_grid_0_0,-1.0,-1.0,0.0,0,none,0.0,2026-05-26 01:05:43,0
site6_191_grid_0_1,-1.0,-1.0,0.0,0,none,0.0,2026-05-26 01:05:43,0
site6_191_grid_1_1,-1.0,-1.0,0.0,0,none,0.0,2026-05-26 01:05:43,0
site6_192_grid_0_0,-1.0,-1.0,0.0,0,none,0.0,2026-05-26 01:05:43,0
site6_194_grid_1_0,-1.0,-1.0,0.0,0,none,0.0,2026-05-26 01:05:43,0
site6_196_grid_0_0,-1.0,-1.0,0.0,0,none,0.0,2026-05-26 01:05:43,0
site6_196_grid_1_1,-1.0,-1.0,0.0,0,none,0.0,2026-05-26 01:05:43,0
site6_199_grid_1_0,-1.0,-1.0,0.0,0,none,0.0,2026-05-26 01:05:43,0
site6_19_grid_0_0,-1.0,-1.0,0.0,0,none,0.0,2026-05-26 01:05:43,0
site6_19_grid_1_1,-1.0,-1.0,0.0,0,none,0.0,2026-05-26 01:05:43,0
site6_201_grid_0_0,-1.0,-1.0,0.0,0,none,0.0,2026-05-26 01:05:43,0
site6_202_grid_0_1,-1.0,-1.0,0.0,0,none,0.0,2026-05-26 01:05:43,0
site6_202_grid_1_0,-1.0,-1.0,0.0,0,none,0.0,2026-05-26 01:05:43,0
site6_203_grid_0_0,-1.0,-1.0,0.0,0,none,0.0,2026-05-26 01:05:43,0
site6_205_grid_0_1,-1.0,-1.0,0.0,0,none,0.0,2026-05-26 01:05:43,0
site6_205_grid_1_0,-1.0,-1.0,0.0,0,none,0.0,2026-05-26 01:05:43,0
site6_205_grid_1_1,-1.0,-1.0,0.0,0,none,0.0,2026-05-26 01:05:43,0
site6_207_grid_1_0,-1.0,-1.0,0.0,0,none,0.0,2026-05-26 01:05:43,0
site6_20_grid_0_0,-1.0,-1.0,0.0,0,none,0.0,2026-05-26 01:05:43,0
site6_21_grid_1_0,-1.0,-1.0,0.0,0,none,0.0,2026-05-26 01:05:43,0
site6_223_grid_1_0,-1.0,-1.0,0.0,0,none,0.0,2026-05-26 01:05:43,0
site6_224_grid_0_1,-1.0,-1.0,0.0,0,none,0.0,2026-05-26 01:05:43,0
site6_224_grid_1_0,-1.0,-1.0,0.0,0,none,0.0,2026-05-26 01:05:43,0
site6_225_grid_1_0,-1.0,-1.0,0.0,0,none,0.0,2026-05-26 01:05:43,0
site6_226_grid_1_1,-1.0,-1.0,0.0,0,none,0.0,2026-05-26 01:05:43,0
site6_229_grid_0_1,-1.0,-1.0,0.0,0,none,0.0,2026-05-26 01:05:43,0
site6_229_grid_1_1,-1.0,-1.0,0.0,0,none,0.0,2026-05-26 01:05:43,0
site6_230_grid_1_1,-1.0,-1.0,0.0,0,none,0.0,2026-05-26 01:05:43,0
site6_231_grid_1_0,-1.0,-1.0,0.0,0,none,0.0,2026-05-26 01:05:43,0
site6_232_grid_1_0,-1.0,-1.0,0.0,0,none,0.0,2026-05-26 01:05:43,0
site6_234_grid_1_1,188.53,120.73,13.5517,1,Excavation materials,0.2728,2026-05-26 01:05:43,1
site6_235_grid_1_1,-1.0,-1.0,0.0,0,none,0.0,2026-05-26 01:05:43,0
site6_237_grid_0_0,-1.0,-1.0,0.0,0,none,0.0,2026-05-26 01:05:43,0
site6_238_grid_1_0,-1.0,-1.0,0.0,0,none,0.0,2026-05-26 01:05:43,0
site6_239_grid_0_1,-1.0,-1.0,0.0,0,none,0.0,2026-05-26 01:05:43,0
site6_241_grid_1_0,-1.0,-1.0,0.0,0,none,0.0,2026-05-26 01:05:43,0
site6_241_grid_1_1,382.56,86.68,17.4862,1,Scrap,0.2916,2026-05-26 01:05:43,1
site6_243_grid_1_0,-1.0,-1.0,0.0,0,none,0.0,2026-05-26 01:05:43,0
site6_243_grid_1_1,-1.0,-1.0,0.0,0,none,0.0,2026-05-26 01:05:43,0
site6_256_grid_1_0,-1.0,-1.0,0.0,0,none,0.0,2026-05-26 01:05:43,0
site6_258_grid_0_0,-1.0,-1.0,0.0,0,none,0.0,2026-05-26 01:05:43,0
site6_259_grid_1_1,-1.0,-1.0,0.0,0,none,0.0,2026-05-26 01:05:43,0
site6_260_grid_1_1,-1.0,-1.0,0.0,0,none,0.0,2026-05-26 01:05:43,0
site6_262_grid_0_1,-1.0,-1.0,0.0,0,none,0.0,2026-05-26 01:05:43,0
site6_264_grid_1_0,-1.0,-1.0,0.0,0,none,0.0,2026-05-26 01:05:43,0
site6_267_grid_0_0,172.53,70.83,8.2668,1,Excavation materials,0.2855,2026-05-26 01:05:43,1
site6_270_grid_1_0,-1.0,-1.0,0.0,0,none,0.0,2026-05-26 01:05:43,0
site6_270_grid_1_1,-1.0,-1.0,0.0,0,none,0.0,2026-05-26 01:05:43,0
site6_272_grid_0_1,-1.0,-1.0,0.0,0,none,0.0,2026-05-26 01:05:43,0
site6_272_grid_1_0,-1.0,-1.0,0.0,0,none,0.0,2026-05-26 01:05:43,0
site6_273_grid_0_0,-1.0,-1.0,0.0,0,none,0.0,2026-05-26 01:05:43,0
site6_273_grid_1_0,-1.0,-1.0,0.0,0,none,0.0,2026-05-26 01:05:43,0
site6_274_grid_0_0,-1.0,-1.0,0.0,0,none,0.0,2026-05-26 01:05:43,0
site6_274_grid_1_1,-1.0,-1.0,0.0,0,none,0.0,2026-05-26 01:05:43,0
site6_275_grid_1_0,-1.0,-1.0,0.0,0,none,0.0,2026-05-26 01:05:43,0
site6_276_grid_1_0,-1.0,-1.0,0.0,0,none,0.0,2026-05-26 01:05:43,0
site6_277_grid_0_0,20.61,21.45,0.5386,1,Pallets,0.3374,2026-05-26 01:05:43,1
site6_290_grid_0_1,-1.0,-1.0,0.0,0,none,0.0,2026-05-26 01:05:43,0
site6_290_grid_1_1,-1.0,-1.0,0.0,0,none,0.0,2026-05-26 01:05:43,0
site6_292_grid_1_0,-1.0,-1.0,0.0,0,none,0.0,2026-05-26 01:05:43,0
site6_294_grid_1_0,-1.0,-1.0,0.0,0,none,0.0,2026-05-26 01:05:43,0
site6_298_grid_0_1,-1.0,-1.0,0.0,0,none,0.0,2026-05-26 01:05:43,0
site6_298_grid_1_1,-1.0,-1.0,0.0,0,none,0.0,2026-05-26 01:05:43,0
site6_301_grid_1_0,-1.0,-1.0,0.0,0,none,0.0,2026-05-26 01:05:43,0
site6_301_grid_1_1,-1.0,-1.0,0.0,0,none,0.0,2026-05-26 01:05:43,0
site6_304_grid_0_1,-1.0,-1.0,0.0,0,none,0.0,2026-05-26 01:05:43,0
site6_306_grid_0_0,-1.0,-1.0,0.0,0,none,0.0,2026-05-26 01:05:43,0
site6_310_grid_1_1,-1.0,-1.0,0.0,0,none,0.0,2026-05-26 01:05:43,0
site6_311_grid_0_1,-1.0,-1.0,0.0,0,none,0.0,2026-05-26 01:05:43,0
site6_311_grid_1_0,-1.0,-1.0,0.0,0,none,0.0,2026-05-26 01:05:43,0
site6_311_grid_1_1,-1.0,-1.0,0.0,0,none,0.0,2026-05-26 01:05:43,0
site6_312_grid_0_1,-1.0,-1.0,0.0,0,none,0.0,2026-05-26 01:05:43,0
site6_313_grid_1_1,-1.0,-1.0,0.0,0,none,0.0,2026-05-26 01:05:43,0
site6_323_grid_1_1,-1.0,-1.0,0.0,0,none,0.0,2026-05-26 01:05:43,0
site6_324_grid_0_0,-1.0,-1.0,0.0,0,none,0.0,2026-05-26 01:05:43,0
site6_324_grid_1_1,-1.0,-1.0,0.0,0,none,0.0,2026-05-26 01:05:43,0
site6_330_grid_0_0,-1.0,-1.0,0.0,0,none,0.0,2026-05-26 01:05:43,0
site6_331_grid_0_0,-1.0,-1.0,0.0,0,none,0.0,2026-05-26 01:05:43,0
site6_333_grid_1_1,-1.0,-1.0,0.0,0,none,0.0,2026-05-26 01:05:43,0
site6_334_grid_0_1,-1.0,-1.0,0.0,0,none,0.0,2026-05-26 01:05:43,0
site6_335_grid_1_1,330.35,229.98,25.1186,1,Excavation materials,0.4656,2026-05-26 01:05:43,1
site6_336_grid_0_0,176.71,394.44,18.4345,1,Excavation materials,0.6365,2026-05-26 01:05:43,1
site6_336_grid_1_0,176.01,266.37,18.2156,1,Excavation materials,0.4663,2026-05-26 01:05:43,1
site6_338_grid_0_1,-1.0,-1.0,0.0,0,none,0.0,2026-05-26 01:05:43,0
site6_338_grid_1_1,-1.0,-1.0,0.0,0,none,0.0,2026-05-26 01:05:43,0
site6_339_grid_0_1,-1.0,-1.0,0.0,0,none,0.0,2026-05-26 01:05:43,0
site6_340_grid_0_0,-1.0,-1.0,0.0,0,none,0.0,2026-05-26 01:05:43,0
site6_343_grid_1_0,398.37,245.53,34.2228,1,Excavation materials,0.393,2026-05-26 01:05:43,1
site6_345_grid_1_0,-1.0,-1.0,0.0,0,none,0.0,2026-05-26 01:05:43,0
site6_347_grid_1_0,-1.0,-1.0,0.0,0,none,0.0,2026-05-26 01:05:43,0
site6_347_grid_1_1,-1.0,-1.0,0.0,0,none,0.0,2026-05-26 01:05:43,0
site6_357_grid_0_1,-1.0,-1.0,0.0,0,none,0.0,2026-05-26 01:05:43,0
site6_357_grid_1_0,-1.0,-1.0,0.0,0,none,0.0,2026-05-26 01:05:43,0
site6_359_grid_1_0,-1.0,-1.0,0.0,0,none,0.0,2026-05-26 01:05:43,0
site6_362_grid_0_0,-1.0,-1.0,0.0,0,none,0.0,2026-05-26 01:05:43,0
site6_363_grid_0_0,-1.0,-1.0,0.0,0,none,0.0,2026-05-26 01:05:43,0
site6_364_grid_1_0,-1.0,-1.0,0.0,0,none,0.0,2026-05-26 01:05:43,0
site6_365_grid_1_0,-1.0,-1.0,0.0,0,none,0.0,2026-05-26 01:05:43,0
site6_366_grid_1_0,-1.0,-1.0,0.0,0,none,0.0,2026-05-26 01:05:43,0
site6_369_grid_1_1,76.49,308.59,8.0799,1,Excavation materials,0.344,2026-05-26 01:05:43,1
site6_370_grid_1_1,-1.0,-1.0,0.0,0,none,0.0,2026-05-26 01:05:43,0
site6_372_grid_0_1,-1.0,-1.0,0.0,0,none,0.0,2026-05-26 01:05:43,0
site6_373_grid_0_1,-1.0,-1.0,0.0,0,none,0.0,2026-05-26 01:05:43,0
site6_373_grid_1_0,-1.0,-1.0,0.0,0,none,0.0,2026-05-26 01:05:43,0
site6_374_grid_0_0,-1.0,-1.0,0.0,0,none,0.0,2026-05-26 01:05:43,0
site6_375_grid_1_1,-1.0,-1.0,0.0,0,none,0.0,2026-05-26 01:05:43,0
site6_376_grid_1_0,-1.0,-1.0,0.0,0,none,0.0,2026-05-26 01:05:43,0
site6_377_grid_1_0,-1.0,-1.0,0.0,0,none,0.0,2026-05-26 01:05:43,0
site6_378_grid_1_0,-1.0,-1.0,0.0,0,none,0.0,2026-05-26 01:05:43,0
site6_381_grid_0_1,-1.0,-1.0,0.0,0,none,0.0,2026-05-26 01:05:43,0
site6_392_grid_0_1,-1.0,-1.0,0.0,0,none,0.0,2026-05-26 01:05:43,0
site6_393_grid_0_1,-1.0,-1.0,0.0,0,none,0.0,2026-05-26 01:05:43,0
site6_395_grid_0_0,-1.0,-1.0,0.0,0,none,0.0,2026-05-26 01:05:43,0
site6_395_grid_1_1,-1.0,-1.0,0.0,0,none,0.0,2026-05-26 01:05:43,0
site6_397_grid_1_0,-1.0,-1.0,0.0,0,none,0.0,2026-05-26 01:05:43,0
site6_398_grid_0_0,-1.0,-1.0,0.0,0,none,0.0,2026-05-26 01:05:43,0
site6_398_grid_1_0,-1.0,-1.0,0.0,0,none,0.0,2026-05-26 01:05:43,0
site6_398_grid_1_1,-1.0,-1.0,0.0,0,none,0.0,2026-05-26 01:05:43,0
site6_401_grid_0_0,-1.0,-1.0,0.0,0,none,0.0,2026-05-26 01:05:43,0
site6_402_grid_0_1,-1.0,-1.0,0.0,0,none,0.0,2026-05-26 01:05:43,0
site6_402_grid_1_0,-1.0,-1.0,0.0,0,none,0.0,2026-05-26 01:05:43,0
site6_403_grid_0_1,-1.0,-1.0,0.0,0,none,0.0,2026-05-26 01:05:43,0
site6_403_grid_1_1,-1.0,-1.0,0.0,0,none,0.0,2026-05-26 01:05:43,0
site6_407_grid_0_1,-1.0,-1.0,0.0,0,none,0.0,2026-05-26 01:05:43,0
site6_409_grid_1_1,-1.0,-1.0,0.0,0,none,0.0,2026-05-26 01:05:43,0
site6_412_grid_0_0,324.39,216.05,34.2369,1,Excavation materials,0.262,2026-05-26 01:05:43,1
site6_413_grid_1_0,-1.0,-1.0,0.0,0,none,0.0,2026-05-26 01:05:43,0
site6_414_grid_0_1,-1.0,-1.0,0.0,0,none,0.0,2026-05-26 01:05:43,0
site6_414_grid_1_0,-1.0,-1.0,0.0,0,none,0.0,2026-05-26 01:05:43,0
site6_416_grid_1_0,-1.0,-1.0,0.0,0,none,0.0,2026-05-26 01:05:43,0
site6_427_grid_0_0,-1.0,-1.0,0.0,0,none,0.0,2026-05-26 01:05:43,0
site6_427_grid_1_1,-1.0,-1.0,0.0,0,none,0.0,2026-05-26 01:05:43,0
site6_428_grid_0_0,-1.0,-1.0,0.0,0,none,0.0,2026-05-26 01:05:43,0
site6_428_grid_1_0,-1.0,-1.0,0.0,0,none,0.0,2026-05-26 01:05:43,0
site6_429_grid_0_0,-1.0,-1.0,0.0,0,none,0.0,2026-05-26 01:05:43,0
site6_429_grid_1_1,-1.0,-1.0,0.0,0,none,0.0,2026-05-26 01:05:43,0
site6_430_grid_0_1,-1.0,-1.0,0.0,0,none,0.0,2026-05-26 01:05:43,0
site6_430_grid_1_0,-1.0,-1.0,0.0,0,none,0.0,2026-05-26 01:05:43,0
site6_431_grid_0_0,-1.0,-1.0,0.0,0,none,0.0,2026-05-26 01:05:43,0
site6_432_grid_0_1,-1.0,-1.0,0.0,0,none,0.0,2026-05-26 01:05:43,0
site6_433_grid_0_0,-1.0,-1.0,0.0,0,none,0.0,2026-05-26 01:05:43,0
site6_438_grid_0_0,-1.0,-1.0,0.0,0,none,0.0,2026-05-26 01:05:43,0
site6_439_grid_1_1,345.21,437.34,10.7437,1,Mixed items,0.4335,2026-05-26 01:05:43,1
site6_443_grid_0_0,-1.0,-1.0,0.0,0,none,0.0,2026-05-26 01:05:43,0
site6_444_grid_0_0,-1.0,-1.0,0.0,0,none,0.0,2026-05-26 01:05:43,0
site6_445_grid_0_1,-1.0,-1.0,0.0,0,none,0.0,2026-05-26 01:05:43,0
site6_445_grid_1_0,-1.0,-1.0,0.0,0,none,0.0,2026-05-26 01:05:43,0
site6_445_grid_1_1,-1.0,-1.0,0.0,0,none,0.0,2026-05-26 01:05:43,0
site6_447_grid_0_0,-1.0,-1.0,0.0,0,none,0.0,2026-05-26 01:05:43,0
site6_447_grid_0_1,-1.0,-1.0,0.0,0,none,0.0,2026-05-26 01:05:43,0
site6_449_grid_0_0,-1.0,-1.0,0.0,0,none,0.0,2026-05-26 01:05:43,0
site6_450_grid_0_1,-1.0,-1.0,0.0,0,none,0.0,2026-05-26 01:05:43,0
site6_462_grid_0_0,-1.0,-1.0,0.0,0,none,0.0,2026-05-26 01:05:43,0
site6_464_grid_0_0,-1.0,-1.0,0.0,0,none,0.0,2026-05-26 01:05:43,0
site6_464_grid_1_1,-1.0,-1.0,0.0,0,none,0.0,2026-05-26 01:05:43,0
site6_465_grid_1_1,-1.0,-1.0,0.0,0,none,0.0,2026-05-26 01:05:43,0
site6_466_grid_0_1,-1.0,-1.0,0.0,0,none,0.0,2026-05-26 01:05:43,0
site6_468_grid_1_1,-1.0,-1.0,0.0,0,none,0.0,2026-05-26 01:05:43,0
site6_469_grid_0_1,-1.0,-1.0,0.0,0,none,0.0,2026-05-26 01:05:43,0
site6_470_grid_0_1,-1.0,-1.0,0.0,0,none,0.0,2026-05-26 01:05:43,0
site6_474_grid_0_0,405.76,87.61,11.9404,1,Mixed items,0.6518,2026-05-26 01:05:43,1
site6_477_grid_1_0,-1.0,-1.0,0.0,0,none,0.0,2026-05-26 01:05:43,0
site6_481_grid_1_0,-1.0,-1.0,0.0,0,none,0.0,2026-05-26 01:05:43,0
site6_482_grid_1_0,-1.0,-1.0,0.0,0,none,0.0,2026-05-26 01:05:43,0
site6_483_grid_1_0,-1.0,-1.0,0.0,0,none,0.0,2026-05-26 01:05:43,0
site6_483_grid_1_1,-1.0,-1.0,0.0,0,none,0.0,2026-05-26 01:05:43,0
site6_485_grid_0_0,-1.0,-1.0,0.0,0,none,0.0,2026-05-26 01:05:43,0
site6_485_grid_0_1,-1.0,-1.0,0.0,0,none,0.0,2026-05-26 01:05:43,0
site6_486_grid_1_0,-1.0,-1.0,0.0,0,none,0.0,2026-05-26 01:05:43,0
site6_496_grid_0_0,-1.0,-1.0,0.0,0,none,0.0,2026-05-26 01:05:43,0
site6_496_grid_0_1,-1.0,-1.0,0.0,0,none,0.0,2026-05-26 01:05:43,0
site6_498_grid_0_1,-1.0,-1.0,0.0,0,none,0.0,2026-05-26 01:05:43,0
site6_499_grid_1_0,-1.0,-1.0,0.0,0,none,0.0,2026-05-26 01:05:43,0
site6_49_grid_1_1,-1.0,-1.0,0.0,0,none,0.0,2026-05-26 01:05:43,0
site6_501_grid_1_1,-1.0,-1.0,0.0,0,none,0.0,2026-05-26 01:05:43,0
site6_503_grid_0_1,-1.0,-1.0,0.0,0,none,0.0,2026-05-26 01:05:43,0
site6_503_grid_1_0,-1.0,-1.0,0.0,0,none,0.0,2026-05-26 01:05:43,0
site6_505_grid_1_1,-1.0,-1.0,0.0,0,none,0.0,2026-05-26 01:05:43,0
site6_506_grid_1_0,-1.0,-1.0,0.0,0,none,0.0,2026-05-26 01:05:43,0
site6_508_grid_0_1,-1.0,-1.0,0.0,0,none,0.0,2026-05-26 01:05:43,0
site6_509_grid_0_1,-1.0,-1.0,0.0,0,none,0.0,2026-05-26 01:05:43,0
site6_510_grid_1_0,-1.0,-1.0,0.0,0,none,0.0,2026-05-26 01:05:43,0
site6_512_grid_0_0,-1.0,-1.0,0.0,0,none,0.0,2026-05-26 01:05:43,0
site6_512_grid_0_1,-1.0,-1.0,0.0,0,none,0.0,2026-05-26 01:05:43,0
site6_513_grid_0_0,-1.0,-1.0,0.0,0,none,0.0,2026-05-26 01:05:43,0
site6_514_grid_1_0,-1.0,-1.0,0.0,0,none,0.0,2026-05-26 01:05:43,0
site6_515_grid_0_0,-1.0,-1.0,0.0,0,none,0.0,2026-05-26 01:05:43,0
site6_515_grid_1_1,-1.0,-1.0,0.0,0,none,0.0,2026-05-26 01:05:43,0
site6_516_grid_0_1,-1.0,-1.0,0.0,0,none,0.0,2026-05-26 01:05:43,0
site6_517_grid_1_1,-1.0,-1.0,0.0,0,none,0.0,2026-05-26 01:05:43,0
site6_518_grid_1_0,-1.0,-1.0,0.0,0,none,0.0,2026-05-26 01:05:43,0
site6_51_grid_1_0,-1.0,-1.0,0.0,0,none,0.0,2026-05-26 01:05:43,0
site6_531_grid_1_0,-1.0,-1.0,0.0,0,none,0.0,2026-05-26 01:05:43,0
site6_531_grid_1_1,-1.0,-1.0,0.0,0,none,0.0,2026-05-26 01:05:43,0
site6_533_grid_0_1,-1.0,-1.0,0.0,0,none,0.0,2026-05-26 01:05:43,0
site6_534_grid_0_0,-1.0,-1.0,0.0,0,none,0.0,2026-05-26 01:05:43,0
site6_535_grid_1_0,-1.0,-1.0,0.0,0,none,0.0,2026-05-26 01:05:43,0
site6_536_grid_0_1,-1.0,-1.0,0.0,0,none,0.0,2026-05-26 01:05:43,0
site6_536_grid_1_0,-1.0,-1.0,0.0,0,none,0.0,2026-05-26 01:05:43,0
site6_538_grid_1_0,-1.0,-1.0,0.0,0,none,0.0,2026-05-26 01:05:43,0
site6_539_grid_0_0,-1.0,-1.0,0.0,0,none,0.0,2026-05-26 01:05:43,0
site6_539_grid_1_0,-1.0,-1.0,0.0,0,none,0.0,2026-05-26 01:05:43,0
site6_53_grid_0_1,-1.0,-1.0,0.0,0,none,0.0,2026-05-26 01:05:43,0
site6_542_grid_1_0,-1.0,-1.0,0.0,0,none,0.0,2026-05-26 01:05:43,0
site6_546_grid_1_0,-1.0,-1.0,0.0,0,none,0.0,2026-05-26 01:05:43,0
site6_546_grid_1_1,-1.0,-1.0,0.0,0,none,0.0,2026-05-26 01:05:43,0
site6_547_grid_0_1,-1.0,-1.0,0.0,0,none,0.0,2026-05-26 01:05:43,0
site6_548_grid_1_0,-1.0,-1.0,0.0,0,none,0.0,2026-05-26 01:05:43,0
site6_548_grid_1_1,-1.0,-1.0,0.0,0,none,0.0,2026-05-26 01:05:43,0
site6_549_grid_0_1,-1.0,-1.0,0.0,0,none,0.0,2026-05-26 01:05:43,0
site6_549_grid_1_0,-1.0,-1.0,0.0,0,none,0.0,2026-05-26 01:05:43,0
site6_551_grid_1_0,-1.0,-1.0,0.0,0,none,0.0,2026-05-26 01:05:43,0
site6_551_grid_1_1,-1.0,-1.0,0.0,0,none,0.0,2026-05-26 01:05:43,0
site6_554_grid_0_0,229.18,410.06,10.1727,1,Mixed items,0.6191,2026-05-26 01:05:43,1
site6_55_grid_1_1,-1.0,-1.0,0.0,0,none,0.0,2026-05-26 01:05:43,0
site6_565_grid_0_1,-1.0,-1.0,0.0,0,none,0.0,2026-05-26 01:05:43,0
site6_566_grid_0_0,-1.0,-1.0,0.0,0,none,0.0,2026-05-26 01:05:43,0
site6_566_grid_0_1,-1.0,-1.0,0.0,0,none,0.0,2026-05-26 01:05:43,0
site6_567_grid_1_0,-1.0,-1.0,0.0,0,none,0.0,2026-05-26 01:05:43,0
site6_569_grid_1_0,-1.0,-1.0,0.0,0,none,0.0,2026-05-26 01:05:43,0
site6_569_grid_1_1,-1.0,-1.0,0.0,0,none,0.0,2026-05-26 01:05:43,0
site6_56_grid_0_1,-1.0,-1.0,0.0,0,none,0.0,2026-05-26 01:05:43,0
site6_570_grid_1_0,-1.0,-1.0,0.0,0,none,0.0,2026-05-26 01:05:43,0
site6_570_grid_1_1,-1.0,-1.0,0.0,0,none,0.0,2026-05-26 01:05:43,0
site6_573_grid_1_0,-1.0,-1.0,0.0,0,none,0.0,2026-05-26 01:05:43,0
site6_573_grid_1_1,-1.0,-1.0,0.0,0,none,0.0,2026-05-26 01:05:43,0
site6_576_grid_1_0,-1.0,-1.0,0.0,0,none,0.0,2026-05-26 01:05:43,0
site6_577_grid_1_0,-1.0,-1.0,0.0,0,none,0.0,2026-05-26 01:05:43,0
site6_578_grid_0_1,-1.0,-1.0,0.0,0,none,0.0,2026-05-26 01:05:43,0
site6_578_grid_1_0,-1.0,-1.0,0.0,0,none,0.0,2026-05-26 01:05:43,0
site6_578_grid_1_1,-1.0,-1.0,0.0,0,none,0.0,2026-05-26 01:05:43,0
site6_579_grid_0_1,-1.0,-1.0,0.0,0,none,0.0,2026-05-26 01:05:43,0
site6_57_grid_0_1,-1.0,-1.0,0.0,0,none,0.0,2026-05-26 01:05:43,0
site6_57_grid_1_0,-1.0,-1.0,0.0,0,none,0.0,2026-05-26 01:05:43,0
site6_580_grid_0_1,-1.0,-1.0,0.0,0,none,0.0,2026-05-26 01:05:43,0
site6_581_grid_0_1,-1.0,-1.0,0.0,0,none,0.0,2026-05-26 01:05:43,0
site6_581_grid_1_1,-1.0,-1.0,0.0,0,none,0.0,2026-05-26 01:05:43,0
site6_582_grid_0_0,-1.0,-1.0,0.0,0,none,0.0,2026-05-26 01:05:43,0
site6_582_grid_0_1,-1.0,-1.0,0.0,0,none,0.0,2026-05-26 01:05:43,0
site6_588_grid_0_0,-1.0,-1.0,0.0,0,none,0.0,2026-05-26 01:05:43,0
site6_588_grid_1_0,-1.0,-1.0,0.0,0,none,0.0,2026-05-26 01:05:43,0
site6_58_grid_0_0,-1.0,-1.0,0.0,0,none,0.0,2026-05-26 01:05:43,0
site6_58_grid_1_1,-1.0,-1.0,0.0,0,none,0.0,2026-05-26 01:05:43,0
site6_590_grid_1_1,-1.0,-1.0,0.0,0,none,0.0,2026-05-26 01:05:43,0
site6_59_grid_1_1,-1.0,-1.0,0.0,0,none,0.0,2026-05-26 01:05:43,0
site6_600_grid_1_1,-1.0,-1.0,0.0,0,none,0.0,2026-05-26 01:05:43,0
site6_601_grid_0_0,-1.0,-1.0,0.0,0,none,0.0,2026-05-26 01:05:43,0
site6_603_grid_1_1,-1.0,-1.0,0.0,0,none,0.0,2026-05-26 01:05:43,0
site6_604_grid_0_0,-1.0,-1.0,0.0,0,none,0.0,2026-05-26 01:05:43,0
site6_604_grid_0_1,-1.0,-1.0,0.0,0,none,0.0,2026-05-26 01:05:43,0
site6_604_grid_1_0,-1.0,-1.0,0.0,0,none,0.0,2026-05-26 01:05:43,0
site6_607_grid_0_1,-1.0,-1.0,0.0,0,none,0.0,2026-05-26 01:05:43,0
site6_607_grid_1_1,-1.0,-1.0,0.0,0,none,0.0,2026-05-26 01:05:43,0
site6_608_grid_0_1,-1.0,-1.0,0.0,0,none,0.0,2026-05-26 01:05:43,0
site6_608_grid_1_0,-1.0,-1.0,0.0,0,none,0.0,2026-05-26 01:05:43,0
site6_609_grid_1_0,-1.0,-1.0,0.0,0,none,0.0,2026-05-26 01:05:43,0
site6_60_grid_0_0,-1.0,-1.0,0.0,0,none,0.0,2026-05-26 01:05:43,0
site6_610_grid_1_0,-1.0,-1.0,0.0,0,none,0.0,2026-05-26 01:05:43,0
site6_611_grid_1_0,-1.0,-1.0,0.0,0,none,0.0,2026-05-26 01:05:43,0
site6_615_grid_1_1,-1.0,-1.0,0.0,0,none,0.0,2026-05-26 01:05:43,0
site6_619_grid_0_0,-1.0,-1.0,0.0,0,none,0.0,2026-05-26 01:05:43,0
site6_619_grid_1_1,-1.0,-1.0,0.0,0,none,0.0,2026-05-26 01:05:43,0
site6_61_grid_0_1,-1.0,-1.0,0.0,0,none,0.0,2026-05-26 01:05:43,0
site6_622_grid_1_1,-1.0,-1.0,0.0,0,none,0.0,2026-05-26 01:05:43,0
site6_624_grid_1_1,-1.0,-1.0,0.0,0,none,0.0,2026-05-26 01:05:43,0
site6_634_grid_0_1,-1.0,-1.0,0.0,0,none,0.0,2026-05-26 01:05:43,0
site6_635_grid_1_0,-1.0,-1.0,0.0,0,none,0.0,2026-05-26 01:05:43,0
site6_635_grid_1_1,-1.0,-1.0,0.0,0,none,0.0,2026-05-26 01:05:43,0
site6_636_grid_0_1,-1.0,-1.0,0.0,0,none,0.0,2026-05-26 01:05:43,0
site6_638_grid_1_0,-1.0,-1.0,0.0,0,none,0.0,2026-05-26 01:05:43,0
site6_639_grid_0_1,-1.0,-1.0,0.0,0,none,0.0,2026-05-26 01:05:43,0
site6_639_grid_1_0,-1.0,-1.0,0.0,0,none,0.0,2026-05-26 01:05:43,0
site6_639_grid_1_1,-1.0,-1.0,0.0,0,none,0.0,2026-05-26 01:05:43,0
site6_63_grid_1_0,-1.0,-1.0,0.0,0,none,0.0,2026-05-26 01:05:43,0
site6_640_grid_1_1,-1.0,-1.0,0.0,0,none,0.0,2026-05-26 01:05:43,0
site6_642_grid_0_1,-1.0,-1.0,0.0,0,none,0.0,2026-05-26 01:05:43,0
site6_643_grid_0_0,-1.0,-1.0,0.0,0,none,0.0,2026-05-26 01:05:43,0
site6_644_grid_1_0,-1.0,-1.0,0.0,0,none,0.0,2026-05-26 01:05:43,0
site6_645_grid_0_1,-1.0,-1.0,0.0,0,none,0.0,2026-05-26 01:05:43,0
site6_645_grid_1_0,-1.0,-1.0,0.0,0,none,0.0,2026-05-26 01:05:43,0
site6_646_grid_0_1,-1.0,-1.0,0.0,0,none,0.0,2026-05-26 01:05:43,0
site6_647_grid_1_0,-1.0,-1.0,0.0,0,none,0.0,2026-05-26 01:05:43,0
site6_647_grid_1_1,-1.0,-1.0,0.0,0,none,0.0,2026-05-26 01:05:43,0
site6_648_grid_1_0,-1.0,-1.0,0.0,0,none,0.0,2026-05-26 01:05:43,0
site6_64_grid_1_0,-1.0,-1.0,0.0,0,none,0.0,2026-05-26 01:05:43,0
site6_650_grid_0_0,-1.0,-1.0,0.0,0,none,0.0,2026-05-26 01:05:43,0
site6_651_grid_0_0,-1.0,-1.0,0.0,0,none,0.0,2026-05-26 01:05:43,0
site6_651_grid_1_1,-1.0,-1.0,0.0,0,none,0.0,2026-05-26 01:05:43,0
site6_652_grid_1_1,-1.0,-1.0,0.0,0,none,0.0,2026-05-26 01:05:43,0
site6_653_grid_0_0,-1.0,-1.0,0.0,0,none,0.0,2026-05-26 01:05:43,0
site6_654_grid_0_1,-1.0,-1.0,0.0,0,none,0.0,2026-05-26 01:05:43,0
site6_655_grid_1_0,-1.0,-1.0,0.0,0,none,0.0,2026-05-26 01:05:43,0
site6_656_grid_0_1,-1.0,-1.0,0.0,0,none,0.0,2026-05-26 01:05:43,0
site6_656_grid_1_1,-1.0,-1.0,0.0,0,none,0.0,2026-05-26 01:05:43,0
site6_658_grid_0_1,-1.0,-1.0,0.0,0,none,0.0,2026-05-26 01:05:43,0
site6_658_grid_1_1,-1.0,-1.0,0.0,0,none,0.0,2026-05-26 01:05:43,0
site6_659_grid_1_0,-1.0,-1.0,0.0,0,none,0.0,2026-05-26 01:05:43,0
site6_659_grid_1_1,-1.0,-1.0,0.0,0,none,0.0,2026-05-26 01:05:43,0
site6_668_grid_1_0,-1.0,-1.0,0.0,0,none,0.0,2026-05-26 01:05:43,0
site6_669_grid_1_0,-1.0,-1.0,0.0,0,none,0.0,2026-05-26 01:05:43,0
site6_669_grid_1_1,-1.0,-1.0,0.0,0,none,0.0,2026-05-26 01:05:43,0
site6_66_grid_0_1,-1.0,-1.0,0.0,0,none,0.0,2026-05-26 01:05:43,0
site6_670_grid_1_0,-1.0,-1.0,0.0,0,none,0.0,2026-05-26 01:05:43,0
site6_671_grid_1_1,-1.0,-1.0,0.0,0,none,0.0,2026-05-26 01:05:43,0
site6_672_grid_0_0,-1.0,-1.0,0.0,0,none,0.0,2026-05-26 01:05:43,0
site6_672_grid_0_1,-1.0,-1.0,0.0,0,none,0.0,2026-05-26 01:05:43,0
site6_673_grid_0_0,-1.0,-1.0,0.0,0,none,0.0,2026-05-26 01:05:43,0
site6_674_grid_1_1,-1.0,-1.0,0.0,0,none,0.0,2026-05-26 01:05:43,0
site6_675_grid_0_1,69.89,482.59,1.4606,1,Rubble,0.4539,2026-05-26 01:05:43,1
site6_679_grid_0_0,-1.0,-1.0,0.0,0,none,0.0,2026-05-26 01:05:43,0
site6_679_grid_0_1,-1.0,-1.0,0.0,0,none,0.0,2026-05-26 01:05:43,0
site6_67_grid_0_0,-1.0,-1.0,0.0,0,none,0.0,2026-05-26 01:05:43,0
site6_681_grid_1_0,-1.0,-1.0,0.0,0,none,0.0,2026-05-26 01:05:43,0
site6_687_grid_0_1,-1.0,-1.0,0.0,0,none,0.0,2026-05-26 01:05:43,0
site6_687_grid_1_0,-1.0,-1.0,0.0,0,none,0.0,2026-05-26 01:05:43,0
site6_688_grid_0_0,-1.0,-1.0,0.0,0,none,0.0,2026-05-26 01:05:43,0
site6_688_grid_1_1,-1.0,-1.0,0.0,0,none,0.0,2026-05-26 01:05:43,0
site6_690_grid_1_1,-1.0,-1.0,0.0,0,none,0.0,2026-05-26 01:05:43,0
site6_691_grid_0_0,-1.0,-1.0,0.0,0,none,0.0,2026-05-26 01:05:43,0
site6_693_grid_1_0,-1.0,-1.0,0.0,0,none,0.0,2026-05-26 01:05:43,0
site6_694_grid_1_0,-1.0,-1.0,0.0,0,none,0.0,2026-05-26 01:05:43,0
site6_703_grid_1_1,-1.0,-1.0,0.0,0,none,0.0,2026-05-26 01:05:43,0
site6_704_grid_0_0,-1.0,-1.0,0.0,0,none,0.0,2026-05-26 01:05:43,0
site6_704_grid_1_0,-1.0,-1.0,0.0,0,none,0.0,2026-05-26 01:05:43,0
site6_705_grid_1_1,-1.0,-1.0,0.0,0,none,0.0,2026-05-26 01:05:43,0
site6_707_grid_1_0,-1.0,-1.0,0.0,0,none,0.0,2026-05-26 01:05:43,0
site6_708_grid_1_1,-1.0,-1.0,0.0,0,none,0.0,2026-05-26 01:05:43,0
site6_709_grid_0_0,308.28,203.53,4.9046,1,Wood,0.3363,2026-05-26 01:05:43,1
site6_711_grid_0_0,-1.0,-1.0,0.0,0,none,0.0,2026-05-26 01:05:43,0
site6_711_grid_1_1,-1.0,-1.0,0.0,0,none,0.0,2026-05-26 01:05:43,0
site6_714_grid_0_1,-1.0,-1.0,0.0,0,none,0.0,2026-05-26 01:05:43,0
site6_715_grid_0_0,448.12,358.61,6.8008,1,Mixed items,0.4882,2026-05-26 01:05:43,1
site6_718_grid_0_0,-1.0,-1.0,0.0,0,none,0.0,2026-05-26 01:05:43,0
site6_718_grid_1_0,-1.0,-1.0,0.0,0,none,0.0,2026-05-26 01:05:43,0
site6_720_grid_1_1,-1.0,-1.0,0.0,0,none,0.0,2026-05-26 01:05:43,0
site6_721_grid_0_1,-1.0,-1.0,0.0,0,none,0.0,2026-05-26 01:05:43,0
site6_721_grid_1_0,-1.0,-1.0,0.0,0,none,0.0,2026-05-26 01:05:43,0
site6_722_grid_1_0,-1.0,-1.0,0.0,0,none,0.0,2026-05-26 01:05:43,0
site6_723_grid_0_1,-1.0,-1.0,0.0,0,none,0.0,2026-05-26 01:05:43,0
site6_725_grid_0_0,-1.0,-1.0,0.0,0,none,0.0,2026-05-26 01:05:43,0
site6_725_grid_0_1,-1.0,-1.0,0.0,0,none,0.0,2026-05-26 01:05:43,0
site6_726_grid_1_1,-1.0,-1.0,0.0,0,none,0.0,2026-05-26 01:05:43,0
site6_727_grid_1_1,-1.0,-1.0,0.0,0,none,0.0,2026-05-26 01:05:43,0
site6_738_grid_0_0,-1.0,-1.0,0.0,0,none,0.0,2026-05-26 01:05:43,0
site6_740_grid_1_0,-1.0,-1.0,0.0,0,none,0.0,2026-05-26 01:05:43,0
site6_741_grid_1_0,-1.0,-1.0,0.0,0,none,0.0,2026-05-26 01:05:43,0
site6_751_grid_0_0,-1.0,-1.0,0.0,0,none,0.0,2026-05-26 01:05:43,0
site6_751_grid_1_0,-1.0,-1.0,0.0,0,none,0.0,2026-05-26 01:05:43,0
site6_755_grid_0_0,-1.0,-1.0,0.0,0,none,0.0,2026-05-26 01:05:43,0
site6_755_grid_1_1,-1.0,-1.0,0.0,0,none,0.0,2026-05-26 01:05:43,0
site6_756_grid_1_0,-1.0,-1.0,0.0,0,none,0.0,2026-05-26 01:05:43,0
site6_757_grid_0_0,-1.0,-1.0,0.0,0,none,0.0,2026-05-26 01:05:43,0
site6_757_grid_0_1,-1.0,-1.0,0.0,0,none,0.0,2026-05-26 01:05:43,0
site6_758_grid_1_0,-1.0,-1.0,0.0,0,none,0.0,2026-05-26 01:05:43,0
site6_758_grid_1_1,-1.0,-1.0,0.0,0,none,0.0,2026-05-26 01:05:43,0
site6_760_grid_0_0,-1.0,-1.0,0.0,0,none,0.0,2026-05-26 01:05:43,0
site6_761_grid_0_0,-1.0,-1.0,0.0,0,none,0.0,2026-05-26 01:05:43,0
site6_761_grid_0_1,-1.0,-1.0,0.0,0,none,0.0,2026-05-26 01:05:43,0
site6_761_grid_1_0,-1.0,-1.0,0.0,0,none,0.0,2026-05-26 01:05:43,0
site6_762_grid_0_0,-1.0,-1.0,0.0,0,none,0.0,2026-05-26 01:05:43,0
site6_762_grid_0_1,-1.0,-1.0,0.0,0,none,0.0,2026-05-26 01:05:43,0
site6_772_grid_1_0,-1.0,-1.0,0.0,0,none,0.0,2026-05-26 01:05:43,0
site6_774_grid_1_1,-1.0,-1.0,0.0,0,none,0.0,2026-05-26 01:05:43,0
site6_775_grid_0_1,-1.0,-1.0,0.0,0,none,0.0,2026-05-26 01:05:43,0
site6_776_grid_0_1,-1.0,-1.0,0.0,0,none,0.0,2026-05-26 01:05:43,0
site6_776_grid_1_0,-1.0,-1.0,0.0,0,none,0.0,2026-05-26 01:05:43,0
site6_777_grid_0_1,-1.0,-1.0,0.0,0,none,0.0,2026-05-26 01:05:43,0
site6_778_grid_1_0,-1.0,-1.0,0.0,0,none,0.0,2026-05-26 01:05:43,0
site6_779_grid_0_1,-1.0,-1.0,0.0,0,none,0.0,2026-05-26 01:05:43,0
site6_779_grid_1_1,-1.0,-1.0,0.0,0,none,0.0,2026-05-26 01:05:43,0
site6_781_grid_1_1,-1.0,-1.0,0.0,0,none,0.0,2026-05-26 01:05:43,0
site6_782_grid_0_1,-1.0,-1.0,0.0,0,none,0.0,2026-05-26 01:05:43,0
site6_783_grid_0_1,-1.0,-1.0,0.0,0,none,0.0,2026-05-26 01:05:43,0
site6_783_grid_1_1,-1.0,-1.0,0.0,0,none,0.0,2026-05-26 01:05:43,0
site6_784_grid_1_1,-1.0,-1.0,0.0,0,none,0.0,2026-05-26 01:05:43,0
site6_786_grid_1_1,-1.0,-1.0,0.0,0,none,0.0,2026-05-26 01:05:43,0
site6_787_grid_0_1,-1.0,-1.0,0.0,0,none,0.0,2026-05-26 01:05:43,0
site6_787_grid_1_0,-1.0,-1.0,0.0,0,none,0.0,2026-05-26 01:05:43,0
site6_790_grid_0_0,-1.0,-1.0,0.0,0,none,0.0,2026-05-26 01:05:43,0
site6_790_grid_0_1,-1.0,-1.0,0.0,0,none,0.0,2026-05-26 01:05:43,0
site6_792_grid_0_1,-1.0,-1.0,0.0,0,none,0.0,2026-05-26 01:05:43,0
site6_792_grid_1_1,-1.0,-1.0,0.0,0,none,0.0,2026-05-26 01:05:43,0
site6_793_grid_0_1,-1.0,-1.0,0.0,0,none,0.0,2026-05-26 01:05:43,0
site6_794_grid_0_0,-1.0,-1.0,0.0,0,none,0.0,2026-05-26 01:05:43,0
site6_794_grid_0_1,-1.0,-1.0,0.0,0,none,0.0,2026-05-26 01:05:43,0
site6_795_grid_0_0,-1.0,-1.0,0.0,0,none,0.0,2026-05-26 01:05:43,0
site6_795_grid_0_1,-1.0,-1.0,0.0,0,none,0.0,2026-05-26 01:05:43,0
site6_795_grid_1_1,-1.0,-1.0,0.0,0,none,0.0,2026-05-26 01:05:43,0
site6_797_grid_0_1,-1.0,-1.0,0.0,0,none,0.0,2026-05-26 01:05:43,0
site6_809_grid_1_0,-1.0,-1.0,0.0,0,none,0.0,2026-05-26 01:05:43,0
site6_811_grid_0_0,-1.0,-1.0,0.0,0,none,0.0,2026-05-26 01:05:43,0
site6_812_grid_0_0,-1.0,-1.0,0.0,0,none,0.0,2026-05-26 01:05:43,0
site6_813_grid_0_0,-1.0,-1.0,0.0,0,none,0.0,2026-05-26 01:05:43,0
site6_813_grid_1_0,-1.0,-1.0,0.0,0,none,0.0,2026-05-26 01:05:43,0
site6_815_grid_0_1,-1.0,-1.0,0.0,0,none,0.0,2026-05-26 01:05:43,0
site6_815_grid_1_1,-1.0,-1.0,0.0,0,none,0.0,2026-05-26 01:05:43,0
site6_816_grid_1_0,-1.0,-1.0,0.0,0,none,0.0,2026-05-26 01:05:43,0
site6_817_grid_0_0,-1.0,-1.0,0.0,0,none,0.0,2026-05-26 01:05:43,0
site6_817_grid_1_0,-1.0,-1.0,0.0,0,none,0.0,2026-05-26 01:05:43,0
site6_818_grid_1_0,-1.0,-1.0,0.0,0,none,0.0,2026-05-26 01:05:43,0
site6_819_grid_0_0,-1.0,-1.0,0.0,0,none,0.0,2026-05-26 01:05:43,0
site6_819_grid_1_0,-1.0,-1.0,0.0,0,none,0.0,2026-05-26 01:05:43,0
site6_819_grid_1_1,-1.0,-1.0,0.0,0,none,0.0,2026-05-26 01:05:43,0
site6_820_grid_0_0,-1.0,-1.0,0.0,0,none,0.0,2026-05-26 01:05:43,0
site6_820_grid_1_0,-1.0,-1.0,0.0,0,none,0.0,2026-05-26 01:05:43,0
site6_821_grid_1_1,-1.0,-1.0,0.0,0,none,0.0,2026-05-26 01:05:43,0
site6_822_grid_0_1,-1.0,-1.0,0.0,0,none,0.0,2026-05-26 01:05:43,0
site6_823_grid_1_1,-1.0,-1.0,0.0,0,none,0.0,2026-05-26 01:05:43,0
site6_825_grid_1_0,-1.0,-1.0,0.0,0,none,0.0,2026-05-26 01:05:43,0
site6_827_grid_0_0,-1.0,-1.0,0.0,0,none,0.0,2026-05-26 01:05:43,0
site6_829_grid_1_1,-1.0,-1.0,0.0,0,none,0.0,2026-05-26 01:05:43,0
site6_830_grid_1_1,-1.0,-1.0,0.0,0,none,0.0,2026-05-26 01:05:43,0
site6_831_grid_0_0,-1.0,-1.0,0.0,0,none,0.0,2026-05-26 01:05:43,0
site6_831_grid_0_1,-1.0,-1.0,0.0,0,none,0.0,2026-05-26 01:05:43,0
site6_83_grid_0_1,-1.0,-1.0,0.0,0,none,0.0,2026-05-26 01:05:43,0
site6_842_grid_1_1,-1.0,-1.0,0.0,0,none,0.0,2026-05-26 01:05:43,0
site6_843_grid_1_1,-1.0,-1.0,0.0,0,none,0.0,2026-05-26 01:05:43,0
site6_846_grid_1_1,-1.0,-1.0,0.0,0,none,0.0,2026-05-26 01:05:43,0
site6_848_grid_1_0,-1.0,-1.0,0.0,0,none,0.0,2026-05-26 01:05:43,0
site6_84_grid_0_1,-1.0,-1.0,0.0,0,none,0.0,2026-05-26 01:05:43,0
site6_850_grid_1_0,-1.0,-1.0,0.0,0,none,0.0,2026-05-26 01:05:43,0
site6_851_grid_0_1,-1.0,-1.0,0.0,0,none,0.0,2026-05-26 01:05:43,0
site6_852_grid_0_1,-1.0,-1.0,0.0,0,none,0.0,2026-05-26 01:05:43,0
site6_855_grid_1_1,-1.0,-1.0,0.0,0,none,0.0,2026-05-26 01:05:43,0
site6_856_grid_0_0,-1.0,-1.0,0.0,0,none,0.0,2026-05-26 01:05:43,0
site6_856_grid_1_0,-1.0,-1.0,0.0,0,none,0.0,2026-05-26 01:05:43,0
site6_861_grid_0_0,-1.0,-1.0,0.0,0,none,0.0,2026-05-26 01:05:43,0
site6_862_grid_0_1,-1.0,-1.0,0.0,0,none,0.0,2026-05-26 01:05:43,0
site6_862_grid_1_0,-1.0,-1.0,0.0,0,none,0.0,2026-05-26 01:05:43,0
site6_864_grid_0_1,-1.0,-1.0,0.0,0,none,0.0,2026-05-26 01:05:43,0
site6_864_grid_1_1,-1.0,-1.0,0.0,0,none,0.0,2026-05-26 01:05:43,0
site6_866_grid_1_0,-1.0,-1.0,0.0,0,none,0.0,2026-05-26 01:05:43,0
site6_867_grid_1_0,-1.0,-1.0,0.0,0,none,0.0,2026-05-26 01:05:43,0
site6_86_grid_0_1,-1.0,-1.0,0.0,0,none,0.0,2026-05-26 01:05:43,0
site6_877_grid_0_1,-1.0,-1.0,0.0,0,none,0.0,2026-05-26 01:05:43,0
site6_877_grid_1_0,-1.0,-1.0,0.0,0,none,0.0,2026-05-26 01:05:43,0
site6_879_grid_0_0,-1.0,-1.0,0.0,0,none,0.0,2026-05-26 01:05:43,0
site6_879_grid_1_1,-1.0,-1.0,0.0,0,none,0.0,2026-05-26 01:05:43,0
site6_884_grid_1_1,-1.0,-1.0,0.0,0,none,0.0,2026-05-26 01:05:43,0
site6_885_grid_0_1,-1.0,-1.0,0.0,0,none,0.0,2026-05-26 01:05:43,0
site6_886_grid_0_0,-1.0,-1.0,0.0,0,none,0.0,2026-05-26 01:05:43,0
site6_887_grid_0_1,-1.0,-1.0,0.0,0,none,0.0,2026-05-26 01:05:43,0
site6_887_grid_1_0,-1.0,-1.0,0.0,0,none,0.0,2026-05-26 01:05:43,0
site6_888_grid_0_0,-1.0,-1.0,0.0,0,none,0.0,2026-05-26 01:05:43,0
site6_888_grid_1_0,-1.0,-1.0,0.0,0,none,0.0,2026-05-26 01:05:43,0
site6_889_grid_0_0,-1.0,-1.0,0.0,0,none,0.0,2026-05-26 01:05:43,0
site6_889_grid_1_1,-1.0,-1.0,0.0,0,none,0.0,2026-05-26 01:05:43,0
site6_88_grid_1_0,-1.0,-1.0,0.0,0,none,0.0,2026-05-26 01:05:43,0
site6_890_grid_0_1,-1.0,-1.0,0.0,0,none,0.0,2026-05-26 01:05:43,0
site6_894_grid_1_1,-1.0,-1.0,0.0,0,none,0.0,2026-05-26 01:05:43,0
site6_895_grid_0_1,-1.0,-1.0,0.0,0,none,0.0,2026-05-26 01:05:43,0
site6_898_grid_1_1,-1.0,-1.0,0.0,0,none,0.0,2026-05-26 01:05:43,0
site6_899_grid_1_1,-1.0,-1.0,0.0,0,none,0.0,2026-05-26 01:05:43,0
site6_900_grid_0_0,-1.0,-1.0,0.0,0,none,0.0,2026-05-26 01:05:43,0
site6_901_grid_0_0,-1.0,-1.0,0.0,0,none,0.0,2026-05-26 01:05:43,0
site6_901_grid_0_1,-1.0,-1.0,0.0,0,none,0.0,2026-05-26 01:05:43,0
site6_90_grid_1_1,-1.0,-1.0,0.0,0,none,0.0,2026-05-26 01:05:43,0
site6_913_grid_0_0,-1.0,-1.0,0.0,0,none,0.0,2026-05-26 01:05:43,0
site6_913_grid_1_0,-1.0,-1.0,0.0,0,none,0.0,2026-05-26 01:05:43,0
site6_914_grid_0_0,-1.0,-1.0,0.0,0,none,0.0,2026-05-26 01:05:43,0
site6_915_grid_0_0,189.4,465.22,13.821,1,Mixed items,0.643,2026-05-26 01:05:43,1
site6_915_grid_1_1,231.92,409.67,35.1536,1,Scrap,0.5687,2026-05-26 01:05:43,1
site6_917_grid_0_0,-1.0,-1.0,0.0,0,none,0.0,2026-05-26 01:05:43,0
site6_918_grid_0_1,-1.0,-1.0,0.0,0,none,0.0,2026-05-26 01:05:43,0
site6_919_grid_0_1,-1.0,-1.0,0.0,0,none,0.0,2026-05-26 01:05:43,0
site6_91_grid_0_0,-1.0,-1.0,0.0,0,none,0.0,2026-05-26 01:05:43,0
site6_920_grid_1_1,-1.0,-1.0,0.0,0,none,0.0,2026-05-26 01:05:43,0
site6_921_grid_0_0,272.51,106.98,31.6269,1,Excavation materials,0.3859,2026-05-26 01:05:43,1
site6_923_grid_0_0,-1.0,-1.0,0.0,0,none,0.0,2026-05-26 01:05:43,0
site6_924_grid_0_0,-1.0,-1.0,0.0,0,none,0.0,2026-05-26 01:05:43,0
site6_924_grid_0_1,-1.0,-1.0,0.0,0,none,0.0,2026-05-26 01:05:43,0
site6_924_grid_1_1,-1.0,-1.0,0.0,0,none,0.0,2026-05-26 01:05:43,0
site6_925_grid_0_0,-1.0,-1.0,0.0,0,none,0.0,2026-05-26 01:05:43,0
site6_925_grid_1_0,-1.0,-1.0,0.0,0,none,0.0,2026-05-26 01:05:43,0
site6_926_grid_0_0,-1.0,-1.0,0.0,0,none,0.0,2026-05-26 01:05:43,0
site6_92_grid_0_0,-1.0,-1.0,0.0,0,none,0.0,2026-05-26 01:05:43,0
site6_930_grid_1_0,-1.0,-1.0,0.0,0,none,0.0,2026-05-26 01:05:43,0
site6_932_grid_0_1,-1.0,-1.0,0.0,0,none,0.0,2026-05-26 01:05:43,0
site6_933_grid_0_0,-1.0,-1.0,0.0,0,none,0.0,2026-05-26 01:05:43,0
site6_93_grid_1_0,-1.0,-1.0,0.0,0,none,0.0,2026-05-26 01:05:43,0
site6_948_grid_0_1,-1.0,-1.0,0.0,0,none,0.0,2026-05-26 01:05:43,0
site6_949_grid_1_1,-1.0,-1.0,0.0,0,none,0.0,2026-05-26 01:05:43,0
site6_950_grid_0_1,-1.0,-1.0,0.0,0,none,0.0,2026-05-26 01:05:43,0
site6_950_grid_1_0,-1.0,-1.0,0.0,0,none,0.0,2026-05-26 01:05:43,0
site6_951_grid_0_1,-1.0,-1.0,0.0,0,none,0.0,2026-05-26 01:05:43,0
site6_952_grid_0_0,-1.0,-1.0,0.0,0,none,0.0,2026-05-26 01:05:43,0
site6_952_grid_1_1,-1.0,-1.0,0.0,0,none,0.0,2026-05-26 01:05:43,0
site6_955_grid_0_0,-1.0,-1.0,0.0,0,none,0.0,2026-05-26 01:05:43,0
site6_958_grid_1_1,-1.0,-1.0,0.0,0,none,0.0,2026-05-26 01:05:43,0
site6_959_grid_0_0,-1.0,-1.0,0.0,0,none,0.0,2026-05-26 01:05:43,0
site6_962_grid_0_0,-1.0,-1.0,0.0,0,none,0.0,2026-05-26 01:05:43,0
site6_962_grid_1_1,-1.0,-1.0,0.0,0,none,0.0,2026-05-26 01:05:43,0
site6_964_grid_0_0,-1.0,-1.0,0.0,0,none,0.0,2026-05-26 01:05:43,0
site6_966_grid_0_0,-1.0,-1.0,0.0,0,none,0.0,2026-05-26 01:05:43,0
site6_966_grid_1_0,229.64,427.28,5.4668,1,Mixed items,0.3125,2026-05-26 01:05:43,1
site6_966_grid_1_1,101.25,427.8,5.4195,1,Mixed items,0.3748,2026-05-26 01:05:43,1
site6_968_grid_0_0,-1.0,-1.0,0.0,0,none,0.0,2026-05-26 01:05:43,0
site6_968_grid_0_1,-1.0,-1.0,0.0,0,none,0.0,2026-05-26 01:05:43,0
site6_970_grid_0_1,-1.0,-1.0,0.0,0,none,0.0,2026-05-26 01:05:43,0
site6_971_grid_1_1,-1.0,-1.0,0.0,0,none,0.0,2026-05-26 01:05:43,0
site6_985_grid_1_1,-1.0,-1.0,0.0,0,none,0.0,2026-05-26 01:05:43,0
site6_986_grid_0_1,-1.0,-1.0,0.0,0,none,0.0,2026-05-26 01:05:43,0
site6_987_grid_0_0,-1.0,-1.0,0.0,0,none,0.0,2026-05-26 01:05:43,0
site6_988_grid_0_0,-1.0,-1.0,0.0,0,none,0.0,2026-05-26 01:05:43,0
site6_988_grid_0_1,-1.0,-1.0,0.0,0,none,0.0,2026-05-26 01:05:43,0
site6_989_grid_0_1,-1.0,-1.0,0.0,0,none,0.0,2026-05-26 01:05:43,0
site6_989_grid_1_1,453.91,176.21,14.3738,1,Mixed items,0.272,2026-05-26 01:05:43,1
site6_990_grid_1_1,-1.0,-1.0,0.0,0,none,0.0,2026-05-26 01:05:43,0
site6_991_grid_0_0,-1.0,-1.0,0.0,0,none,0.0,2026-05-26 01:05:43,0
site6_991_grid_1_0,147.23,164.02,40.382,1,Mixed items,0.4874,2026-05-26 01:05:43,1
site6_992_grid_0_0,-1.0,-1.0,0.0,0,none,0.0,2026-05-26 01:05:43,0
site6_993_grid_1_0,-1.0,-1.0,0.0,0,none,0.0,2026-05-26 01:05:43,0
site6_999_grid_1_0,-1.0,-1.0,0.0,0,none,0.0,2026-05-26 01:05:43,0
site7_3_grid_0_0,104.34,459.46,8.7509,1,Mixed items,0.4708,2026-05-26 01:05:43,1
site7_3_grid_1_0,155.2,409.84,25.4669,1,Mixed items,0.7535,2026-05-26 01:05:43,1
site7_3_grid_1_1,105.57,428.35,13.7825,1,Mixed items,0.7663,2026-05-26 01:05:43,1
site8_101_grid_1_0,-1.0,-1.0,0.0,0,none,0.0,2026-05-26 01:05:43,0
site8_103_grid_0_1,485.01,275.03,2.8698,1,Scrap,0.2856,2026-05-26 01:05:43,1
site8_103_grid_1_0,-1.0,-1.0,0.0,0,none,0.0,2026-05-26 01:05:43,0
site8_104_grid_0_0,60.66,287.92,4.7489,1,Scrap,0.5071,2026-05-26 01:05:43,1
site8_104_grid_0_1,-1.0,-1.0,0.0,0,none,0.0,2026-05-26 01:05:43,0
site8_106_grid_1_0,-1.0,-1.0,0.0,0,none,0.0,2026-05-26 01:05:43,0
site8_106_grid_1_1,-1.0,-1.0,0.0,0,none,0.0,2026-05-26 01:05:43,0
site8_109_grid_1_1,-1.0,-1.0,0.0,0,none,0.0,2026-05-26 01:05:43,0
site8_112_grid_0_1,-1.0,-1.0,0.0,0,none,0.0,2026-05-26 01:05:43,0
site8_113_grid_0_0,-1.0,-1.0,0.0,0,none,0.0,2026-05-26 01:05:43,0
site8_114_grid_0_0,103.98,385.95,2.1053,1,Construction and demolition materials,0.6,2026-05-26 01:05:43,1
site8_116_grid_1_1,-1.0,-1.0,0.0,0,none,0.0,2026-05-26 01:05:43,0
site8_117_grid_1_1,-1.0,-1.0,0.0,0,none,0.0,2026-05-26 01:05:43,0
site8_118_grid_0_0,-1.0,-1.0,0.0,0,none,0.0,2026-05-26 01:05:43,0
site8_118_grid_1_1,-1.0,-1.0,0.0,0,none,0.0,2026-05-26 01:05:43,0
site8_119_grid_1_1,-1.0,-1.0,0.0,0,none,0.0,2026-05-26 01:05:43,0
site8_121_grid_1_1,-1.0,-1.0,0.0,0,none,0.0,2026-05-26 01:05:43,0
site8_122_grid_0_1,-1.0,-1.0,0.0,0,none,0.0,2026-05-26 01:05:43,0
site8_122_grid_1_0,-1.0,-1.0,0.0,0,none,0.0,2026-05-26 01:05:43,0
site8_124_grid_1_1,189.59,136.1,22.2507,4,Construction and demolition materials,0.4036,2026-05-26 01:05:43,1
site8_125_grid_0_1,-1.0,-1.0,0.0,0,none,0.0,2026-05-26 01:05:43,0
site8_125_grid_1_0,-1.0,-1.0,0.0,0,none,0.0,2026-05-26 01:05:43,0
site8_125_grid_1_1,-1.0,-1.0,0.0,0,none,0.0,2026-05-26 01:05:43,0
site8_126_grid_0_0,-1.0,-1.0,0.0,0,none,0.0,2026-05-26 01:05:43,0
site8_127_grid_1_1,-1.0,-1.0,0.0,0,none,0.0,2026-05-26 01:05:43,0
site8_128_grid_0_0,-1.0,-1.0,0.0,0,none,0.0,2026-05-26 01:05:43,0
site8_128_grid_1_1,-1.0,-1.0,0.0,0,none,0.0,2026-05-26 01:05:43,0
site8_129_grid_1_1,-1.0,-1.0,0.0,0,none,0.0,2026-05-26 01:05:43,0
site8_12_grid_0_1,-1.0,-1.0,0.0,0,none,0.0,2026-05-26 01:05:43,0
site8_131_grid_0_0,-1.0,-1.0,0.0,0,none,0.0,2026-05-26 01:05:43,0
site8_131_grid_1_0,-1.0,-1.0,0.0,0,none,0.0,2026-05-26 01:05:43,0
site8_132_grid_1_0,-1.0,-1.0,0.0,0,none,0.0,2026-05-26 01:05:43,0
site8_133_grid_0_0,465.77,284.55,7.7248,1,Construction and demolition materials,0.6909,2026-05-26 01:05:43,1
site8_133_grid_1_0,448.57,221.38,9.7843,2,Construction and demolition materials,0.7417,2026-05-26 01:05:43,1
site8_134_grid_1_0,327.58,335.19,25.7301,3,Construction and demolition materials,0.5587,2026-05-26 01:05:43,1
site8_136_grid_1_0,-1.0,-1.0,0.0,0,none,0.0,2026-05-26 01:05:43,0
site8_136_grid_1_1,-1.0,-1.0,0.0,0,none,0.0,2026-05-26 01:05:43,0
site8_137_grid_1_0,-1.0,-1.0,0.0,0,none,0.0,2026-05-26 01:05:43,0
site8_138_grid_0_0,-1.0,-1.0,0.0,0,none,0.0,2026-05-26 01:05:43,0
site8_139_grid_1_1,-1.0,-1.0,0.0,0,none,0.0,2026-05-26 01:05:43,0
site8_13_grid_0_0,-1.0,-1.0,0.0,0,none,0.0,2026-05-26 01:05:43,0
site8_13_grid_1_0,-1.0,-1.0,0.0,0,none,0.0,2026-05-26 01:05:43,0
site8_142_grid_0_1,-1.0,-1.0,0.0,0,none,0.0,2026-05-26 01:05:43,0
site8_142_grid_1_0,-1.0,-1.0,0.0,0,none,0.0,2026-05-26 01:05:43,0
site8_144_grid_0_1,-1.0,-1.0,0.0,0,none,0.0,2026-05-26 01:05:43,0
site8_144_grid_1_0,292.32,242.93,60.5526,2,Construction and demolition materials,0.3965,2026-05-26 01:05:43,1
site8_145_grid_0_0,134.55,351.49,11.396,7,Construction and demolition materials,0.3573,2026-05-26 01:05:43,1
site8_145_grid_1_0,175.48,284.43,15.1619,7,Construction and demolition materials,0.4466,2026-05-26 01:05:43,1
site8_145_grid_1_1,315.69,291.1,12.4485,7,Scrap,0.4589,2026-05-26 01:05:43,1
site8_146_grid_0_1,474.37,286.46,1.0822,1,Scrap,0.6469,2026-05-26 01:05:43,1
site8_146_grid_1_0,151.64,266.65,10.4393,7,Scrap,0.4417,2026-05-26 01:05:43,1
site8_147_grid_1_0,364.39,261.1,32.0805,8,Scrap,0.4594,2026-05-26 01:05:43,1
site8_148_grid_0_1,-1.0,-1.0,0.0,0,none,0.0,2026-05-26 01:05:43,0
site8_149_grid_1_0,-1.0,-1.0,0.0,0,none,0.0,2026-05-26 01:05:43,0
site8_14_grid_0_0,-1.0,-1.0,0.0,0,none,0.0,2026-05-26 01:05:43,0
site8_151_grid_1_1,-1.0,-1.0,0.0,0,none,0.0,2026-05-26 01:05:43,0
site8_152_grid_0_1,-1.0,-1.0,0.0,0,none,0.0,2026-05-26 01:05:43,0
site8_152_grid_1_0,-1.0,-1.0,0.0,0,none,0.0,2026-05-26 01:05:43,0
site8_153_grid_0_0,-1.0,-1.0,0.0,0,none,0.0,2026-05-26 01:05:43,0
site8_153_grid_0_1,-1.0,-1.0,0.0,0,none,0.0,2026-05-26 01:05:43,0
site8_153_grid_1_0,-1.0,-1.0,0.0,0,none,0.0,2026-05-26 01:05:43,0
site8_154_grid_1_1,-1.0,-1.0,0.0,0,none,0.0,2026-05-26 01:05:43,0
site8_155_grid_0_1,-1.0,-1.0,0.0,0,none,0.0,2026-05-26 01:05:43,0
site8_156_grid_0_0,321.68,310.64,59.1843,1,Asbestos,0.9104,2026-05-26 01:05:43,1
site8_156_grid_0_1,-1.0,-1.0,0.0,0,none,0.0,2026-05-26 01:05:43,0
site8_157_grid_0_0,62.36,276.08,22.9019,2,Asbestos,0.6755,2026-05-26 01:05:43,1
site8_158_grid_0_0,-1.0,-1.0,0.0,0,none,0.0,2026-05-26 01:05:43,0
site8_158_grid_1_1,-1.0,-1.0,0.0,0,none,0.0,2026-05-26 01:05:43,0
site8_162_grid_0_0,-1.0,-1.0,0.0,0,none,0.0,2026-05-26 01:05:43,0
site8_163_grid_0_1,-1.0,-1.0,0.0,0,none,0.0,2026-05-26 01:05:43,0
site8_163_grid_1_1,-1.0,-1.0,0.0,0,none,0.0,2026-05-26 01:05:43,0
site8_164_grid_0_0,-1.0,-1.0,0.0,0,none,0.0,2026-05-26 01:05:43,0
site8_164_grid_0_1,-1.0,-1.0,0.0,0,none,0.0,2026-05-26 01:05:43,0
site8_164_grid_1_1,-1.0,-1.0,0.0,0,none,0.0,2026-05-26 01:05:43,0
site8_166_grid_0_0,149.51,196.28,3.9459,1,Asbestos,0.3531,2026-05-26 01:05:43,1
site8_168_grid_0_1,57.08,364.75,10.4977,2,Scrap,0.7625,2026-05-26 01:05:43,1
site8_168_grid_1_1,56.97,309.3,15.8634,2,Asbestos,0.766,2026-05-26 01:05:43,1
site8_169_grid_0_0,-1.0,-1.0,0.0,0,none,0.0,2026-05-26 01:05:43,0
site8_171_grid_1_1,-1.0,-1.0,0.0,0,none,0.0,2026-05-26 01:05:43,0
site8_173_grid_1_1,-1.0,-1.0,0.0,0,none,0.0,2026-05-26 01:05:43,0
site8_176_grid_0_1,270.17,128.4,45.7363,1,Asbestos,0.9556,2026-05-26 01:05:43,1
site8_176_grid_1_0,286.19,92.25,22.6078,12,Asbestos,0.6469,2026-05-26 01:05:43,1
site8_177_grid_1_0,92.58,56.78,8.0372,1,Asbestos,0.8959,2026-05-26 01:05:43,1
site8_178_grid_1_1,59.43,49.58,4.4353,1,Asbestos,0.775,2026-05-26 01:05:43,1
site8_181_grid_1_0,-1.0,-1.0,0.0,0,none,0.0,2026-05-26 01:05:43,0
site8_182_grid_1_1,-1.0,-1.0,0.0,0,none,0.0,2026-05-26 01:05:43,0
site8_183_grid_0_1,-1.0,-1.0,0.0,0,none,0.0,2026-05-26 01:05:43,0
site8_183_grid_1_0,-1.0,-1.0,0.0,0,none,0.0,2026-05-26 01:05:43,0
site8_184_grid_0_1,-1.0,-1.0,0.0,0,none,0.0,2026-05-26 01:05:43,0
site8_187_grid_1_1,-1.0,-1.0,0.0,0,none,0.0,2026-05-26 01:05:43,0
site8_188_grid_1_0,160.4,245.67,15.0364,3,Wood,0.3194,2026-05-26 01:05:43,1
site8_191_grid_0_0,-1.0,-1.0,0.0,0,none,0.0,2026-05-26 01:05:43,0
site8_191_grid_1_0,-1.0,-1.0,0.0,0,none,0.0,2026-05-26 01:05:43,0
site8_192_grid_0_1,-1.0,-1.0,0.0,0,none,0.0,2026-05-26 01:05:43,0
site8_192_grid_1_1,-1.0,-1.0,0.0,0,none,0.0,2026-05-26 01:05:43,0
site8_196_grid_0_1,-1.0,-1.0,0.0,0,none,0.0,2026-05-26 01:05:43,0
site8_197_grid_0_1,-1.0,-1.0,0.0,0,none,0.0,2026-05-26 01:05:43,0
site8_199_grid_0_0,17.63,14.03,0.3769,1,Pallets,0.2663,2026-05-26 01:05:43,1
site8_201_grid_0_0,-1.0,-1.0,0.0,0,none,0.0,2026-05-26 01:05:43,0
site8_201_grid_1_0,-1.0,-1.0,0.0,0,none,0.0,2026-05-26 01:05:43,0
site8_201_grid_1_1,-1.0,-1.0,0.0,0,none,0.0,2026-05-26 01:05:43,0
site8_206_grid_0_0,347.57,114.42,11.9835,3,Mixed items,0.481,2026-05-26 01:05:43,1
site8_207_grid_0_1,12.83,251.19,0.3914,1,Pallets,0.4927,2026-05-26 01:05:43,1
site8_208_grid_0_1,57.38,478.09,2.0988,1,Mixed items,0.3196,2026-05-26 01:05:43,1
site8_209_grid_0_1,-1.0,-1.0,0.0,0,none,0.0,2026-05-26 01:05:43,0
site8_209_grid_1_0,-1.0,-1.0,0.0,0,none,0.0,2026-05-26 01:05:43,0
site8_211_grid_0_1,-1.0,-1.0,0.0,0,none,0.0,2026-05-26 01:05:43,0
site8_218_grid_1_0,-1.0,-1.0,0.0,0,none,0.0,2026-05-26 01:05:43,0
site8_218_grid_1_1,465.36,215.8,9.9781,1,Scrap,0.3842,2026-05-26 01:05:43,1
site8_219_grid_1_0,177.85,213.76,39.2738,1,Scrap,0.3673,2026-05-26 01:05:43,1
site8_21_grid_1_1,-1.0,-1.0,0.0,0,none,0.0,2026-05-26 01:05:43,0
site8_221_grid_1_1,-1.0,-1.0,0.0,0,none,0.0,2026-05-26 01:05:43,0
site8_222_grid_0_0,-1.0,-1.0,0.0,0,none,0.0,2026-05-26 01:05:43,0
site8_223_grid_0_1,-1.0,-1.0,0.0,0,none,0.0,2026-05-26 01:05:43,0
site8_223_grid_1_1,-1.0,-1.0,0.0,0,none,0.0,2026-05-26 01:05:43,0
site8_224_grid_0_1,141.34,486.61,1.1299,2,Pallets,0.4436,2026-05-26 01:05:43,1
site8_224_grid_1_0,265.28,376.44,1.0078,1,Pallets,0.6852,2026-05-26 01:05:43,1
site8_225_grid_0_1,-1.0,-1.0,0.0,0,none,0.0,2026-05-26 01:05:43,0
site8_226_grid_1_0,-1.0,-1.0,0.0,0,none,0.0,2026-05-26 01:05:43,0
site8_228_grid_0_1,-1.0,-1.0,0.0,0,none,0.0,2026-05-26 01:05:43,0
site8_233_grid_0_1,62.29,359.08,2.7264,2,Mixed items,0.506,2026-05-26 01:05:43,1
site8_234_grid_1_1,254.68,482.26,6.2988,1,Asbestos,0.9001,2026-05-26 01:05:43,1
site8_235_grid_1_0,216.95,48.5,4.5101,1,Wood,0.2888,2026-05-26 01:05:43,1
site8_235_grid_1_1,88.86,47.91,4.4483,1,Wood,0.3811,2026-05-26 01:05:43,1
site8_236_grid_0_0,-1.0,-1.0,0.0,0,none,0.0,2026-05-26 01:05:43,0
site8_238_grid_0_0,-1.0,-1.0,0.0,0,none,0.0,2026-05-26 01:05:43,0
site8_242_grid_1_1,-1.0,-1.0,0.0,0,none,0.0,2026-05-26 01:05:43,0
site8_243_grid_0_0,-1.0,-1.0,0.0,0,none,0.0,2026-05-26 01:05:43,0
site8_244_grid_1_1,-1.0,-1.0,0.0,0,none,0.0,2026-05-26 01:05:43,0
site8_245_grid_0_0,279.71,23.91,0.7637,1,Vehicles,0.3644,2026-05-26 01:05:43,1
site8_245_grid_0_1,151.68,23.96,0.7637,1,Vehicles,0.5892,2026-05-26 01:05:43,1
site8_246_grid_0_0,-1.0,-1.0,0.0,0,none,0.0,2026-05-26 01:05:43,0
site8_246_grid_1_0,-1.0,-1.0,0.0,0,none,0.0,2026-05-26 01:05:43,0
site8_248_grid_1_0,-1.0,-1.0,0.0,0,none,0.0,2026-05-26 01:05:43,0
site8_24_grid_0_1,-1.0,-1.0,0.0,0,none,0.0,2026-05-26 01:05:43,0
site8_24_grid_1_0,-1.0,-1.0,0.0,0,none,0.0,2026-05-26 01:05:43,0
site8_252_grid_0_1,-1.0,-1.0,0.0,0,none,0.0,2026-05-26 01:05:43,0
site8_254_grid_0_1,141.98,229.98,3.603,1,Asbestos,0.328,2026-05-26 01:05:43,1
site8_254_grid_1_1,270.25,239.65,51.5041,2,Asbestos,0.5256,2026-05-26 01:05:43,1
site8_257_grid_1_0,-1.0,-1.0,0.0,0,none,0.0,2026-05-26 01:05:43,0
site8_257_grid_1_1,-1.0,-1.0,0.0,0,none,0.0,2026-05-26 01:05:43,0
site8_26_grid_1_1,262.61,456.04,19.2657,1,Asbestos,0.2976,2026-05-26 01:05:43,1
site8_31_grid_1_0,-1.0,-1.0,0.0,0,none,0.0,2026-05-26 01:05:43,0
site8_31_grid_1_1,-1.0,-1.0,0.0,0,none,0.0,2026-05-26 01:05:43,0
site8_32_grid_1_0,-1.0,-1.0,0.0,0,none,0.0,2026-05-26 01:05:43,0
site8_34_grid_0_0,-1.0,-1.0,0.0,0,none,0.0,2026-05-26 01:05:43,0
site8_35_grid_0_0,482.29,233.82,10.9467,1,Asbestos,0.6021,2026-05-26 01:05:43,1
site8_41_grid_1_1,-1.0,-1.0,0.0,0,none,0.0,2026-05-26 01:05:43,0
site8_43_grid_1_1,-1.0,-1.0,0.0,0,none,0.0,2026-05-26 01:05:43,0
site8_45_grid_0_1,441.33,72.87,8.2512,1,Asbestos,0.8734,2026-05-26 01:05:43,1
site8_46_grid_1_0,260.46,38.01,14.0251,1,Asbestos,0.5387,2026-05-26 01:05:43,1
site8_48_grid_1_0,-1.0,-1.0,0.0,0,none,0.0,2026-05-26 01:05:43,0
site8_4_grid_0_1,-1.0,-1.0,0.0,0,none,0.0,2026-05-26 01:05:43,0
site8_52_grid_0_0,-1.0,-1.0,0.0,0,none,0.0,2026-05-26 01:05:43,0
site8_53_grid_1_1,-1.0,-1.0,0.0,0,none,0.0,2026-05-26 01:05:43,0
site8_54_grid_1_0,-1.0,-1.0,0.0,0,none,0.0,2026-05-26 01:05:43,0
site8_55_grid_0_1,-1.0,-1.0,0.0,0,none,0.0,2026-05-26 01:05:43,0
site8_58_grid_0_1,53.11,317.31,6.5624,1,Mixed items,0.6299,2026-05-26 01:05:43,1
site8_5_grid_1_0,-1.0,-1.0,0.0,0,none,0.0,2026-05-26 01:05:43,0
site8_5_grid_1_1,-1.0,-1.0,0.0,0,none,0.0,2026-05-26 01:05:43,0
site8_61_grid_0_0,-1.0,-1.0,0.0,0,none,0.0,2026-05-26 01:05:43,0
site8_61_grid_1_0,-1.0,-1.0,0.0,0,none,0.0,2026-05-26 01:05:43,0
site8_62_grid_0_0,-1.0,-1.0,0.0,0,none,0.0,2026-05-26 01:05:43,0
site8_63_grid_0_0,-1.0,-1.0,0.0,0,none,0.0,2026-05-26 01:05:43,0
site8_64_grid_0_1,-1.0,-1.0,0.0,0,none,0.0,2026-05-26 01:05:43,0
site8_67_grid_1_0,-1.0,-1.0,0.0,0,none,0.0,2026-05-26 01:05:43,0
site8_68_grid_1_0,-1.0,-1.0,0.0,0,none,0.0,2026-05-26 01:05:43,0
site8_73_grid_1_1,-1.0,-1.0,0.0,0,none,0.0,2026-05-26 01:05:43,0
site8_74_grid_0_0,-1.0,-1.0,0.0,0,none,0.0,2026-05-26 01:05:43,0
site8_74_grid_1_0,-1.0,-1.0,0.0,0,none,0.0,2026-05-26 01:05:43,0
site8_75_grid_1_1,-1.0,-1.0,0.0,0,none,0.0,2026-05-26 01:05:43,0
site8_76_grid_1_1,-1.0,-1.0,0.0,0,none,0.0,2026-05-26 01:05:43,0
site8_79_grid_1_1,-1.0,-1.0,0.0,0,none,0.0,2026-05-26 01:05:43,0
site8_81_grid_0_0,-1.0,-1.0,0.0,0,none,0.0,2026-05-26 01:05:43,0
site8_81_grid_1_1,-1.0,-1.0,0.0,0,none,0.0,2026-05-26 01:05:43,0
site8_82_grid_1_0,-1.0,-1.0,0.0,0,none,0.0,2026-05-26 01:05:43,0
site8_83_grid_1_0,-1.0,-1.0,0.0,0,none,0.0,2026-05-26 01:05:43,0
site8_83_grid_1_1,-1.0,-1.0,0.0,0,none,0.0,2026-05-26 01:05:43,0
site8_85_grid_0_0,-1.0,-1.0,0.0,0,none,0.0,2026-05-26 01:05:43,0
site8_85_grid_0_1,-1.0,-1.0,0.0,0,none,0.0,2026-05-26 01:05:43,0
site8_86_grid_1_0,-1.0,-1.0,0.0,0,none,0.0,2026-05-26 01:05:43,0
site8_87_grid_1_1,-1.0,-1.0,0.0,0,none,0.0,2026-05-26 01:05:43,0
site8_88_grid_1_1,-1.0,-1.0,0.0,0,none,0.0,2026-05-26 01:05:43,0
site8_91_grid_0_1,-1.0,-1.0,0.0,0,none,0.0,2026-05-26 01:05:43,0
site8_91_grid_1_1,-1.0,-1.0,0.0,0,none,0.0,2026-05-26 01:05:43,0
site8_93_grid_1_1,357.33,68.92,6.3698,1,Construction and demolition materials,0.3107,2026-05-26 01:05:43,1
site8_95_grid_0_0,-1.0,-1.0,0.0,0,none,0.0,2026-05-26 01:05:43,0
site8_95_grid_1_1,-1.0,-1.0,0.0,0,none,0.0,2026-05-26 01:05:43,0
site8_96_grid_1_0,-1.0,-1.0,0.0,0,none,0.0,2026-05-26 01:05:43,0
site8_97_grid_1_1,-1.0,-1.0,0.0,0,none,0.0,2026-05-26 01:05:43,0
site8_98_grid_0_1,-1.0,-1.0,0.0,0,none,0.0,2026-05-26 01:05:43,0
site9_100_grid_0_0,-1.0,-1.0,0.0,0,none,0.0,2026-05-26 01:05:43,0
site9_102_grid_0_0,-1.0,-1.0,0.0,0,none,0.0,2026-05-26 01:05:43,0
site9_104_grid_1_1,-1.0,-1.0,0.0,0,none,0.0,2026-05-26 01:05:43,0
site9_105_grid_1_0,-1.0,-1.0,0.0,0,none,0.0,2026-05-26 01:05:43,0
site9_106_grid_0_0,-1.0,-1.0,0.0,0,none,0.0,2026-05-26 01:05:43,0
site9_106_grid_0_1,-1.0,-1.0,0.0,0,none,0.0,2026-05-26 01:05:43,0
site9_111_grid_0_0,346.94,430.29,0.3506,1,Plastic packaging,0.4694,2026-05-26 01:05:43,1
site9_112_grid_1_0,-1.0,-1.0,0.0,0,none,0.0,2026-05-26 01:05:43,0
site9_114_grid_0_1,-1.0,-1.0,0.0,0,none,0.0,2026-05-26 01:05:43,0
site9_115_grid_0_1,-1.0,-1.0,0.0,0,none,0.0,2026-05-26 01:05:43,0
site9_115_grid_1_1,-1.0,-1.0,0.0,0,none,0.0,2026-05-26 01:05:43,0
site9_117_grid_0_1,433.84,302.17,14.901,1,Construction and demolition materials,0.5681,2026-05-26 01:05:43,1
site9_125_grid_0_1,-1.0,-1.0,0.0,0,none,0.0,2026-05-26 01:05:43,0
site9_126_grid_1_0,-1.0,-1.0,0.0,0,none,0.0,2026-05-26 01:05:43,0
site9_127_grid_0_1,270.49,89.23,18.1831,1,Rubble,0.3548,2026-05-26 01:05:43,1
site9_128_grid_1_1,-1.0,-1.0,0.0,0,none,0.0,2026-05-26 01:05:43,0
site9_15_grid_0_0,-1.0,-1.0,0.0,0,none,0.0,2026-05-26 01:05:43,0
site9_15_grid_0_1,-1.0,-1.0,0.0,0,none,0.0,2026-05-26 01:05:43,0
site9_16_grid_1_0,-1.0,-1.0,0.0,0,none,0.0,2026-05-26 01:05:43,0
site9_17_grid_1_0,-1.0,-1.0,0.0,0,none,0.0,2026-05-26 01:05:43,0
site9_26_grid_1_0,-1.0,-1.0,0.0,0,none,0.0,2026-05-26 01:05:43,0
site9_26_grid_1_1,-1.0,-1.0,0.0,0,none,0.0,2026-05-26 01:05:43,0
site9_28_grid_0_1,-1.0,-1.0,0.0,0,none,0.0,2026-05-26 01:05:43,0
site9_29_grid_1_0,-1.0,-1.0,0.0,0,none,0.0,2026-05-26 01:05:43,0
site9_30_grid_1_1,196.5,193.93,0.2811,1,Plastic packaging,0.4124,2026-05-26 01:05:43,1
site9_32_grid_0_1,220.69,144.31,48.0934,1,Scrap,0.8378,2026-05-26 01:05:43,1
site9_32_grid_1_0,-1.0,-1.0,0.0,0,none,0.0,2026-05-26 01:05:43,0
site9_32_grid_1_1,209.35,86.12,26.4099,2,Scrap,0.5619,2026-05-26 01:05:43,1
site9_36_grid_1_1,-1.0,-1.0,0.0,0,none,0.0,2026-05-26 01:05:43,0
site9_37_grid_1_0,236.26,360.36,12.7239,20,Rubble,0.5744,2026-05-26 01:05:43,1
site9_38_grid_0_1,-1.0,-1.0,0.0,0,none,0.0,2026-05-26 01:05:43,0
site9_38_grid_1_0,-1.0,-1.0,0.0,0,none,0.0,2026-05-26 01:05:43,0
site9_40_grid_1_1,317.27,359.58,49.2622,14,Pallets,0.6886,2026-05-26 01:05:43,1
site9_41_grid_0_0,226.36,381.5,46.6347,14,Pallets,0.6198,2026-05-26 01:05:43,1
site9_41_grid_0_1,180.84,393.63,34.6031,10,Pallets,0.6328,2026-05-26 01:05:43,1
site9_43_grid_1_0,-1.0,-1.0,0.0,0,none,0.0,2026-05-26 01:05:43,0
site9_48_grid_0_0,142.88,121.04,11.0355,59,Tyres,0.5909,2026-05-26 01:05:43,1
site9_48_grid_1_0,95.42,227.12,4.4441,13,Tyres,0.6301,2026-05-26 01:05:43,1
site9_49_grid_0_0,468.35,434.51,5.5107,1,Wood,0.5676,2026-05-26 01:05:43,1
site9_51_grid_0_1,249.53,193.19,40.0921,25,Pallets,0.593,2026-05-26 01:05:43,1
site9_52_grid_0_0,255.65,272.23,15.5098,22,Pallets,0.5825,2026-05-26 01:05:43,1
site9_52_grid_1_1,235.14,262.47,17.2085,24,Pallets,0.6293,2026-05-26 01:05:43,1
site9_57_grid_0_0,-1.0,-1.0,0.0,0,none,0.0,2026-05-26 01:05:43,0
site9_59_grid_0_0,43.89,104.34,6.0795,1,Mixed items,0.419,2026-05-26 01:05:43,1
site9_59_grid_1_0,-1.0,-1.0,0.0,0,none,0.0,2026-05-26 01:05:43,0
site9_60_grid_1_1,212.88,418.79,26.1562,3,Mixed items,0.5419,2026-05-26 01:05:43,1
site9_61_grid_0_0,264.06,167.06,46.7117,35,Pallets,0.6211,2026-05-26 01:05:43,1
site9_61_grid_0_1,254.85,157.99,44.619,29,Pallets,0.5776,2026-05-26 01:05:43,1
site9_62_grid_1_0,278.77,297.45,19.981,30,Pallets,0.5399,2026-05-26 01:05:43,1
site9_69_grid_0_0,372.34,467.15,0.2831,1,Plastic packaging,0.4191,2026-05-26 01:05:43,1
site9_71_grid_1_0,-1.0,-1.0,0.0,0,none,0.0,2026-05-26 01:05:43,0
site9_72_grid_0_1,258.1,109.35,38.2607,7,Pallets,0.8128,2026-05-26 01:05:43,1
site9_73_grid_1_0,221.74,250.27,0.882,1,Pallets,0.8155,2026-05-26 01:05:43,1
site9_73_grid_1_1,208.34,154.75,48.2933,4,Mixed items,0.5703,2026-05-26 01:05:43,1
site9_74_grid_0_1,243.41,132.8,43.2751,29,Pallets,0.6442,2026-05-26 01:05:43,1
site9_74_grid_1_0,252.29,65.32,22.4319,7,Pallets,0.5602,2026-05-26 01:05:43,1
site9_75_grid_1_0,333.69,77.78,17.9977,4,Pallets,0.5893,2026-05-26 01:05:43,1
site9_79_grid_1_1,-1.0,-1.0,0.0,0,none,0.0,2026-05-26 01:05:43,0
site9_80_grid_1_0,42.98,86.3,6.044,1,Mixed items,0.571,2026-05-26 01:05:43,1
site9_85_grid_0_0,-1.0,-1.0,0.0,0,none,0.0,2026-05-26 01:05:43,0
site9_92_grid_1_0,-1.0,-1.0,0.0,0,none,0.0,2026-05-26 01:05:43,0
site9_94_grid_1_0,-1.0,-1.0,0.0,0,none,0.0,2026-05-26 01:05:43,0
site9_96_grid_0_0,-1.0,-1.0,0.0,0,none,0.0,2026-05-26 01:05:43,0
